OrderID,OrderDate,Region,SalesChannel,CustomerSegment,SalesRep,ProductCategory,Product,Quantity,UnitPrice,DiscountPct,UnitCost,Revenue,Cost,Profit,ProfitMarginPct,OrderMonth,OrderYear,Weekday
ORD102132,2024-04-06,South,Online,Consumer,Rep_02,Sports & Outdoors,Camping Tent,4,144.58,20.0,91.36,462.66,365.44,97.22,21.01,2024-04,2024,Saturday
ORD102470,2025-09-15,East,Online,Consumer,Rep_13,Beauty,Face Serum,2,57.39,0.0,33.55,114.78,67.1,47.68,41.54,2025-09,2025,Monday
ORD100002,2024-08-29,South,Marketplace,Small Business,Rep_02,Apparel,Denim Jacket,1,55.69,0.0,35.14,55.69,35.14,20.55,36.9,2024-08,2024,Thursday
ORD100301,2025-04-01,North,In-Store,Consumer,Rep_06,Apparel,Yoga Pants,4,70.7,20.0,39.02,226.24,156.08,70.16,31.01,2025-04,2025,Tuesday
ORD101418,2025-10-28,West,In-Store,Consumer,Rep_06,Beauty,Face Serum,3,25.56,0.0,14.77,76.68,44.31,32.37,42.21,2025-10,2025,Tuesday
ORD101819,2024-06-01,East,Online,Enterprise,Rep_08,Home & Kitchen,Cookware Set,6,91.92,5.0,56.54,523.94,339.24,184.7,35.25,2024-06,2024,Saturday
ORD101509,2025-07-28,West,In-Store,Enterprise,Rep_14,Home & Kitchen,Air Fryer,3,166.5,0.0,80.08,499.5,240.24,259.26,51.9,2025-07,2025,Monday
ORD100694,2024-01-18,North,Online,Small Business,Rep_14,Home & Kitchen,Cookware Set,1,73.16,0.0,34.17,73.16,34.17,38.99,53.29,2024-01,2024,Thursday
ORD102217,2024-04-09,East,Online,Enterprise,Rep_04,Home & Kitchen,Coffee Maker,5,26.57,15.0,17.87,112.92,89.35,23.57,20.87,2024-04,2024,Tuesday
ORD102380,2025-05-03,West,Online,Consumer,Rep_04,Beauty,Skincare Set,4,26.95,15.0,13.94,91.63,55.76,35.87,39.15,2025-05,2025,Saturday
ORD101042,2024-10-21,East,Marketplace,Consumer,Rep_05,Home & Kitchen,Vacuum Cleaner,5,149.48,20.0,86.13,597.92,430.65,167.27,27.98,2024-10,2024,Monday
ORD101489,2024-02-23,East,In-Store,Consumer,Rep_09,Home & Kitchen,Coffee Maker,2,80.22,0.0,40.98,160.44,81.96,78.48,48.92,2024-02,2024,Friday
ORD101651,2024-04-15,South,Online,Consumer,Rep_14,Apparel,Denim Jacket,4,75.07,0.0,42.15,300.28,168.6,131.68,43.85,2024-04,2024,Monday
ORD100820,2025-09-13,North,In-Store,Small Business,Rep_07,Apparel,Winter Coat,3,110.95,0.0,69.84,332.85,209.52,123.33,37.05,2025-09,2025,Saturday
ORD102065,2025-06-05,East,In-Store,Consumer,Rep_11,Home & Kitchen,Cookware Set,4,66.75,5.0,33.71,253.65,134.84,118.81,46.84,2025-06,2025,Thursday
ORD102444,2024-09-30,North,Online,Consumer,Rep_13,Apparel,Running Shoes,3,91.51,5.0,52.61,260.8,157.83,102.97,39.48,2024-09,2024,Monday
ORD101159,2025-04-17,East,In-Store,Consumer,Rep_03,Home & Kitchen,Vacuum Cleaner,2,90.09,5.0,44.78,171.17,89.56,81.61,47.68,2025-04,2025,Thursday
ORD102008,2025-09-24,North,Online,Small Business,Rep_12,Apparel,Running Shoes,2,60.35,0.0,34.35,120.7,68.7,52.0,43.08,2025-09,2025,Wednesday
ORD101337,2024-12-23,West,In-Store,Consumer,Rep_05,Apparel,Denim Jacket,2,25.75,0.0,13.05,51.5,26.1,25.4,49.32,2024-12,2024,Monday
ORD100328,2024-03-19,East,Online,Small Business,Rep_10,Electronics,Power Bank,3,98.23,0.0,52.35,294.69,157.05,137.64,46.71,2024-03,2024,Tuesday
ORD102340,2024-07-03,North,Online,Consumer,Rep_01,Beauty,Perfume,7,71.39,0.0,46.07,499.73,322.49,177.24,35.47,2024-07,2024,Wednesday
ORD100929,2024-06-14,North,In-Store,Enterprise,Rep_15,Beauty,Hair Dryer,5,74.13,0.0,47.94,370.65,239.7,130.95,35.33,2024-06,2024,Friday
ORD102560,2024-07-07,West,In-Store,Consumer,Rep_15,Home & Kitchen,Cookware Set,3,126.84,0.0,59.18,380.52,177.54,202.98,53.34,2024-07,2024,Sunday
ORD101344,2024-06-27,West,In-Store,Consumer,Rep_08,Home & Kitchen,Air Fryer,1,85.27,0.0,43.46,85.27,43.46,41.81,49.03,2024-06,2024,Thursday
ORD101675,2025-02-05,North,In-Store,Consumer,Rep_13,Apparel,Yoga Pants,1,91.0,0.0,54.68,91.0,54.68,36.32,39.91,2025-02,2025,Wednesday
ORD102014,2025-06-14,East,In-Store,Consumer,Rep_04,Home & Kitchen,Air Fryer,5,119.73,0.0,67.94,598.65,339.7,258.95,43.26,2025-06,2025,Saturday
ORD101377,2025-03-06,North,Online,Small Business,Rep_12,Electronics,Smartwatch,1,161.91,0.0,106.28,161.91,106.28,55.63,34.36,2025-03,2025,Thursday
ORD100517,2024-03-06,East,Online,Consumer,Rep_14,Home & Kitchen,Vacuum Cleaner,1,169.97,0.0,106.86,169.97,106.86,63.11,37.13,2024-03,2024,Wednesday
ORD101396,2025-12-10,South,Marketplace,Consumer,Rep_04,Sports & Outdoors,Water Bottle,6,48.22,0.0,26.42,289.32,158.52,130.8,45.21,2025-12,2025,Wednesday
ORD102305,2025-12-06,South,Online,Consumer,Rep_09,Apparel,Denim Jacket,10,94.8,0.0,50.79,948.0,507.9,440.1,46.42,2025-12,2025,Saturday
ORD100241,2024-11-25,East,Marketplace,Consumer,Rep_15,Home & Kitchen,Vacuum Cleaner,7,108.89,0.0,50.74,762.23,355.18,407.05,53.4,2024-11,2024,Monday
ORD100997,2025-12-09,West,Marketplace,Consumer,Rep_06,Home & Kitchen,Vacuum Cleaner,7,44.48,0.0,23.27,311.36,162.89,148.47,47.68,2025-12,2025,Tuesday
ORD102252,2025-09-03,South,Marketplace,Consumer,Rep_13,Apparel,Yoga Pants,3,29.05,10.0,16.81,78.44,50.43,28.01,35.71,2025-09,2025,Wednesday
ORD102203,2025-08-12,East,Online,Consumer,Rep_02,Home & Kitchen,Coffee Maker,4,60.61,0.0,37.58,242.44,150.32,92.12,38.0,2025-08,2025,Tuesday
ORD100151,2025-09-20,East,In-Store,Consumer,Rep_14,Apparel,Backpack,8,101.41,20.0,55.43,649.02,443.44,205.58,31.68,2025-09,2025,Saturday
ORD101408,2025-07-21,North,Marketplace,Consumer,Rep_02,Electronics,Smartwatch,2,67.9,0.0,39.24,135.8,78.48,57.32,42.21,2025-07,2025,Monday
ORD101029,2024-11-30,West,Online,Small Business,Rep_03,Beauty,Perfume,7,42.21,0.0,25.1,295.47,175.7,119.77,40.54,2024-11,2024,Saturday
ORD100735,2024-08-24,South,Online,Small Business,Rep_05,Apparel,Running Shoes,3,115.08,5.0,62.81,327.98,188.43,139.55,42.55,2024-08,2024,Saturday
ORD101966,2024-03-21,West,Online,Consumer,Rep_07,Beauty,Perfume,2,88.53,5.0,55.84,168.21,111.68,56.53,33.61,2024-03,2024,Thursday
ORD102096,2025-12-01,East,Online,Small Business,Rep_08,Beauty,Hair Dryer,2,15.94,0.0,8.08,31.88,16.16,15.72,49.31,2025-12,2025,Monday
ORD100762,2025-12-29,East,In-Store,Consumer,Rep_08,Apparel,Running Shoes,4,69.03,0.0,33.98,276.12,135.92,140.2,50.78,2025-12,2025,Monday
ORD101287,2025-11-21,North,Marketplace,Consumer,Rep_11,Apparel,Backpack,1,38.75,0.0,17.44,38.75,17.44,21.31,54.99,2025-11,2025,Friday
ORD101549,2024-09-18,North,Online,Small Business,Rep_09,Beauty,Skincare Set,6,67.66,20.0,30.61,324.77,183.66,141.11,43.45,2024-09,2024,Wednesday
ORD100676,2024-05-29,South,Online,Small Business,Rep_09,Apparel,Running Shoes,2,74.11,20.0,46.51,118.58,93.02,25.56,21.56,2024-05,2024,Wednesday
ORD101684,2025-08-25,North,Online,Consumer,Rep_01,Home & Kitchen,Air Fryer,2,151.65,0.0,85.47,303.3,170.94,132.36,43.64,2025-08,2025,Monday
ORD101354,2024-06-25,East,Online,Consumer,Rep_03,Home & Kitchen,Air Fryer,5,82.5,0.0,52.8,412.5,264.0,148.5,36.0,2024-06,2024,Tuesday
ORD100398,2024-03-07,East,Online,Enterprise,Rep_05,Apparel,Winter Coat,5,81.8,0.0,44.67,409.0,223.35,185.65,45.39,2024-03,2024,Thursday
ORD100873,2025-01-08,East,In-Store,Small Business,Rep_03,Apparel,Backpack,4,62.62,5.0,37.2,237.96,148.8,89.16,37.47,2025-01,2025,Wednesday
ORD101906,2024-12-09,West,Online,Consumer,Rep_03,Beauty,Hair Dryer,5,72.3,10.0,41.79,325.35,208.95,116.4,35.78,2024-12,2024,Monday
ORD102344,2024-06-24,North,In-Store,Small Business,Rep_07,Electronics,Laptop Stand,9,168.38,0.0,107.67,1515.42,969.03,546.39,36.06,2024-06,2024,Monday
ORD102076,2024-10-20,West,Marketplace,Enterprise,Rep_07,Electronics,Wireless Earbuds,2,146.12,0.0,85.85,292.24,171.7,120.54,41.25,2024-10,2024,Sunday
ORD100186,2025-01-10,West,Online,Consumer,Rep_11,Electronics,Wireless Earbuds,7,200.16,0.0,91.79,1401.12,642.53,758.59,54.14,2025-01,2025,Friday
ORD100414,2025-07-21,South,In-Store,Consumer,Rep_05,Sports & Outdoors,Water Bottle,5,52.14,5.0,25.03,247.66,125.15,122.51,49.47,2025-07,2025,Monday
ORD101002,2025-11-27,South,In-Store,Small Business,Rep_11,Apparel,Yoga Pants,2,16.09,0.0,8.7,32.18,17.4,14.78,45.93,2025-11,2025,Thursday
ORD100801,2025-12-20,East,Online,Small Business,Rep_04,Sports & Outdoors,Cycling Helmet,4,55.71,0.0,29.02,222.84,116.08,106.76,47.91,2025-12,2025,Saturday
ORD101487,2024-08-31,North,Marketplace,Consumer,Rep_01,Apparel,Denim Jacket,3,40.29,0.0,22.57,120.87,67.71,53.16,43.98,2024-08,2024,Saturday
ORD100026,2025-01-16,North,In-Store,Consumer,Rep_04,Apparel,Backpack,4,24.63,15.0,12.79,83.74,51.16,32.58,38.91,2025-01,2025,Thursday
ORD101824,2024-07-09,East,Online,Consumer,Rep_03,Home & Kitchen,Vacuum Cleaner,2,135.81,0.0,66.78,271.62,133.56,138.06,50.83,2024-07,2024,Tuesday
ORD100419,2025-01-19,South,In-Store,Consumer,Rep_10,Sports & Outdoors,Water Bottle,3,102.91,5.0,52.82,293.29,158.46,134.83,45.97,2025-01,2025,Sunday
ORD102283,2025-05-29,West,In-Store,Consumer,Rep_09,Sports & Outdoors,Yoga Mat,4,60.51,0.0,28.38,242.04,113.52,128.52,53.1,2025-05,2025,Thursday
ORD100705,2024-12-16,North,Marketplace,Small Business,Rep_09,Electronics,Bluetooth Speaker,2,127.26,0.0,62.29,254.52,124.58,129.94,51.05,2024-12,2024,Monday
ORD100631,2025-06-12,East,Marketplace,Consumer,Rep_10,Home & Kitchen,Air Fryer,4,129.81,0.0,59.95,519.24,239.8,279.44,53.82,2025-06,2025,Thursday
ORD101450,2025-07-10,East,Online,Consumer,Rep_14,Home & Kitchen,Vacuum Cleaner,2,89.62,0.0,40.47,179.24,80.94,98.3,54.84,2025-07,2025,Thursday
ORD101558,2024-05-11,West,Online,Consumer,Rep_09,Home & Kitchen,Air Fryer,3,114.46,0.0,75.74,343.38,227.22,116.16,33.83,2024-05,2024,Saturday
ORD101753,2025-12-22,South,Online,Small Business,Rep_10,Home & Kitchen,Blender,7,171.99,5.0,82.33,1143.73,576.31,567.42,49.61,2025-12,2025,Monday
ORD102377,2024-02-22,East,In-Store,Small Business,Rep_01,Home & Kitchen,Air Fryer,4,93.83,5.0,44.82,356.55,179.28,177.27,49.72,2024-02,2024,Thursday
ORD101649,2025-06-05,West,Marketplace,Consumer,Rep_15,Home & Kitchen,Air Fryer,3,47.81,0.0,28.98,143.43,86.94,56.49,39.39,2025-06,2025,Thursday
ORD102084,2024-09-30,North,Online,Consumer,Rep_12,Electronics,Smartwatch,6,43.0,15.0,28.54,219.3,171.24,48.06,21.92,2024-09,2024,Monday
ORD102004,2024-06-19,East,Marketplace,Consumer,Rep_07,Beauty,Perfume,3,88.1,0.0,41.01,264.3,123.03,141.27,53.45,2024-06,2024,Wednesday
ORD101075,2024-08-16,North,Marketplace,Consumer,Rep_14,Sports & Outdoors,Yoga Mat,6,44.92,10.0,23.56,242.57,141.36,101.21,41.72,2024-08,2024,Friday
ORD101800,2024-05-13,West,In-Store,Small Business,Rep_04,Home & Kitchen,Cookware Set,3,159.3,0.0,95.05,477.9,285.15,192.75,40.33,2024-05,2024,Monday
ORD101224,2025-09-18,West,Online,Consumer,Rep_11,Electronics,Power Bank,2,41.7,0.0,26.15,83.4,52.3,31.1,37.29,2025-09,2025,Thursday
ORD100356,2024-02-23,North,Marketplace,Consumer,Rep_04,Home & Kitchen,Cookware Set,1,129.9,0.0,61.94,129.9,61.94,67.96,52.32,2024-02,2024,Friday
ORD100506,2025-02-20,North,In-Store,Consumer,Rep_04,Electronics,Bluetooth Speaker,3,94.91,0.0,43.56,284.73,130.68,154.05,54.1,2025-02,2025,Thursday
ORD101925,2025-09-29,North,Online,Small Business,Rep_11,Apparel,Running Shoes,1,52.15,10.0,25.77,46.94,25.77,21.17,45.1,2025-09,2025,Monday
ORD100879,2025-09-02,North,Online,Small Business,Rep_08,Home & Kitchen,Coffee Maker,3,126.85,0.0,73.49,380.55,220.47,160.08,42.07,2025-09,2025,Tuesday
ORD102193,2024-11-17,East,In-Store,Consumer,Rep_10,Sports & Outdoors,Dumbbell Set,8,22.03,5.0,11.74,167.43,93.92,73.51,43.9,2024-11,2024,Sunday
ORD101317,2024-08-08,North,In-Store,Small Business,Rep_15,Apparel,Yoga Pants,1,17.34,0.0,11.44,17.34,11.44,5.9,34.03,2024-08,2024,Thursday
ORD100637,2024-11-27,North,Online,Enterprise,Rep_09,Beauty,Perfume,4,80.89,0.0,47.16,323.56,188.64,134.92,41.7,2024-11,2024,Wednesday
ORD100450,2025-07-03,North,Marketplace,Consumer,Rep_09,Home & Kitchen,Cookware Set,3,82.91,0.0,53.01,248.73,159.03,89.7,36.06,2025-07,2025,Thursday
ORD101945,2024-06-24,South,Online,Small Business,Rep_10,Beauty,Perfume,3,36.72,0.0,19.04,110.16,57.12,53.04,48.15,2024-06,2024,Monday
ORD101085,2024-07-23,North,Online,Consumer,Rep_05,Sports & Outdoors,Dumbbell Set,1,74.11,0.0,43.5,74.11,43.5,30.61,41.3,2024-07,2024,Tuesday
ORD100568,2024-10-19,East,In-Store,Consumer,Rep_07,Home & Kitchen,Air Fryer,3,38.91,0.0,23.22,116.73,69.66,47.07,40.32,2024-10,2024,Saturday
ORD101385,2025-06-19,South,Online,Consumer,Rep_07,Apparel,Running Shoes,3,19.67,5.0,11.03,56.06,33.09,22.97,40.97,2025-06,2025,Thursday
ORD102031,2024-02-25,South,Online,Small Business,Rep_13,Beauty,Makeup Kit,5,53.14,0.0,26.17,265.7,130.85,134.85,50.75,2024-02,2024,Sunday
ORD102510,2024-08-15,North,In-Store,Small Business,Rep_15,Beauty,Skincare Set,3,39.64,0.0,21.77,118.92,65.31,53.61,45.08,2024-08,2024,Thursday
ORD100194,2024-09-28,North,Marketplace,Consumer,Rep_06,Sports & Outdoors,Dumbbell Set,4,143.69,5.0,82.8,546.02,331.2,214.82,39.34,2024-09,2024,Saturday
ORD101397,2025-04-17,South,In-Store,Consumer,Rep_08,Home & Kitchen,Air Fryer,2,53.58,5.0,26.42,101.8,52.84,48.96,48.09,2025-04,2025,Thursday
ORD101394,2024-11-24,West,Online,Small Business,Rep_15,Apparel,Winter Coat,9,42.0,0.0,27.87,378.0,250.83,127.17,33.64,2024-11,2024,Sunday
ORD101874,2024-07-16,East,Online,Small Business,Rep_09,Apparel,Winter Coat,2,31.84,0.0,15.55,63.68,31.1,32.58,51.16,2024-07,2024,Tuesday
ORD101464,2024-07-10,East,Marketplace,Consumer,Rep_04,Home & Kitchen,Vacuum Cleaner,4,146.4,0.0,98.53,585.6,394.12,191.48,32.7,2024-07,2024,Wednesday
ORD100179,2025-04-16,South,Online,Consumer,Rep_03,Home & Kitchen,Cookware Set,4,50.88,5.0,31.8,193.34,127.2,66.14,34.21,2025-04,2025,Wednesday
ORD100687,2024-11-26,East,Online,Consumer,Rep_04,Electronics,Laptop Stand,8,192.92,0.0,92.41,1543.36,739.28,804.08,52.1,2024-11,2024,Tuesday
ORD101119,2024-02-25,East,Online,Consumer,Rep_13,Electronics,Power Bank,1,51.63,0.0,29.75,51.63,29.75,21.88,42.38,2024-02,2024,Sunday
ORD101730,2024-07-01,North,Online,Consumer,Rep_09,Sports & Outdoors,Camping Tent,5,79.59,0.0,51.16,397.95,255.8,142.15,35.72,2024-07,2024,Monday
ORD100819,2025-11-06,North,In-Store,Consumer,Rep_13,Electronics,Smartwatch,11,117.84,20.0,59.83,1036.99,658.13,378.86,36.53,2025-11,2025,Thursday
ORD102074,2025-06-12,East,Online,Small Business,Rep_04,Beauty,Perfume,6,33.15,5.0,16.08,188.95,96.48,92.47,48.94,2025-06,2025,Thursday
ORD102405,2024-01-05,West,Marketplace,Small Business,Rep_04,Beauty,Makeup Kit,1,45.53,0.0,22.46,45.53,22.46,23.07,50.67,2024-01,2024,Friday
ORD100744,2025-01-30,West,Online,Consumer,Rep_06,Sports & Outdoors,Camping Tent,3,127.71,0.0,72.61,383.13,217.83,165.3,43.14,2025-01,2025,Thursday
ORD100400,2024-09-27,East,Online,Consumer,Rep_11,Home & Kitchen,Air Fryer,2,110.16,0.0,57.89,220.32,115.78,104.54,47.45,2024-09,2024,Friday
ORD102587,2024-07-08,East,Online,Small Business,Rep_13,Home & Kitchen,Coffee Maker,1,113.05,0.0,60.29,113.05,60.29,52.76,46.67,2024-07,2024,Monday
ORD102261,2025-07-06,South,Online,Consumer,Rep_03,Beauty,Hair Dryer,3,83.89,5.0,55.32,239.09,165.96,73.13,30.59,2025-07,2025,Sunday
ORD102503,2024-04-02,East,Online,Consumer,Rep_11,Home & Kitchen,Vacuum Cleaner,2,154.39,0.0,95.17,308.78,190.34,118.44,38.36,2024-04,2024,Tuesday
ORD102514,2024-07-14,North,In-Store,Consumer,Rep_05,Electronics,Smartwatch,7,75.55,0.0,37.59,528.85,263.13,265.72,50.24,2024-07,2024,Sunday
ORD101296,2024-09-11,South,Online,Consumer,Rep_10,Home & Kitchen,Blender,5,31.15,0.0,20.36,155.75,101.8,53.95,34.64,2024-09,2024,Wednesday
ORD102485,2024-12-26,West,In-Store,Small Business,Rep_06,Home & Kitchen,Cookware Set,2,65.93,15.0,34.51,112.08,69.02,43.06,38.42,2024-12,2024,Thursday
ORD101802,2024-10-07,East,In-Store,Consumer,Rep_11,Electronics,Smartwatch,2,41.15,0.0,19.95,82.3,39.9,42.4,51.52,2024-10,2024,Monday
ORD100226,2025-07-18,West,Online,Enterprise,Rep_01,Electronics,Smartwatch,3,134.21,0.0,68.53,402.63,205.59,197.04,48.94,2025-07,2025,Friday
ORD102035,2024-09-13,South,In-Store,Consumer,Rep_05,Sports & Outdoors,Cycling Helmet,2,112.1,0.0,66.56,224.2,133.12,91.08,40.62,2024-09,2024,Friday
ORD101086,2024-10-28,North,Online,Consumer,Rep_04,Apparel,Backpack,4,103.25,0.0,67.65,413.0,270.6,142.4,34.48,2024-10,2024,Monday
ORD101871,2025-03-22,South,In-Store,Consumer,Rep_11,Apparel,Denim Jacket,1,38.52,0.0,25.88,38.52,25.88,12.64,32.81,2025-03,2025,Saturday
ORD100713,2024-03-16,East,In-Store,Consumer,Rep_10,Sports & Outdoors,Cycling Helmet,6,39.86,0.0,23.95,239.16,143.7,95.46,39.91,2024-03,2024,Saturday
ORD100863,2024-01-03,North,In-Store,Small Business,Rep_02,Beauty,Makeup Kit,3,46.6,10.0,21.63,125.82,64.89,60.93,48.43,2024-01,2024,Wednesday
ORD102041,2024-03-22,West,Online,Consumer,Rep_12,Home & Kitchen,Vacuum Cleaner,3,31.68,5.0,16.57,90.29,49.71,40.58,44.94,2024-03,2024,Friday
ORD101095,2024-06-24,North,In-Store,Consumer,Rep_07,Electronics,Laptop Stand,5,40.24,5.0,23.47,191.14,117.35,73.79,38.61,2024-06,2024,Monday
ORD100778,2024-01-22,East,Online,Consumer,Rep_03,Home & Kitchen,Air Fryer,2,128.25,10.0,64.65,230.85,129.3,101.55,43.99,2024-01,2024,Monday
ORD100423,2024-02-07,West,Online,Consumer,Rep_13,Home & Kitchen,Coffee Maker,2,141.09,0.0,67.8,282.18,135.6,146.58,51.95,2024-02,2024,Wednesday
ORD100514,2024-02-04,North,Marketplace,Consumer,Rep_10,Sports & Outdoors,Cycling Helmet,3,101.44,0.0,49.09,304.32,147.27,157.05,51.61,2024-02,2024,Sunday
ORD102064,2024-09-23,East,Online,Enterprise,Rep_06,Apparel,Yoga Pants,1,112.87,0.0,72.57,112.87,72.57,40.3,35.7,2024-09,2024,Monday
ORD102066,2025-06-10,South,Online,Consumer,Rep_05,Beauty,Hair Dryer,2,38.76,0.0,25.99,77.52,51.98,25.54,32.95,2025-06,2025,Tuesday
ORD101528,2024-04-24,South,In-Store,Enterprise,Rep_01,Electronics,Smartwatch,2,161.52,0.0,104.02,323.04,208.04,115.0,35.6,2024-04,2024,Wednesday
ORD100716,2025-06-22,East,In-Store,Consumer,Rep_02,Home & Kitchen,Blender,6,34.86,0.0,23.08,209.16,138.48,70.68,33.79,2025-06,2025,Sunday
ORD102467,2025-10-10,South,Online,Consumer,Rep_01,Electronics,Wireless Earbuds,5,134.86,5.0,90.17,640.58,450.85,189.73,29.62,2025-10,2025,Friday
ORD100142,2024-04-27,East,Online,Consumer,Rep_04,Sports & Outdoors,Camping Tent,3,27.29,15.0,17.83,69.59,53.49,16.1,23.14,2024-04,2024,Saturday
ORD101812,2024-03-19,North,Online,Consumer,Rep_07,Beauty,Hair Dryer,3,41.89,0.0,22.63,125.67,67.89,57.78,45.98,2024-03,2024,Tuesday
ORD101645,2024-05-11,North,In-Store,Consumer,Rep_15,Electronics,Wireless Earbuds,5,131.04,5.0,85.1,622.44,425.5,196.94,31.64,2024-05,2024,Saturday
ORD100740,2025-09-17,West,Online,Consumer,Rep_03,Electronics,Laptop Stand,3,202.74,0.0,129.35,608.22,388.05,220.17,36.2,2025-09,2025,Wednesday
ORD100582,2024-09-17,East,Online,Consumer,Rep_11,Beauty,Makeup Kit,2,24.49,0.0,16.29,48.98,32.58,16.4,33.48,2024-09,2024,Tuesday
ORD101007,2025-01-20,South,Online,Consumer,Rep_05,Apparel,Winter Coat,6,91.68,0.0,56.88,550.08,341.28,208.8,37.96,2025-01,2025,Monday
ORD100672,2025-02-06,West,Online,Consumer,Rep_15,Apparel,Yoga Pants,4,37.79,0.0,20.31,151.16,81.24,69.92,46.26,2025-02,2025,Thursday
ORD100732,2024-04-18,North,In-Store,Small Business,Rep_07,Electronics,Laptop Stand,3,86.19,0.0,44.25,258.57,132.75,125.82,48.66,2024-04,2024,Thursday
ORD101659,2024-03-20,South,Online,Small Business,Rep_08,Beauty,Face Serum,3,71.13,5.0,33.05,202.72,99.15,103.57,51.09,2024-03,2024,Wednesday
ORD102538,2025-04-18,North,Marketplace,Consumer,Rep_09,Home & Kitchen,Blender,3,176.64,0.0,108.8,529.92,326.4,203.52,38.41,2025-04,2025,Friday
ORD100190,2024-11-21,East,Online,Consumer,Rep_04,Sports & Outdoors,Camping Tent,4,87.36,0.0,45.57,349.44,182.28,167.16,47.84,2024-11,2024,Thursday
ORD100415,2025-04-20,East,Online,Consumer,Rep_05,Home & Kitchen,Air Fryer,3,45.0,5.0,27.79,128.25,83.37,44.88,34.99,2025-04,2025,Sunday
ORD100354,2024-05-06,North,Online,Small Business,Rep_08,Apparel,Running Shoes,4,91.57,0.0,54.65,366.28,218.6,147.68,40.32,2024-05,2024,Monday
ORD100110,2024-09-19,East,In-Store,Small Business,Rep_08,Home & Kitchen,Air Fryer,1,36.45,0.0,20.22,36.45,20.22,16.23,44.53,2024-09,2024,Thursday
ORD100412,2024-07-26,West,In-Store,Consumer,Rep_15,Beauty,Skincare Set,5,24.49,0.0,12.91,122.45,64.55,57.9,47.28,2024-07,2024,Friday
ORD101634,2025-07-25,West,In-Store,Enterprise,Rep_10,Home & Kitchen,Vacuum Cleaner,4,94.85,0.0,60.18,379.4,240.72,138.68,36.55,2025-07,2025,Friday
ORD100584,2025-01-25,East,Online,Enterprise,Rep_09,Beauty,Makeup Kit,5,52.9,0.0,35.51,264.5,177.55,86.95,32.87,2025-01,2025,Saturday
ORD101471,2024-03-10,South,Online,Consumer,Rep_14,Apparel,Yoga Pants,3,87.61,5.0,59.04,249.69,177.12,72.57,29.06,2024-03,2024,Sunday
ORD101929,2025-03-15,South,Online,Consumer,Rep_05,Electronics,Laptop Stand,2,135.34,0.0,89.1,270.68,178.2,92.48,34.17,2025-03,2025,Saturday
ORD101401,2025-03-07,South,Marketplace,Small Business,Rep_08,Beauty,Perfume,4,35.07,0.0,21.2,140.28,84.8,55.48,39.55,2025-03,2025,Friday
ORD102562,2025-03-12,East,Online,Consumer,Rep_09,Home & Kitchen,Blender,3,171.44,0.0,81.04,514.32,243.12,271.2,52.73,2025-03,2025,Wednesday
ORD102557,2024-10-10,East,Online,Consumer,Rep_02,Electronics,Smartwatch,5,147.67,0.0,88.15,738.35,440.75,297.6,40.31,2024-10,2024,Thursday
ORD101070,2025-05-10,North,Online,Consumer,Rep_09,Sports & Outdoors,Yoga Mat,7,59.47,10.0,33.88,374.66,237.16,137.5,36.7,2025-05,2025,Saturday
ORD100060,2025-10-29,East,In-Store,Enterprise,Rep_09,Electronics,Laptop Stand,1,74.75,0.0,48.68,74.75,48.68,26.07,34.88,2025-10,2025,Wednesday
ORD102427,2025-05-16,West,Online,Consumer,Rep_15,Sports & Outdoors,Water Bottle,4,64.79,15.0,39.43,220.29,157.72,62.57,28.4,2025-05,2025,Friday
ORD101608,2024-11-22,South,Online,Small Business,Rep_02,Beauty,Makeup Kit,5,35.14,0.0,23.71,175.7,118.55,57.15,32.53,2024-11,2024,Friday
ORD102120,2024-03-22,North,In-Store,Consumer,Rep_01,Home & Kitchen,Cookware Set,2,41.7,5.0,19.63,79.23,39.26,39.97,50.45,2024-03,2024,Friday
ORD101281,2024-10-26,South,Online,Consumer,Rep_07,Home & Kitchen,Coffee Maker,5,124.36,10.0,58.18,559.62,290.9,268.72,48.02,2024-10,2024,Saturday
ORD100099,2025-03-18,West,Online,Small Business,Rep_06,Electronics,Laptop Stand,3,75.23,0.0,50.44,225.69,151.32,74.37,32.95,2025-03,2025,Tuesday
ORD101731,2025-04-21,North,Online,Small Business,Rep_09,Home & Kitchen,Vacuum Cleaner,4,31.16,0.0,19.81,124.64,79.24,45.4,36.42,2025-04,2025,Monday
ORD101912,2024-03-14,West,Online,Consumer,Rep_10,Apparel,Winter Coat,3,96.14,0.0,52.03,288.42,156.09,132.33,45.88,2024-03,2024,Thursday
ORD100892,2024-05-03,North,Marketplace,Consumer,Rep_06,Apparel,Running Shoes,2,42.86,5.0,24.78,81.43,49.56,31.87,39.14,2024-05,2024,Friday
ORD102471,2025-06-12,North,Online,Consumer,Rep_02,Apparel,Backpack,3,70.37,0.0,35.76,211.11,107.28,103.83,49.18,2025-06,2025,Thursday
ORD101625,2025-06-09,South,Online,Consumer,Rep_14,Beauty,Skincare Set,3,61.67,0.0,33.87,185.01,101.61,83.4,45.08,2025-06,2025,Monday
ORD100868,2024-09-01,West,Online,Small Business,Rep_07,Beauty,Makeup Kit,5,77.31,5.0,51.31,367.22,256.55,110.67,30.14,2024-09,2024,Sunday
ORD101666,2025-05-23,East,Online,Consumer,Rep_15,Electronics,Laptop Stand,3,193.44,0.0,95.45,580.32,286.35,293.97,50.66,2025-05,2025,Friday
ORD100635,2025-05-09,South,Online,Consumer,Rep_06,Beauty,Makeup Kit,3,30.63,5.0,18.13,87.3,54.39,32.91,37.7,2025-05,2025,Friday
ORD100270,2024-10-24,East,Online,Small Business,Rep_15,Electronics,Smartwatch,2,195.6,0.0,93.98,391.2,187.96,203.24,51.95,2024-10,2024,Thursday
ORD100340,2025-05-11,North,Online,Consumer,Rep_10,Sports & Outdoors,Water Bottle,1,95.03,0.0,58.82,95.03,58.82,36.21,38.1,2025-05,2025,Sunday
ORD102013,2024-07-22,South,Marketplace,Small Business,Rep_01,Sports & Outdoors,Water Bottle,3,122.19,0.0,63.18,366.57,189.54,177.03,48.29,2024-07,2024,Monday
ORD101914,2024-04-14,North,In-Store,Consumer,Rep_03,Home & Kitchen,Cookware Set,6,176.85,0.0,114.84,1061.1,689.04,372.06,35.06,2024-04,2024,Sunday
ORD100325,2025-09-21,East,Online,Consumer,Rep_12,Home & Kitchen,Cookware Set,3,166.44,0.0,96.2,499.32,288.6,210.72,42.2,2025-09,2025,Sunday
ORD102645,2025-04-03,East,In-Store,Consumer,Rep_09,Apparel,Denim Jacket,2,88.79,0.0,48.3,177.58,96.6,80.98,45.6,2025-04,2025,Thursday
ORD100737,2024-08-12,South,Online,Small Business,Rep_12,Apparel,Winter Coat,7,113.05,5.0,60.81,751.78,425.67,326.11,43.38,2024-08,2024,Monday
ORD102416,2024-05-22,South,Marketplace,Small Business,Rep_11,Sports & Outdoors,Cycling Helmet,3,119.84,0.0,72.12,359.52,216.36,143.16,39.82,2024-05,2024,Wednesday
ORD102279,2024-09-24,South,Marketplace,Enterprise,Rep_07,Home & Kitchen,Vacuum Cleaner,3,34.12,0.0,18.23,102.36,54.69,47.67,46.57,2024-09,2024,Tuesday
ORD101144,2024-08-04,West,Marketplace,Enterprise,Rep_05,Home & Kitchen,Air Fryer,3,148.4,5.0,87.83,422.94,263.49,159.45,37.7,2024-08,2024,Sunday
ORD101297,2024-03-26,East,Online,Small Business,Rep_05,Sports & Outdoors,Cycling Helmet,3,122.05,0.0,79.85,366.15,239.55,126.6,34.58,2024-03,2024,Tuesday
ORD101512,2025-05-20,East,Online,Consumer,Rep_04,Home & Kitchen,Coffee Maker,2,143.56,0.0,74.32,287.12,148.64,138.48,48.23,2025-05,2025,Tuesday
ORD102594,2025-07-30,East,Online,Consumer,Rep_11,Electronics,Bluetooth Speaker,11,36.83,0.0,22.0,405.13,242.0,163.13,40.27,2025-07,2025,Wednesday
ORD100835,2025-05-31,East,Online,Small Business,Rep_14,Home & Kitchen,Blender,7,51.05,0.0,22.99,357.35,160.93,196.42,54.97,2025-05,2025,Saturday
ORD100779,2024-12-06,North,Online,Small Business,Unassigned,Beauty,Skincare Set,6,40.85,20.0,27.41,196.08,164.46,31.62,16.13,2024-12,2024,Friday
ORD100386,2024-05-26,East,Online,Small Business,Rep_10,Apparel,Backpack,3,75.84,0.0,48.4,227.52,145.2,82.32,36.18,2024-05,2024,Sunday
ORD100592,2025-01-15,East,Marketplace,Consumer,Rep_13,Home & Kitchen,Cookware Set,3,27.14,0.0,15.16,81.42,45.48,35.94,44.14,2025-01,2025,Wednesday
ORD102072,2024-03-11,West,Marketplace,Small Business,Rep_03,Beauty,Perfume,2,20.02,15.0,11.2,34.03,22.4,11.63,34.18,2024-03,2024,Monday
ORD101162,2024-08-16,East,Online,Consumer,Rep_15,Electronics,Bluetooth Speaker,2,171.33,10.0,81.12,308.39,162.24,146.15,47.39,2024-08,2024,Friday
ORD100063,2025-09-20,South,In-Store,Enterprise,Rep_03,Electronics,Laptop Stand,4,216.26,0.0,124.78,865.04,499.12,365.92,42.3,2025-09,2025,Saturday
ORD100563,2025-07-08,South,In-Store,Consumer,Rep_07,Beauty,Makeup Kit,2,10.44,0.0,5.14,20.88,10.28,10.6,50.77,2025-07,2025,Tuesday
ORD100804,2024-01-01,North,In-Store,Consumer,Rep_06,Beauty,Perfume,3,31.51,0.0,20.43,94.53,61.29,33.24,35.16,2024-01,2024,Monday
ORD101815,2025-11-02,East,In-Store,Consumer,Rep_07,Home & Kitchen,Vacuum Cleaner,2,143.86,20.0,86.52,230.18,173.04,57.14,24.82,2025-11,2025,Sunday
ORD100456,2025-05-12,East,Online,Consumer,Rep_09,Apparel,Yoga Pants,4,30.39,0.0,15.5,121.56,62.0,59.56,49.0,2025-05,2025,Monday
ORD101939,2024-09-10,West,Online,Consumer,Rep_06,Apparel,Backpack,7,26.83,15.0,17.71,159.64,123.97,35.67,22.34,2024-09,2024,Tuesday
ORD102354,2024-08-23,South,Online,Small Business,Rep_08,Sports & Outdoors,Camping Tent,2,113.1,0.0,65.58,226.2,131.16,95.04,42.02,2024-08,2024,Friday
ORD100562,2024-02-26,West,Online,Consumer,Rep_06,Electronics,Smartwatch,7,76.47,0.0,44.8,535.29,313.6,221.69,41.41,2024-02,2024,Monday
ORD101170,2024-11-05,North,Online,Consumer,Rep_08,Beauty,Makeup Kit,9,43.39,10.0,20.62,351.46,185.58,165.88,47.2,2024-11,2024,Tuesday
ORD102461,2024-06-05,North,Online,Consumer,Rep_07,Apparel,Denim Jacket,1,53.4,0.0,36.12,53.4,36.12,17.28,32.36,2024-06,2024,Wednesday
ORD100546,2025-09-20,North,Online,Consumer,Rep_13,Sports & Outdoors,Camping Tent,3,83.02,0.0,53.49,249.06,160.47,88.59,35.57,2025-09,2025,Saturday
ORD100512,2024-11-06,West,Marketplace,Consumer,Rep_09,Beauty,Hair Dryer,3,58.02,0.0,36.54,174.06,109.62,64.44,37.02,2024-11,2024,Wednesday
ORD102574,2024-12-31,West,In-Store,Consumer,Rep_10,Sports & Outdoors,Dumbbell Set,2,132.74,5.0,66.59,252.21,133.18,119.03,47.19,2024-12,2024,Tuesday
ORD101189,2024-08-13,West,Online,Consumer,Rep_15,Beauty,Face Serum,4,39.02,0.0,26.27,156.08,105.08,51.0,32.68,2024-08,2024,Tuesday
ORD100664,2025-03-03,South,Online,Small Business,Rep_13,Electronics,Bluetooth Speaker,2,159.58,0.0,73.77,319.16,147.54,171.62,53.77,2025-03,2025,Monday
ORD100395,2024-08-19,South,Online,Consumer,Rep_11,Home & Kitchen,Blender,5,124.86,0.0,72.14,624.3,360.7,263.6,42.22,2024-08,2024,Monday
ORD102246,2024-12-28,North,Online,Consumer,Rep_06,Beauty,Hair Dryer,9,15.13,0.0,8.52,136.17,76.68,59.49,43.69,2024-12,2024,Saturday
ORD100615,2024-10-14,East,Online,Consumer,Rep_15,Home & Kitchen,Coffee Maker,1,150.87,5.0,82.3,143.33,82.3,61.03,42.58,2024-10,2024,Monday
ORD101476,2024-12-10,South,Marketplace,Small Business,Rep_02,Sports & Outdoors,Dumbbell Set,1,43.0,0.0,19.92,43.0,19.92,23.08,53.67,2024-12,2024,Tuesday
ORD101975,2024-03-04,East,Online,Consumer,Rep_09,Home & Kitchen,Cookware Set,3,161.71,10.0,95.12,436.62,285.36,151.26,34.64,2024-03,2024,Monday
ORD100219,2025-04-21,West,In-Store,Consumer,Rep_10,Apparel,Winter Coat,6,21.47,0.0,13.23,128.82,79.38,49.44,38.38,2025-04,2025,Monday
ORD100691,2024-04-29,East,Marketplace,Small Business,Rep_07,Beauty,Face Serum,7,75.31,0.0,40.68,527.17,284.76,242.41,45.98,2024-04,2024,Monday
ORD102520,2025-08-27,East,In-Store,Small Business,Rep_07,Electronics,Bluetooth Speaker,3,219.47,15.0,149.17,559.65,447.51,112.14,20.04,2025-08,2025,Wednesday
ORD101034,2024-06-12,North,Online,Consumer,Rep_02,Beauty,Makeup Kit,3,49.42,5.0,26.38,140.85,79.14,61.71,43.81,2024-06,2024,Wednesday
ORD100806,2024-04-27,East,Online,Consumer,Rep_11,Home & Kitchen,Cookware Set,5,111.19,5.0,59.97,528.15,299.85,228.3,43.23,2024-04,2024,Saturday
ORD100632,2024-05-31,South,Online,Small Business,Rep_08,Sports & Outdoors,Cycling Helmet,4,58.28,10.0,29.31,209.81,117.24,92.57,44.12,2024-05,2024,Friday
ORD101293,2025-06-20,West,In-Store,Small Business,Rep_12,Sports & Outdoors,Yoga Mat,4,17.04,0.0,9.59,68.16,38.36,29.8,43.72,2025-06,2025,Friday
ORD101422,2024-08-29,North,Online,Consumer,Rep_05,Beauty,Face Serum,5,75.66,5.0,48.76,359.38,243.8,115.58,32.16,2024-08,2024,Thursday
ORD101234,2024-12-22,North,Online,Consumer,Rep_14,Electronics,Bluetooth Speaker,4,85.8,0.0,49.1,343.2,196.4,146.8,42.77,2024-12,2024,Sunday
ORD102342,2024-11-04,East,In-Store,Small Business,Rep_01,Electronics,Bluetooth Speaker,4,97.23,0.0,49.12,388.92,196.48,192.44,49.48,2024-11,2024,Monday
ORD102272,2024-12-13,North,Online,Consumer,Rep_14,Beauty,Perfume,4,16.85,0.0,9.16,67.4,36.64,30.76,45.64,2024-12,2024,Friday
ORD101343,2024-04-12,East,In-Store,Small Business,Rep_13,Home & Kitchen,Blender,3,76.15,0.0,48.76,228.45,146.28,82.17,35.97,2024-04,2024,Friday
ORD100338,2024-12-24,South,Online,Consumer,Rep_05,Beauty,Makeup Kit,5,23.92,0.0,12.6,119.6,63.0,56.6,47.32,2024-12,2024,Tuesday
ORD102320,2024-04-11,North,Online,Small Business,Rep_15,Beauty,Makeup Kit,2,34.2,15.0,21.96,58.14,43.92,14.22,24.46,2024-04,2024,Thursday
ORD101573,2024-07-12,West,Marketplace,Enterprise,Rep_14,Sports & Outdoors,Yoga Mat,4,118.73,5.0,63.33,451.17,253.32,197.85,43.85,2024-07,2024,Friday
ORD102614,2025-08-18,North,Marketplace,Consumer,Rep_04,Electronics,Power Bank,5,201.97,0.0,110.83,1009.85,554.15,455.7,45.13,2025-08,2025,Monday
ORD101514,2025-09-28,West,In-Store,Consumer,Rep_11,Sports & Outdoors,Dumbbell Set,4,137.27,10.0,78.08,494.17,312.32,181.85,36.8,2025-09,2025,Sunday
ORD100527,2025-10-31,South,Online,Consumer,Rep_10,Home & Kitchen,Cookware Set,6,178.76,10.0,115.68,965.3,694.08,271.22,28.1,2025-10,2025,Friday
ORD102349,2024-10-28,West,Online,Small Business,Rep_06,Apparel,Running Shoes,3,39.12,0.0,25.43,117.36,76.29,41.07,34.99,2024-10,2024,Monday
ORD101044,2025-09-06,South,Online,Small Business,Rep_10,Sports & Outdoors,Dumbbell Set,1,70.56,5.0,45.76,67.03,45.76,21.27,31.73,2025-09,2025,Saturday
ORD100375,2024-01-17,South,Marketplace,Consumer,Rep_08,Home & Kitchen,Air Fryer,2,165.74,0.0,103.58,331.48,207.16,124.32,37.5,2024-01,2024,Wednesday
ORD102023,2025-08-28,North,Online,Consumer,Rep_13,Home & Kitchen,Coffee Maker,6,54.65,15.0,30.1,278.71,180.6,98.11,35.2,2025-08,2025,Thursday
ORD102102,2025-08-31,East,In-Store,Consumer,Rep_11,Apparel,Running Shoes,4,50.04,0.0,27.77,200.16,111.08,89.08,44.5,2025-08,2025,Sunday
ORD100259,2024-05-07,West,Marketplace,Consumer,Rep_04,Apparel,Backpack,2,40.36,0.0,23.03,80.72,46.06,34.66,42.94,2024-05,2024,Tuesday
ORD100840,2025-06-01,North,Online,Small Business,Rep_07,Sports & Outdoors,Cycling Helmet,8,109.29,15.0,61.45,743.17,491.6,251.57,33.85,2025-06,2025,Sunday
ORD102625,2025-10-06,North,Online,Consumer,Rep_04,Apparel,Denim Jacket,4,113.74,15.0,63.29,386.72,253.16,133.56,34.54,2025-10,2025,Monday
ORD101005,2025-02-03,North,In-Store,Consumer,Rep_10,Apparel,Yoga Pants,2,15.12,0.0,8.71,30.24,17.42,12.82,42.39,2025-02,2025,Monday
ORD101667,2025-11-19,North,In-Store,Consumer,Rep_14,Home & Kitchen,Coffee Maker,3,66.26,5.0,32.67,188.84,98.01,90.83,48.1,2025-11,2025,Wednesday
ORD100523,2025-05-30,East,In-Store,Consumer,Rep_14,Electronics,Wireless Earbuds,2,136.06,0.0,88.83,272.12,177.66,94.46,34.71,2025-05,2025,Friday
ORD102496,2024-10-07,South,Marketplace,Consumer,Rep_05,Home & Kitchen,Air Fryer,2,179.57,0.0,92.67,359.14,185.34,173.8,48.39,2024-10,2024,Monday
ORD102294,2025-03-19,East,In-Store,Small Business,Rep_04,Beauty,Face Serum,6,58.66,0.0,27.13,351.96,162.78,189.18,53.75,2025-03,2025,Wednesday
ORD101276,2025-09-07,East,Online,Consumer,Rep_01,Apparel,Denim Jacket,6,85.54,0.0,48.52,513.24,291.12,222.12,43.28,2025-09,2025,Sunday
ORD101389,2025-09-03,East,Online,Consumer,Rep_03,Beauty,Perfume,2,88.06,0.0,44.13,176.12,88.26,87.86,49.89,2025-09,2025,Wednesday
ORD101682,2024-06-30,East,Online,Small Business,Unassigned,Beauty,Makeup Kit,4,43.21,0.0,26.41,172.84,105.64,67.2,38.88,2024-06,2024,Sunday
ORD101302,2024-01-26,East,Marketplace,Consumer,Rep_14,Sports & Outdoors,Yoga Mat,1,43.15,0.0,20.69,43.15,20.69,22.46,52.05,2024-01,2024,Friday
ORD102547,2024-05-27,East,In-Store,Consumer,Rep_11,Apparel,Backpack,1,92.08,0.0,44.59,92.08,44.59,47.49,51.57,2024-05,2024,Monday
ORD102015,2024-08-17,East,Online,Consumer,Rep_09,Sports & Outdoors,Camping Tent,2,44.68,0.0,22.19,89.36,44.38,44.98,50.34,2024-08,2024,Saturday
ORD100278,2025-01-01,North,Online,Small Business,Rep_09,Electronics,Bluetooth Speaker,5,110.19,5.0,62.45,523.4,312.25,211.15,40.34,2025-01,2025,Wednesday
ORD101780,2025-07-16,North,Online,Enterprise,Rep_02,Home & Kitchen,Vacuum Cleaner,3,49.4,0.0,26.65,148.2,79.95,68.25,46.05,2025-07,2025,Wednesday
ORD100339,2024-10-26,North,Marketplace,Consumer,Rep_09,Apparel,Winter Coat,4,54.58,0.0,34.42,218.32,137.68,80.64,36.94,2024-10,2024,Saturday
ORD101973,2024-04-18,East,Online,Consumer,Rep_11,Apparel,Winter Coat,1,55.2,0.0,34.42,55.2,34.42,20.78,37.64,2024-04,2024,Thursday
ORD102063,2025-06-09,West,In-Store,Consumer,Rep_15,Home & Kitchen,Vacuum Cleaner,4,26.11,0.0,13.72,104.44,54.88,49.56,47.45,2025-06,2025,Monday
ORD102285,2025-08-04,East,Marketplace,Enterprise,Rep_11,Apparel,Yoga Pants,2,107.82,0.0,50.34,215.64,100.68,114.96,53.31,2025-08,2025,Monday
ORD102576,2024-05-05,East,In-Store,Small Business,Rep_15,Electronics,Power Bank,1,209.79,0.0,120.85,209.79,120.85,88.94,42.39,2024-05,2024,Sunday
ORD101593,2024-04-06,South,In-Store,Small Business,Rep_02,Sports & Outdoors,Dumbbell Set,3,135.53,20.0,66.82,325.27,200.46,124.81,38.37,2024-04,2024,Saturday
ORD101918,2025-08-09,North,Online,Consumer,Rep_10,Beauty,Makeup Kit,4,12.43,0.0,7.76,49.72,31.04,18.68,37.57,2025-08,2025,Saturday
ORD100214,2025-10-10,East,In-Store,Enterprise,Rep_09,Beauty,Skincare Set,8,44.51,0.0,30.01,356.08,240.08,116.0,32.58,2025-10,2025,Friday
ORD100848,2024-04-25,North,Online,Small Business,Rep_11,Apparel,Winter Coat,5,92.46,15.0,47.68,392.95,238.4,154.55,39.33,2024-04,2024,Thursday
ORD100576,2025-10-12,East,In-Store,Small Business,Rep_08,Apparel,Yoga Pants,3,81.57,0.0,53.43,244.71,160.29,84.42,34.5,2025-10,2025,Sunday
ORD100544,2024-05-11,West,Online,Small Business,Rep_01,Electronics,Wireless Earbuds,4,102.93,20.0,61.68,329.38,246.72,82.66,25.1,2024-05,2024,Saturday
ORD100440,2024-08-19,South,Online,Small Business,Rep_14,Apparel,Backpack,1,104.7,0.0,54.24,104.7,54.24,50.46,48.19,2024-08,2024,Monday
ORD100767,2024-01-08,South,Marketplace,Consumer,Rep_08,Home & Kitchen,Cookware Set,4,112.87,0.0,65.01,451.48,260.04,191.44,42.4,2024-01,2024,Monday
ORD102142,2025-01-03,North,In-Store,Consumer,Rep_11,Apparel,Yoga Pants,4,96.75,0.0,61.8,387.0,247.2,139.8,36.12,2025-01,2025,Friday
ORD100267,2025-11-04,South,Online,Consumer,Rep_11,Home & Kitchen,Air Fryer,7,107.89,0.0,55.32,755.23,387.24,367.99,48.73,2025-11,2025,Tuesday
ORD101809,2024-10-22,South,Online,Consumer,Rep_15,Apparel,Yoga Pants,2,97.31,0.0,58.65,194.62,117.3,77.32,39.73,2024-10,2024,Tuesday
ORD101965,2024-10-21,East,Marketplace,Consumer,Rep_06,Sports & Outdoors,Dumbbell Set,7,118.2,10.0,62.96,744.66,440.72,303.94,40.82,2024-10,2024,Monday
ORD100836,2024-01-06,North,In-Store,Small Business,Rep_04,Beauty,Face Serum,3,55.31,0.0,29.96,165.93,89.88,76.05,45.83,2024-01,2024,Saturday
ORD102037,2024-08-15,East,In-Store,Small Business,Rep_08,Sports & Outdoors,Yoga Mat,6,60.45,0.0,41.04,362.7,246.24,116.46,32.11,2024-08,2024,Thursday
ORD100773,2025-10-14,West,Online,Consumer,Rep_01,Beauty,Makeup Kit,1,13.28,5.0,8.98,12.62,8.98,3.64,28.84,2025-10,2025,Tuesday
ORD100213,2024-03-10,North,Online,Small Business,Rep_01,Home & Kitchen,Blender,5,111.85,20.0,69.74,447.4,348.7,98.7,22.06,2024-03,2024,Sunday
ORD102408,2024-02-23,South,In-Store,Small Business,Rep_15,Home & Kitchen,Coffee Maker,5,152.46,10.0,90.81,686.07,454.05,232.02,33.82,2024-02,2024,Friday
ORD100580,2025-04-24,East,In-Store,Consumer,Rep_14,Electronics,Power Bank,1,90.66,0.0,41.05,90.66,41.05,49.61,54.72,2025-04,2025,Thursday
ORD100147,2025-12-09,East,In-Store,Consumer,Rep_10,Electronics,Laptop Stand,5,142.77,0.0,87.12,713.85,435.6,278.25,38.98,2025-12,2025,Tuesday
ORD100587,2025-02-10,East,Marketplace,Small Business,Rep_03,Electronics,Wireless Earbuds,7,32.06,0.0,17.18,224.42,120.26,104.16,46.41,2025-02,2025,Monday
ORD101888,2025-03-21,East,In-Store,Consumer,Rep_07,Apparel,Yoga Pants,2,58.63,0.0,37.43,117.26,74.86,42.4,36.16,2025-03,2025,Friday
ORD100484,2025-12-21,West,Marketplace,Consumer,Rep_12,Apparel,Denim Jacket,6,21.65,0.0,12.65,129.9,75.9,54.0,41.57,2025-12,2025,Sunday
ORD100217,2025-11-08,West,Marketplace,Small Business,Rep_10,Apparel,Denim Jacket,9,66.59,0.0,40.66,599.31,365.94,233.37,38.94,2025-11,2025,Saturday
ORD101478,2024-08-31,South,In-Store,Enterprise,Rep_07,Home & Kitchen,Air Fryer,1,175.14,0.0,92.54,175.14,92.54,82.6,47.16,2024-08,2024,Saturday
ORD101822,2025-09-17,South,Online,Consumer,Rep_03,Beauty,Hair Dryer,8,30.61,0.0,15.31,244.88,122.48,122.4,49.98,2025-09,2025,Wednesday
ORD100318,2025-05-05,North,Marketplace,Consumer,Rep_14,Apparel,Running Shoes,1,62.35,0.0,33.08,62.35,33.08,29.27,46.94,2025-05,2025,Monday
ORD100667,2025-03-31,South,Online,Enterprise,Rep_11,Electronics,Smartwatch,4,129.01,10.0,67.13,464.44,268.52,195.92,42.18,2025-03,2025,Monday
ORD102629,2024-09-24,South,Online,Consumer,Rep_08,Beauty,Perfume,3,73.12,0.0,48.57,219.36,145.71,73.65,33.57,2024-09,2024,Tuesday
ORD101011,2024-12-17,West,Online,Consumer,Rep_03,Home & Kitchen,Blender,4,132.37,15.0,61.41,450.06,245.64,204.42,45.42,2024-12,2024,Tuesday
ORD101680,2024-03-08,West,Marketplace,Consumer,Rep_11,Home & Kitchen,Vacuum Cleaner,4,21.61,0.0,11.74,86.44,46.96,39.48,45.67,2024-03,2024,Friday
ORD102244,2024-10-03,East,Online,Small Business,Rep_01,Home & Kitchen,Coffee Maker,3,164.49,0.0,105.49,493.47,316.47,177.0,35.87,2024-10,2024,Thursday
ORD102597,2025-03-21,East,Online,Consumer,Rep_09,Home & Kitchen,Blender,3,143.36,15.0,93.97,365.57,281.91,83.66,22.88,2025-03,2025,Friday
ORD100513,2025-06-27,West,Marketplace,Small Business,Rep_01,Apparel,Winter Coat,8,76.57,10.0,49.88,551.3,399.04,152.26,27.62,2025-06,2025,Friday
ORD102585,2024-04-22,South,Online,Consumer,Rep_02,Beauty,Perfume,1,61.36,0.0,33.89,61.36,33.89,27.47,44.77,2024-04,2024,Monday
ORD102321,2024-10-15,West,Marketplace,Enterprise,Rep_09,Apparel,Denim Jacket,3,96.41,0.0,48.71,289.23,146.13,143.1,49.48,2024-10,2024,Tuesday
ORD101232,2024-10-05,South,Online,Consumer,Rep_15,Electronics,Wireless Earbuds,2,97.15,0.0,60.7,194.3,121.4,72.9,37.52,2024-10,2024,Saturday
ORD100121,2024-09-07,East,Online,Consumer,Rep_08,Electronics,Wireless Earbuds,2,27.75,0.0,13.72,55.5,27.44,28.06,50.56,2024-09,2024,Saturday
ORD102563,2025-12-12,East,In-Store,Consumer,Rep_14,Home & Kitchen,Blender,3,44.06,10.0,27.09,118.96,81.27,37.69,31.68,2025-12,2025,Friday
ORD100407,2025-08-22,North,Marketplace,Consumer,Rep_02,Electronics,Laptop Stand,8,180.39,0.0,103.09,1443.12,824.72,618.4,42.85,2025-08,2025,Friday
ORD102053,2025-12-12,East,In-Store,Consumer,Rep_02,Beauty,Face Serum,3,34.96,0.0,21.17,104.88,63.51,41.37,39.45,2025-12,2025,Friday
ORD101210,2024-12-18,East,Online,Consumer,Rep_06,Apparel,Winter Coat,2,48.55,0.0,22.0,97.1,44.0,53.1,54.69,2024-12,2024,Wednesday
ORD100602,2025-12-09,East,Online,Small Business,Rep_07,Apparel,Backpack,8,92.96,0.0,58.77,743.68,470.16,273.52,36.78,2025-12,2025,Tuesday
ORD101124,2024-11-30,East,In-Store,Enterprise,Rep_07,Sports & Outdoors,Water Bottle,4,142.59,5.0,65.48,541.84,261.92,279.92,51.66,2024-11,2024,Saturday
ORD100947,2024-04-13,East,In-Store,Consumer,Rep_02,Apparel,Denim Jacket,2,19.21,0.0,9.87,38.42,19.74,18.68,48.62,2024-04,2024,Saturday
ORD101202,2025-02-13,South,In-Store,Small Business,Rep_07,Home & Kitchen,Vacuum Cleaner,2,143.18,0.0,85.82,286.36,171.64,114.72,40.06,2025-02,2025,Thursday
ORD100150,2025-01-20,North,Online,Consumer,Rep_06,Beauty,Makeup Kit,5,86.77,0.0,40.69,433.85,203.45,230.4,53.11,2025-01,2025,Monday
ORD102357,2025-08-26,East,Online,Small Business,Rep_12,Sports & Outdoors,Water Bottle,1,47.48,5.0,26.5,45.11,26.5,18.61,41.25,2025-08,2025,Tuesday
ORD101430,2025-11-30,South,Online,Consumer,Rep_03,Electronics,Bluetooth Speaker,3,150.95,0.0,85.21,452.85,255.63,197.22,43.55,2025-11,2025,Sunday
ORD100253,2025-01-30,North,In-Store,Consumer,Rep_09,Electronics,Laptop Stand,4,199.78,5.0,116.64,759.16,466.56,292.6,38.54,2025-01,2025,Thursday
ORD100883,2024-12-31,East,Online,Enterprise,Rep_04,Sports & Outdoors,Camping Tent,8,95.33,5.0,46.27,724.51,370.16,354.35,48.91,2024-12,2024,Tuesday
ORD101760,2024-12-03,North,In-Store,Small Business,Rep_15,Sports & Outdoors,Water Bottle,6,27.87,0.0,14.04,167.22,84.24,82.98,49.62,2024-12,2024,Tuesday
ORD102052,2024-01-16,North,Online,Small Business,Rep_09,Electronics,Wireless Earbuds,2,161.56,15.0,77.3,274.65,154.6,120.05,43.71,2024-01,2024,Tuesday
ORD100807,2024-09-14,East,Online,Small Business,Rep_06,Home & Kitchen,Vacuum Cleaner,4,101.42,10.0,48.03,365.11,192.12,172.99,47.38,2024-09,2024,Saturday
ORD102363,2024-08-06,North,Marketplace,Small Business,Rep_03,Sports & Outdoors,Dumbbell Set,2,63.23,0.0,35.86,126.46,71.72,54.74,43.29,2024-08,2024,Tuesday
ORD101962,2025-01-24,West,Online,Small Business,Rep_10,Electronics,Smartwatch,2,218.36,0.0,104.11,436.72,208.22,228.5,52.32,2025-01,2025,Friday
ORD100749,2024-06-21,North,In-Store,Small Business,Rep_06,Beauty,Makeup Kit,1,71.21,0.0,36.72,71.21,36.72,34.49,48.43,2024-06,2024,Friday
ORD101898,2024-12-10,East,In-Store,Small Business,Rep_02,Sports & Outdoors,Yoga Mat,4,64.09,10.0,40.04,230.72,160.16,70.56,30.58,2024-12,2024,Tuesday
ORD102434,2025-03-24,North,Online,Consumer,Unassigned,Beauty,Makeup Kit,5,32.04,0.0,18.85,160.2,94.25,65.95,41.17,2025-03,2025,Monday
ORD101564,2025-06-15,North,Online,Consumer,Rep_10,Sports & Outdoors,Camping Tent,7,98.21,0.0,55.92,687.47,391.44,296.03,43.06,2025-06,2025,Sunday
ORD100596,2024-05-28,North,Online,Consumer,Rep_10,Beauty,Hair Dryer,3,35.27,15.0,22.66,89.94,67.98,21.96,24.42,2024-05,2024,Tuesday
ORD102636,2024-03-04,East,Online,Consumer,Rep_03,Home & Kitchen,Coffee Maker,1,32.17,0.0,21.53,32.17,21.53,10.64,33.07,2024-03,2024,Monday
ORD102000,2024-07-05,South,In-Store,Consumer,Rep_05,Home & Kitchen,Coffee Maker,4,145.95,0.0,97.66,583.8,390.64,193.16,33.09,2024-07,2024,Friday
ORD100638,2024-02-20,North,Online,Small Business,Rep_14,Home & Kitchen,Coffee Maker,5,179.82,5.0,103.38,854.14,516.9,337.24,39.48,2024-02,2024,Tuesday
ORD101900,2025-04-24,East,Online,Enterprise,Rep_12,Apparel,Winter Coat,3,90.61,0.0,43.99,271.83,131.97,139.86,51.45,2025-04,2025,Thursday
ORD102159,2024-05-14,East,Marketplace,Enterprise,Rep_04,Home & Kitchen,Vacuum Cleaner,5,154.84,0.0,99.43,774.2,497.15,277.05,35.79,2024-05,2024,Tuesday
ORD101942,2024-12-29,North,In-Store,Consumer,Rep_08,Home & Kitchen,Vacuum Cleaner,2,71.49,5.0,36.21,135.83,72.42,63.41,46.68,2024-12,2024,Sunday
ORD101961,2025-03-31,North,Marketplace,Consumer,Rep_14,Apparel,Backpack,7,73.37,5.0,36.39,487.91,254.73,233.18,47.79,2025-03,2025,Monday
ORD102075,2024-08-06,South,Marketplace,Small Business,Rep_07,Electronics,Bluetooth Speaker,7,198.6,0.0,107.68,1390.2,753.76,636.44,45.78,2024-08,2024,Tuesday
ORD100347,2024-11-28,East,Online,Small Business,Rep_05,Apparel,Running Shoes,6,98.92,5.0,55.91,563.84,335.46,228.38,40.5,2024-11,2024,Thursday
ORD100089,2024-02-21,South,Online,Consumer,Rep_12,Home & Kitchen,Vacuum Cleaner,9,68.47,0.0,31.06,616.23,279.54,336.69,54.64,2024-02,2024,Wednesday
ORD102457,2025-08-04,West,Online,Small Business,Rep_15,Apparel,Denim Jacket,3,24.81,5.0,15.53,70.71,46.59,24.12,34.11,2025-08,2025,Monday
ORD101420,2025-06-22,North,In-Store,Consumer,Rep_04,Electronics,Laptop Stand,8,83.69,10.0,55.88,602.57,447.04,155.53,25.81,2025-06,2025,Sunday
ORD100017,2024-08-20,North,Marketplace,Consumer,Rep_08,Home & Kitchen,Vacuum Cleaner,4,35.86,0.0,20.38,143.44,81.52,61.92,43.17,2024-08,2024,Tuesday
ORD100296,2024-01-11,West,Marketplace,Consumer,Rep_13,Apparel,Winter Coat,3,101.67,0.0,63.37,305.01,190.11,114.9,37.67,2024-01,2024,Thursday
ORD101995,2024-12-07,North,Online,Small Business,Rep_08,Electronics,Smartwatch,4,139.56,15.0,76.2,474.5,304.8,169.7,35.76,2024-12,2024,Saturday
ORD101931,2024-12-14,West,Online,Consumer,Rep_02,Electronics,Smartwatch,7,136.99,5.0,65.1,910.98,455.7,455.28,49.98,2024-12,2024,Saturday
ORD101926,2025-12-30,East,Online,Consumer,Rep_15,Electronics,Bluetooth Speaker,4,26.17,5.0,13.72,99.45,54.88,44.57,44.82,2025-12,2025,Tuesday
ORD101298,2024-09-20,South,Online,Consumer,Rep_15,Electronics,Wireless Earbuds,4,105.0,0.0,62.61,420.0,250.44,169.56,40.37,2024-09,2024,Friday
ORD100115,2024-11-21,South,Online,Consumer,Rep_03,Home & Kitchen,Blender,1,25.13,0.0,13.95,25.13,13.95,11.18,44.49,2024-11,2024,Thursday
ORD100453,2024-01-21,North,Online,Consumer,Rep_11,Sports & Outdoors,Water Bottle,3,132.56,0.0,66.45,397.68,199.35,198.33,49.87,2024-01,2024,Sunday
ORD100979,2025-05-04,North,Online,Consumer,Rep_12,Electronics,Bluetooth Speaker,3,65.23,0.0,42.26,195.69,126.78,68.91,35.21,2025-05,2025,Sunday
ORD101262,2024-06-26,South,In-Store,Consumer,Rep_02,Apparel,Backpack,6,96.05,0.0,44.59,576.3,267.54,308.76,53.58,2024-06,2024,Wednesday
ORD101635,2025-12-06,East,Online,Consumer,Rep_15,Apparel,Yoga Pants,8,97.63,15.0,48.24,663.88,385.92,277.96,41.87,2025-12,2025,Saturday
ORD101033,2025-07-10,South,Marketplace,Consumer,Rep_08,Sports & Outdoors,Dumbbell Set,5,103.81,0.0,58.66,519.05,293.3,225.75,43.49,2025-07,2025,Thursday
ORD102136,2025-10-14,North,Online,Consumer,Rep_08,Apparel,Backpack,3,94.07,5.0,49.91,268.1,149.73,118.37,44.15,2025-10,2025,Tuesday
ORD101583,2025-05-31,West,Online,Consumer,Rep_04,Electronics,Power Bank,2,211.93,0.0,115.4,423.86,230.8,193.06,45.55,2025-05,2025,Saturday
ORD100262,2024-10-26,East,In-Store,Consumer,Rep_15,Apparel,Winter Coat,3,83.67,0.0,38.59,251.01,115.77,135.24,53.88,2024-10,2024,Saturday
ORD100993,2025-08-24,North,Marketplace,Consumer,Rep_15,Electronics,Wireless Earbuds,2,77.05,0.0,35.8,154.1,71.6,82.5,53.54,2025-08,2025,Sunday
ORD101218,2024-11-11,North,In-Store,Consumer,Rep_03,Sports & Outdoors,Camping Tent,9,61.91,15.0,40.23,473.61,362.07,111.54,23.55,2024-11,2024,Monday
ORD102638,2025-07-15,North,In-Store,Small Business,Rep_10,Beauty,Skincare Set,1,77.91,0.0,42.21,77.91,42.21,35.7,45.82,2025-07,2025,Tuesday
ORD101077,2025-09-11,West,Online,Small Business,Rep_05,Apparel,Backpack,3,86.36,0.0,54.19,259.08,162.57,96.51,37.25,2025-09,2025,Thursday
ORD102431,2024-04-12,West,Online,Consumer,Rep_02,Home & Kitchen,Air Fryer,3,101.01,15.0,59.01,257.58,177.03,80.55,31.27,2024-04,2024,Friday
ORD100590,2025-10-08,West,Online,Consumer,Rep_07,Apparel,Running Shoes,4,109.24,5.0,52.84,415.11,211.36,203.75,49.08,2025-10,2025,Wednesday
ORD100298,2025-07-23,South,Online,Consumer,Rep_05,Sports & Outdoors,Water Bottle,5,43.38,10.0,28.46,195.21,142.3,52.91,27.1,2025-07,2025,Wednesday
ORD100479,2024-08-27,West,In-Store,Small Business,Rep_02,Sports & Outdoors,Yoga Mat,2,62.31,0.0,33.65,124.62,67.3,57.32,46.0,2024-08,2024,Tuesday
ORD102419,2025-10-21,West,In-Store,Consumer,Rep_07,Apparel,Winter Coat,5,102.91,0.0,65.09,514.55,325.45,189.1,36.75,2025-10,2025,Tuesday
ORD102094,2025-07-13,North,Online,Consumer,Rep_01,Sports & Outdoors,Dumbbell Set,6,118.16,0.0,53.62,708.96,321.72,387.24,54.62,2025-07,2025,Sunday
ORD102230,2024-03-17,West,In-Store,Enterprise,Rep_12,Beauty,Hair Dryer,4,41.25,0.0,23.38,165.0,93.52,71.48,43.32,2024-03,2024,Sunday
ORD100000,2024-03-06,West,In-Store,Consumer,Rep_08,Home & Kitchen,Cookware Set,4,145.77,0.0,67.74,583.08,270.96,312.12,53.53,2024-03,2024,Wednesday
ORD100037,2024-03-20,East,In-Store,Consumer,Rep_01,Sports & Outdoors,Dumbbell Set,4,129.68,0.0,84.8,518.72,339.2,179.52,34.61,2024-03,2024,Wednesday
ORD102143,2025-03-23,West,Online,Small Business,Rep_05,Electronics,Wireless Earbuds,9,178.26,0.0,100.84,1604.34,907.56,696.78,43.43,2025-03,2025,Sunday
ORD101803,2025-06-02,South,In-Store,Small Business,Rep_04,Apparel,Running Shoes,7,108.82,0.0,62.94,761.74,440.58,321.16,42.16,2025-06,2025,Monday
ORD101776,2025-09-04,East,Online,Small Business,Rep_15,Sports & Outdoors,Dumbbell Set,6,122.76,0.0,68.69,736.56,412.14,324.42,44.05,2025-09,2025,Thursday
ORD101141,2024-10-28,North,Online,Enterprise,Rep_07,Apparel,Backpack,3,19.42,0.0,11.36,58.26,34.08,24.18,41.5,2024-10,2024,Monday
ORD100738,2024-06-05,North,Online,Consumer,Rep_03,Electronics,Laptop Stand,4,70.05,0.0,31.93,280.2,127.72,152.48,54.42,2024-06,2024,Wednesday
ORD100877,2024-11-18,East,In-Store,Consumer,Rep_12,Electronics,Smartwatch,3,35.95,0.0,24.04,107.85,72.12,35.73,33.13,2024-11,2024,Monday
ORD101428,2024-01-30,South,In-Store,Small Business,Unassigned,Home & Kitchen,Blender,4,143.65,0.0,96.93,574.6,387.72,186.88,32.52,2024-01,2024,Tuesday
ORD101153,2025-12-10,North,In-Store,Consumer,Rep_10,Sports & Outdoors,Camping Tent,5,25.46,10.0,14.22,114.57,71.1,43.47,37.94,2025-12,2025,Wednesday
ORD101778,2025-05-08,North,Online,Consumer,Rep_06,Apparel,Winter Coat,5,80.1,0.0,37.74,400.5,188.7,211.8,52.88,2025-05,2025,Thursday
ORD100094,2025-12-08,North,Online,Consumer,Unassigned,Apparel,Running Shoes,4,99.29,10.0,53.8,357.44,215.2,142.24,39.79,2025-12,2025,Monday
ORD100374,2024-03-27,East,In-Store,Consumer,Rep_14,Apparel,Denim Jacket,1,64.0,15.0,37.62,54.4,37.62,16.78,30.85,2024-03,2024,Wednesday
ORD102185,2024-01-10,West,Online,Small Business,Rep_04,Sports & Outdoors,Water Bottle,4,40.61,0.0,24.36,162.44,97.44,65.0,40.01,2024-01,2024,Wednesday
ORD102421,2024-09-11,West,In-Store,Consumer,Rep_14,Electronics,Wireless Earbuds,3,91.91,5.0,56.3,261.94,168.9,93.04,35.52,2024-09,2024,Wednesday
ORD100058,2025-12-20,South,Marketplace,Small Business,Rep_05,Electronics,Laptop Stand,9,128.63,0.0,61.61,1157.67,554.49,603.18,52.1,2025-12,2025,Saturday
ORD102632,2025-04-10,West,In-Store,Consumer,Rep_03,Home & Kitchen,Air Fryer,6,156.04,0.0,74.16,936.24,444.96,491.28,52.47,2025-04,2025,Thursday
ORD100959,2024-03-06,South,Online,Small Business,Rep_15,Electronics,Laptop Stand,5,205.84,0.0,102.64,1029.2,513.2,516.0,50.14,2024-03,2024,Wednesday
ORD101763,2025-01-10,South,In-Store,Consumer,Rep_02,Electronics,Wireless Earbuds,4,152.57,0.0,74.1,610.28,296.4,313.88,51.43,2025-01,2025,Friday
ORD102362,2025-04-13,South,Online,Consumer,Rep_11,Beauty,Makeup Kit,6,57.33,0.0,36.8,343.98,220.8,123.18,35.81,2025-04,2025,Sunday
ORD101192,2025-07-27,South,Online,Consumer,Rep_06,Apparel,Yoga Pants,4,98.04,0.0,55.67,392.16,222.68,169.48,43.22,2025-07,2025,Sunday
ORD100196,2024-12-29,West,Online,Consumer,Rep_14,Sports & Outdoors,Water Bottle,4,19.5,10.0,12.64,70.2,50.56,19.64,27.98,2024-12,2024,Sunday
ORD101368,2024-08-06,South,Online,Consumer,Rep_15,Apparel,Backpack,1,25.34,0.0,11.81,25.34,11.81,13.53,53.39,2024-08,2024,Tuesday
ORD100372,2024-11-01,South,Online,Consumer,Rep_01,Apparel,Running Shoes,1,73.47,0.0,36.35,73.47,36.35,37.12,50.52,2024-11,2024,Friday
ORD101398,2024-10-03,West,Online,Consumer,Rep_15,Electronics,Laptop Stand,1,75.63,0.0,42.09,75.63,42.09,33.54,44.35,2024-10,2024,Thursday
ORD101163,2025-01-02,South,In-Store,Small Business,Rep_02,Sports & Outdoors,Water Bottle,3,100.94,10.0,68.07,272.54,204.21,68.33,25.07,2025-01,2025,Thursday
ORD100619,2024-11-17,North,Marketplace,Small Business,Rep_10,Apparel,Running Shoes,6,88.3,5.0,48.76,503.31,292.56,210.75,41.87,2024-11,2024,Sunday
ORD102028,2025-01-25,North,In-Store,Small Business,Rep_14,Apparel,Running Shoes,1,46.68,0.0,22.36,46.68,22.36,24.32,52.1,2025-01,2025,Saturday
ORD102047,2025-03-20,North,Marketplace,Consumer,Rep_07,Beauty,Hair Dryer,4,12.8,5.0,7.06,48.64,28.24,20.4,41.94,2025-03,2025,Thursday
ORD101972,2024-05-01,East,In-Store,Consumer,Rep_06,Electronics,Wireless Earbuds,1,129.51,0.0,76.04,129.51,76.04,53.47,41.29,2024-05,2024,Wednesday
ORD100945,2025-01-09,East,Online,Consumer,Rep_03,Home & Kitchen,Cookware Set,7,141.52,0.0,77.13,990.64,539.91,450.73,45.5,2025-01,2025,Thursday
ORD102118,2024-03-04,East,Marketplace,Enterprise,Rep_10,Home & Kitchen,Cookware Set,4,83.03,0.0,48.67,332.12,194.68,137.44,41.38,2024-03,2024,Monday
ORD101671,2025-03-11,South,Online,Consumer,Rep_11,Beauty,Makeup Kit,1,76.68,5.0,41.72,72.85,41.72,31.13,42.73,2025-03,2025,Tuesday
ORD100362,2024-12-23,East,Online,Consumer,Rep_10,Home & Kitchen,Cookware Set,3,51.28,0.0,26.75,153.84,80.25,73.59,47.84,2024-12,2024,Monday
ORD100051,2024-10-14,North,In-Store,Consumer,Rep_04,Home & Kitchen,Blender,2,27.23,0.0,17.04,54.46,34.08,20.38,37.42,2024-10,2024,Monday
ORD101193,2024-02-09,East,Online,Small Business,Rep_03,Apparel,Backpack,4,118.84,5.0,79.19,451.59,316.76,134.83,29.86,2024-02,2024,Friday
ORD101318,2024-10-25,North,In-Store,Small Business,Rep_01,Home & Kitchen,Coffee Maker,2,64.1,5.0,37.32,121.79,74.64,47.15,38.71,2024-10,2024,Friday
ORD100789,2025-08-28,East,In-Store,Consumer,Rep_01,Apparel,Winter Coat,2,49.04,0.0,24.58,98.08,49.16,48.92,49.88,2025-08,2025,Thursday
ORD101976,2024-06-23,North,Online,Consumer,Rep_06,Apparel,Winter Coat,3,62.94,0.0,42.41,188.82,127.23,61.59,32.62,2024-06,2024,Sunday
ORD101402,2025-05-22,North,Marketplace,Consumer,Rep_03,Home & Kitchen,Air Fryer,1,34.32,0.0,22.8,34.32,22.8,11.52,33.57,2025-05,2025,Thursday
ORD102615,2024-04-15,West,Online,Consumer,Rep_13,Apparel,Denim Jacket,2,107.58,0.0,58.3,215.16,116.6,98.56,45.81,2024-04,2024,Monday
ORD100170,2024-07-05,North,Marketplace,Consumer,Rep_07,Apparel,Yoga Pants,1,90.19,0.0,41.96,90.19,41.96,48.23,53.48,2024-07,2024,Friday
ORD100034,2024-10-12,North,Online,Enterprise,Rep_11,Home & Kitchen,Air Fryer,10,115.76,5.0,63.81,1099.72,638.1,461.62,41.98,2024-10,2024,Saturday
ORD101301,2024-11-11,East,In-Store,Small Business,Rep_03,Home & Kitchen,Air Fryer,6,161.68,0.0,88.17,970.08,529.02,441.06,45.47,2024-11,2024,Monday
ORD100727,2025-01-04,West,Online,Small Business,Rep_09,Home & Kitchen,Vacuum Cleaner,3,134.2,0.0,89.82,402.6,269.46,133.14,33.07,2025-01,2025,Saturday
ORD100502,2025-03-29,West,Online,Consumer,Rep_06,Home & Kitchen,Vacuum Cleaner,1,37.25,0.0,25.24,37.25,25.24,12.01,32.24,2025-03,2025,Saturday
ORD101854,2025-03-15,East,Online,Consumer,Rep_13,Apparel,Winter Coat,6,117.43,0.0,66.72,704.58,400.32,304.26,43.18,2025-03,2025,Saturday
ORD102284,2025-04-27,East,Online,Consumer,Rep_12,Home & Kitchen,Blender,6,130.06,0.0,65.91,780.36,395.46,384.9,49.32,2025-04,2025,Sunday
ORD100707,2024-07-20,East,Online,Consumer,Rep_10,Sports & Outdoors,Yoga Mat,1,30.82,0.0,14.9,30.82,14.9,15.92,51.65,2024-07,2024,Saturday
ORD101205,2025-05-22,North,Marketplace,Small Business,Rep_14,Home & Kitchen,Cookware Set,9,33.77,20.0,18.85,243.14,169.65,73.49,30.23,2025-05,2025,Thursday
ORD101974,2025-07-31,East,Online,Consumer,Rep_01,Beauty,Skincare Set,1,55.09,5.0,34.14,52.34,34.14,18.2,34.77,2025-07,2025,Thursday
ORD101447,2025-07-28,East,Online,Small Business,Rep_04,Apparel,Backpack,2,84.25,5.0,52.25,160.07,104.5,55.57,34.72,2025-07,2025,Monday
ORD101911,2025-06-10,East,Online,Consumer,Rep_10,Home & Kitchen,Air Fryer,7,142.67,0.0,87.99,998.69,615.93,382.76,38.33,2025-06,2025,Tuesday
ORD102253,2025-11-13,North,Online,Consumer,Rep_05,Beauty,Makeup Kit,5,73.94,0.0,49.63,369.7,248.15,121.55,32.88,2025-11,2025,Thursday
ORD101896,2025-10-30,West,Marketplace,Consumer,Rep_10,Beauty,Perfume,3,29.97,15.0,16.67,76.42,50.01,26.41,34.56,2025-10,2025,Thursday
ORD100899,2025-10-15,West,Marketplace,Small Business,Rep_03,Sports & Outdoors,Water Bottle,2,149.74,0.0,86.98,299.48,173.96,125.52,41.91,2025-10,2025,Wednesday
ORD102092,2024-06-25,South,Marketplace,Consumer,Rep_15,Beauty,Skincare Set,5,72.26,0.0,33.14,361.3,165.7,195.6,54.14,2024-06,2024,Tuesday
ORD100206,2024-02-03,South,In-Store,Enterprise,Rep_14,Beauty,Perfume,2,33.41,0.0,22.7,66.82,45.4,21.42,32.06,2024-02,2024,Saturday
ORD100720,2024-01-04,North,In-Store,Small Business,Rep_01,Home & Kitchen,Coffee Maker,4,83.42,15.0,55.75,283.63,223.0,60.63,21.38,2024-01,2024,Thursday
ORD100547,2024-12-05,East,In-Store,Consumer,Unassigned,Apparel,Running Shoes,5,85.13,5.0,50.96,404.37,254.8,149.57,36.99,2024-12,2024,Thursday
ORD101370,2024-12-08,East,Online,Consumer,Rep_14,Electronics,Smartwatch,8,103.53,0.0,60.79,828.24,486.32,341.92,41.28,2024-12,2024,Sunday
ORD100658,2024-07-17,East,Online,Consumer,Rep_05,Apparel,Winter Coat,3,19.24,0.0,12.31,57.72,36.93,20.79,36.02,2024-07,2024,Wednesday
ORD101263,2025-11-15,East,Online,Consumer,Rep_07,Electronics,Smartwatch,9,111.9,10.0,68.64,906.39,617.76,288.63,31.84,2025-11,2025,Saturday
ORD102197,2024-06-26,North,Online,Enterprise,Rep_13,Beauty,Skincare Set,6,69.24,0.0,33.83,415.44,202.98,212.46,51.14,2024-06,2024,Wednesday
ORD100684,2025-06-08,North,In-Store,Consumer,Rep_01,Sports & Outdoors,Camping Tent,4,118.66,5.0,73.51,450.91,294.04,156.87,34.79,2025-06,2025,Sunday
ORD101252,2024-11-06,South,In-Store,Enterprise,Rep_06,Electronics,Power Bank,3,41.76,0.0,23.36,125.28,70.08,55.2,44.06,2024-11,2024,Wednesday
ORD101082,2024-08-30,West,In-Store,Small Business,Rep_04,Electronics,Laptop Stand,3,94.59,10.0,55.6,255.39,166.8,88.59,34.69,2024-08,2024,Friday
ORD100426,2024-01-19,South,Online,Consumer,Rep_08,Home & Kitchen,Vacuum Cleaner,2,136.91,10.0,72.98,246.44,145.96,100.48,40.77,2024-01,2024,Friday
ORD101352,2024-07-26,North,Online,Consumer,Rep_09,Electronics,Wireless Earbuds,3,94.36,20.0,50.55,226.46,151.65,74.81,33.03,2024-07,2024,Friday
ORD102289,2024-05-04,South,Marketplace,Consumer,Rep_12,Sports & Outdoors,Yoga Mat,3,76.7,0.0,44.42,230.1,133.26,96.84,42.09,2024-05,2024,Saturday
ORD101910,2024-09-16,South,Online,Small Business,Rep_13,Home & Kitchen,Vacuum Cleaner,1,137.27,0.0,77.39,137.27,77.39,59.88,43.62,2024-09,2024,Monday
ORD102103,2024-07-21,South,Online,Consumer,Rep_10,Sports & Outdoors,Camping Tent,5,87.43,10.0,52.68,393.44,263.4,130.04,33.05,2024-07,2024,Sunday
ORD102590,2025-12-18,North,Online,Consumer,Rep_08,Home & Kitchen,Cookware Set,5,63.23,5.0,31.35,300.34,156.75,143.59,47.81,2025-12,2025,Thursday
ORD100640,2025-02-25,West,In-Store,Consumer,Rep_10,Sports & Outdoors,Dumbbell Set,6,64.13,0.0,41.36,384.78,248.16,136.62,35.51,2025-02,2025,Tuesday
ORD101566,2025-05-02,West,In-Store,Small Business,Rep_06,Beauty,Hair Dryer,1,49.51,5.0,31.39,47.03,31.39,15.64,33.26,2025-05,2025,Friday
ORD101493,2024-12-11,North,Online,Small Business,Rep_09,Electronics,Smartwatch,5,30.32,0.0,17.28,151.6,86.4,65.2,43.01,2024-12,2024,Wednesday
ORD102417,2024-01-14,South,Online,Small Business,Rep_05,Beauty,Skincare Set,3,36.0,10.0,20.93,97.2,62.79,34.41,35.4,2024-01,2024,Sunday
ORD101784,2025-02-25,East,Online,Consumer,Rep_07,Sports & Outdoors,Water Bottle,5,27.68,0.0,14.2,138.4,71.0,67.4,48.7,2025-02,2025,Tuesday
ORD100897,2025-07-20,East,Online,Small Business,Unassigned,Sports & Outdoors,Yoga Mat,1,92.95,10.0,44.36,83.66,44.36,39.3,46.98,2025-07,2025,Sunday
ORD100795,2024-05-09,North,Online,Consumer,Rep_04,Electronics,Smartwatch,1,92.66,0.0,58.17,92.66,58.17,34.49,37.22,2024-05,2024,Thursday
ORD100474,2024-04-29,South,Online,Consumer,Rep_10,Home & Kitchen,Coffee Maker,6,53.03,0.0,28.07,318.18,168.42,149.76,47.07,2024-04,2024,Monday
ORD101621,2025-12-30,North,Online,Small Business,Rep_07,Apparel,Backpack,5,71.9,0.0,40.5,359.5,202.5,157.0,43.67,2025-12,2025,Tuesday
ORD100200,2025-01-02,South,In-Store,Consumer,Rep_13,Apparel,Yoga Pants,6,74.25,0.0,43.46,445.5,260.76,184.74,41.47,2025-01,2025,Thursday
ORD101286,2024-05-20,West,Marketplace,Consumer,Rep_05,Apparel,Denim Jacket,2,17.92,0.0,12.01,35.84,24.02,11.82,32.98,2024-05,2024,Monday
ORD101437,2025-03-12,West,Online,Small Business,Rep_15,Electronics,Laptop Stand,1,75.85,0.0,43.24,75.85,43.24,32.61,42.99,2025-03,2025,Wednesday
ORD101538,2024-05-08,West,Marketplace,Enterprise,Rep_04,Sports & Outdoors,Dumbbell Set,7,116.66,0.0,70.9,816.62,496.3,320.32,39.23,2024-05,2024,Wednesday
ORD102071,2024-03-10,West,Online,Enterprise,Rep_05,Sports & Outdoors,Cycling Helmet,2,64.29,0.0,38.13,128.58,76.26,52.32,40.69,2024-03,2024,Sunday
ORD101294,2025-07-03,North,Online,Small Business,Rep_14,Sports & Outdoors,Water Bottle,8,21.58,10.0,13.11,155.38,104.88,50.5,32.5,2025-07,2025,Thursday
ORD101701,2024-07-26,South,In-Store,Small Business,Rep_15,Electronics,Wireless Earbuds,5,43.7,20.0,19.71,174.8,98.55,76.25,43.62,2024-07,2024,Friday
ORD102160,2025-06-17,South,Online,Consumer,Rep_11,Apparel,Running Shoes,6,74.92,5.0,41.16,427.04,246.96,180.08,42.17,2025-06,2025,Tuesday
ORD100071,2024-12-13,West,Online,Consumer,Rep_03,Electronics,Wireless Earbuds,4,35.78,0.0,17.1,143.12,68.4,74.72,52.21,2024-12,2024,Friday
ORD100295,2024-09-17,South,Online,Enterprise,Rep_09,Electronics,Smartwatch,3,105.65,20.0,61.04,253.56,183.12,70.44,27.78,2024-09,2024,Tuesday
ORD101393,2024-06-24,South,Online,Consumer,Rep_09,Sports & Outdoors,Cycling Helmet,6,100.99,15.0,53.47,515.05,320.82,194.23,37.71,2024-06,2024,Monday
ORD101134,2025-09-21,East,In-Store,Consumer,Rep_14,Beauty,Face Serum,2,16.63,0.0,8.38,33.26,16.76,16.5,49.61,2025-09,2025,Sunday
ORD101506,2024-05-20,West,Marketplace,Consumer,Rep_05,Beauty,Hair Dryer,1,11.29,0.0,6.79,11.29,6.79,4.5,39.86,2024-05,2024,Monday
ORD100396,2025-01-05,East,Online,Consumer,Rep_05,Electronics,Power Bank,4,121.15,0.0,57.47,484.6,229.88,254.72,52.56,2025-01,2025,Sunday
ORD101879,2024-12-17,East,Marketplace,Consumer,Rep_07,Beauty,Makeup Kit,4,79.66,20.0,44.38,254.91,177.52,77.39,30.36,2024-12,2024,Tuesday
ORD100704,2024-02-26,West,Marketplace,Consumer,Rep_11,Home & Kitchen,Air Fryer,3,152.19,0.0,95.52,456.57,286.56,170.01,37.24,2024-02,2024,Monday
ORD100651,2024-03-27,East,In-Store,Consumer,Rep_06,Sports & Outdoors,Water Bottle,4,46.26,20.0,21.4,148.03,85.6,62.43,42.17,2024-03,2024,Wednesday
ORD101853,2025-05-26,North,Online,Small Business,Rep_03,Electronics,Laptop Stand,1,208.92,0.0,128.53,208.92,128.53,80.39,38.48,2025-05,2025,Monday
ORD101084,2025-05-10,East,Online,Consumer,Rep_15,Electronics,Bluetooth Speaker,3,88.72,0.0,54.12,266.16,162.36,103.8,39.0,2025-05,2025,Saturday
ORD102264,2024-06-10,West,In-Store,Consumer,Rep_09,Sports & Outdoors,Yoga Mat,6,29.09,0.0,16.77,174.54,100.62,73.92,42.35,2024-06,2024,Monday
ORD102299,2024-10-27,East,In-Store,Enterprise,Rep_03,Home & Kitchen,Coffee Maker,1,158.74,5.0,99.97,150.8,99.97,50.83,33.71,2024-10,2024,Sunday
ORD100240,2024-12-10,North,Marketplace,Consumer,Rep_11,Apparel,Yoga Pants,2,44.42,0.0,25.47,88.84,50.94,37.9,42.66,2024-12,2024,Tuesday
ORD100536,2025-05-30,East,Online,Consumer,Unassigned,Electronics,Smartwatch,6,56.69,0.0,26.93,340.14,161.58,178.56,52.5,2025-05,2025,Friday
ORD100670,2025-06-04,East,In-Store,Consumer,Rep_06,Home & Kitchen,Vacuum Cleaner,8,41.38,0.0,20.08,331.04,160.64,170.4,51.47,2025-06,2025,Wednesday
ORD102491,2024-07-29,East,Online,Consumer,Rep_09,Beauty,Skincare Set,6,72.92,0.0,38.92,437.52,233.52,204.0,46.63,2024-07,2024,Monday
ORD101990,2025-10-05,West,Online,Consumer,Rep_06,Apparel,Yoga Pants,6,38.64,0.0,23.44,231.84,140.64,91.2,39.34,2025-10,2025,Sunday
ORD101967,2024-06-05,South,Online,Small Business,Rep_02,Beauty,Face Serum,4,10.04,0.0,6.1,40.16,24.4,15.76,39.24,2024-06,2024,Wednesday
ORD101586,2024-04-20,South,Online,Consumer,Rep_07,Electronics,Smartwatch,5,69.39,0.0,42.9,346.95,214.5,132.45,38.18,2024-04,2024,Saturday
ORD102186,2024-08-10,North,Marketplace,Consumer,Rep_01,Electronics,Bluetooth Speaker,1,121.86,0.0,59.18,121.86,59.18,62.68,51.44,2024-08,2024,Saturday
ORD100013,2024-05-25,East,In-Store,Consumer,Rep_01,Sports & Outdoors,Dumbbell Set,3,140.76,0.0,90.19,422.28,270.57,151.71,35.93,2024-05,2024,Saturday
ORD102002,2024-12-23,North,Online,Consumer,Rep_10,Apparel,Yoga Pants,2,38.79,0.0,22.76,77.58,45.52,32.06,41.33,2024-12,2024,Monday
ORD102390,2025-11-07,East,Online,Consumer,Rep_13,Beauty,Skincare Set,4,57.75,5.0,33.29,219.45,133.16,86.29,39.32,2025-11,2025,Friday
ORD101058,2025-09-25,South,Online,Small Business,Rep_01,Apparel,Running Shoes,3,45.15,0.0,25.82,135.45,77.46,57.99,42.81,2025-09,2025,Thursday
ORD100496,2024-06-29,North,In-Store,Consumer,Rep_14,Beauty,Perfume,2,18.91,0.0,9.88,37.82,19.76,18.06,47.75,2024-06,2024,Saturday
ORD101755,2024-09-16,East,Online,Consumer,Rep_14,Electronics,Wireless Earbuds,4,82.05,0.0,37.37,328.2,149.48,178.72,54.45,2024-09,2024,Monday
ORD100376,2024-03-23,South,Online,Small Business,Rep_15,Home & Kitchen,Coffee Maker,5,135.81,5.0,90.91,645.1,454.55,190.55,29.54,2024-03,2024,Saturday
ORD101611,2024-09-17,North,Online,Consumer,Rep_05,Sports & Outdoors,Yoga Mat,3,121.5,10.0,58.95,328.05,176.85,151.2,46.09,2024-09,2024,Tuesday
ORD101157,2024-03-08,South,Marketplace,Small Business,Rep_01,Apparel,Winter Coat,1,119.25,0.0,77.47,119.25,77.47,41.78,35.04,2024-03,2024,Friday
ORD101644,2025-09-16,South,In-Store,Small Business,Rep_13,Apparel,Denim Jacket,4,42.82,0.0,21.59,171.28,86.36,84.92,49.58,2025-09,2025,Tuesday
ORD102609,2024-05-30,North,Online,Consumer,Rep_04,Home & Kitchen,Blender,3,116.56,0.0,53.09,349.68,159.27,190.41,54.45,2024-05,2024,Thursday
ORD102393,2024-02-16,South,In-Store,Consumer,Rep_13,Electronics,Bluetooth Speaker,4,40.49,5.0,23.39,153.86,93.56,60.3,39.19,2024-02,2024,Friday
ORD100358,2024-07-12,West,Online,Enterprise,Rep_13,Apparel,Winter Coat,1,52.64,0.0,23.74,52.64,23.74,28.9,54.9,2024-07,2024,Friday
ORD100287,2024-04-22,East,In-Store,Consumer,Rep_12,Apparel,Yoga Pants,4,117.97,0.0,66.28,471.88,265.12,206.76,43.82,2024-04,2024,Monday
ORD102637,2025-01-20,East,Online,Enterprise,Rep_12,Beauty,Face Serum,6,58.63,0.0,28.09,351.78,168.54,183.24,52.09,2025-01,2025,Monday
ORD102479,2024-03-19,West,Marketplace,Consumer,Rep_04,Home & Kitchen,Air Fryer,2,126.74,0.0,82.55,253.48,165.1,88.38,34.87,2024-03,2024,Tuesday
ORD102302,2025-08-29,South,In-Store,Consumer,Rep_11,Electronics,Wireless Earbuds,4,32.72,0.0,21.06,130.88,84.24,46.64,35.64,2025-08,2025,Friday
ORD102400,2025-07-01,West,Online,Consumer,Rep_11,Apparel,Denim Jacket,3,102.05,5.0,65.09,290.84,195.27,95.57,32.86,2025-07,2025,Tuesday
ORD100721,2025-08-01,West,Online,Small Business,Rep_15,Apparel,Backpack,1,46.24,5.0,30.27,43.93,30.27,13.66,31.09,2025-08,2025,Friday
ORD100232,2024-07-27,West,Online,Consumer,Rep_04,Electronics,Bluetooth Speaker,3,73.87,15.0,44.32,188.37,132.96,55.41,29.42,2024-07,2024,Saturday
ORD101670,2025-08-15,West,Marketplace,Consumer,Unassigned,Apparel,Backpack,2,66.88,10.0,30.55,120.38,61.1,59.28,49.24,2025-08,2025,Friday
ORD100341,2025-08-22,West,In-Store,Consumer,Rep_05,Apparel,Yoga Pants,3,45.39,5.0,23.36,129.36,70.08,59.28,45.83,2025-08,2025,Friday
ORD101650,2025-01-15,East,Online,Consumer,Rep_04,Home & Kitchen,Cookware Set,3,75.07,0.0,34.27,225.21,102.81,122.4,54.35,2025-01,2025,Wednesday
ORD102332,2025-07-30,West,In-Store,Consumer,Rep_04,Apparel,Running Shoes,3,100.61,0.0,46.25,301.83,138.75,163.08,54.03,2025-07,2025,Wednesday
ORD100699,2025-04-01,East,In-Store,Consumer,Rep_06,Apparel,Winter Coat,4,61.08,5.0,37.32,232.1,149.28,82.82,35.68,2025-04,2025,Tuesday
ORD101348,2024-09-28,West,Marketplace,Consumer,Rep_09,Home & Kitchen,Vacuum Cleaner,3,47.37,0.0,28.85,142.11,86.55,55.56,39.1,2024-09,2024,Saturday
ORD102375,2024-07-10,South,Online,Small Business,Rep_05,Electronics,Power Bank,2,133.99,0.0,70.53,267.98,141.06,126.92,47.36,2024-07,2024,Wednesday
ORD101737,2024-08-20,West,In-Store,Consumer,Rep_07,Apparel,Yoga Pants,4,118.39,5.0,67.21,449.88,268.84,181.04,40.24,2024-08,2024,Tuesday
ORD101749,2024-08-11,North,Online,Consumer,Rep_06,Electronics,Power Bank,2,44.86,0.0,28.33,89.72,56.66,33.06,36.85,2024-08,2024,Sunday
ORD102165,2025-03-02,South,Online,Consumer,Rep_07,Home & Kitchen,Air Fryer,4,130.42,5.0,82.14,495.6,328.56,167.04,33.7,2025-03,2025,Sunday
ORD102141,2024-03-28,East,In-Store,Consumer,Rep_08,Home & Kitchen,Cookware Set,2,44.82,0.0,26.99,89.64,53.98,35.66,39.78,2024-03,2024,Thursday
ORD102219,2025-06-18,West,Marketplace,Small Business,Rep_01,Apparel,Winter Coat,6,53.35,5.0,35.51,304.1,213.06,91.04,29.94,2025-06,2025,Wednesday
ORD100173,2024-03-21,East,Online,Consumer,Rep_08,Beauty,Makeup Kit,1,40.24,0.0,27.23,40.24,27.23,13.01,32.33,2024-03,2024,Thursday
ORD100141,2024-12-17,North,In-Store,Consumer,Rep_11,Sports & Outdoors,Dumbbell Set,5,58.73,0.0,29.04,293.65,145.2,148.45,50.55,2024-12,2024,Tuesday
ORD100204,2025-06-18,North,Online,Consumer,Rep_07,Sports & Outdoors,Dumbbell Set,7,88.34,5.0,49.99,587.46,349.93,237.53,40.43,2025-06,2025,Wednesday
ORD101592,2025-06-26,West,In-Store,Consumer,Rep_03,Apparel,Winter Coat,6,112.8,0.0,70.92,676.8,425.52,251.28,37.13,2025-06,2025,Thursday
ORD100977,2024-07-04,North,In-Store,Small Business,Rep_12,Home & Kitchen,Cookware Set,2,34.32,0.0,22.9,68.64,45.8,22.84,33.28,2024-07,2024,Thursday
ORD100891,2024-08-12,West,Online,Consumer,Rep_05,Beauty,Hair Dryer,2,81.9,0.0,48.45,163.8,96.9,66.9,40.84,2024-08,2024,Monday
ORD101610,2024-12-31,West,Online,Enterprise,Rep_11,Apparel,Backpack,5,83.78,0.0,53.88,418.9,269.4,149.5,35.69,2024-12,2024,Tuesday
ORD100861,2025-01-19,North,In-Store,Small Business,Rep_04,Home & Kitchen,Vacuum Cleaner,2,64.19,0.0,39.04,128.38,78.08,50.3,39.18,2025-01,2025,Sunday
ORD101292,2025-11-18,West,In-Store,Enterprise,Rep_15,Beauty,Skincare Set,4,23.23,10.0,10.8,83.63,43.2,40.43,48.34,2025-11,2025,Tuesday
ORD102511,2024-03-17,South,Online,Consumer,Rep_04,Electronics,Smartwatch,3,38.96,5.0,17.92,111.04,53.76,57.28,51.59,2024-03,2024,Sunday
ORD100118,2025-01-09,West,Online,Consumer,Unassigned,Apparel,Denim Jacket,6,67.93,0.0,43.93,407.58,263.58,144.0,35.33,2025-01,2025,Thursday
ORD100609,2024-05-24,North,Online,Consumer,Rep_06,Sports & Outdoors,Yoga Mat,1,66.88,0.0,33.13,66.88,33.13,33.75,50.46,2024-05,2024,Friday
ORD100503,2024-01-04,South,Online,Small Business,Rep_05,Electronics,Wireless Earbuds,2,73.31,0.0,36.14,146.62,72.28,74.34,50.7,2024-01,2024,Thursday
ORD101787,2024-03-20,North,Online,Consumer,Rep_07,Apparel,Denim Jacket,1,85.55,5.0,41.07,81.27,41.07,40.2,49.46,2024-03,2024,Wednesday
ORD101844,2025-01-24,North,Online,Consumer,Rep_11,Beauty,Face Serum,2,28.75,0.0,16.14,57.5,32.28,25.22,43.86,2025-01,2025,Friday
ORD101523,2025-03-19,West,Online,Small Business,Rep_06,Sports & Outdoors,Water Bottle,5,72.34,0.0,35.95,361.7,179.75,181.95,50.3,2025-03,2025,Wednesday
ORD101382,2024-01-24,West,In-Store,Small Business,Rep_09,Electronics,Wireless Earbuds,1,213.35,0.0,127.95,213.35,127.95,85.4,40.03,2024-01,2024,Wednesday
ORD101629,2024-01-10,East,In-Store,Small Business,Rep_13,Beauty,Face Serum,2,61.01,5.0,39.75,115.92,79.5,36.42,31.42,2024-01,2024,Wednesday
ORD102575,2024-12-24,East,In-Store,Consumer,Rep_06,Electronics,Wireless Earbuds,4,142.78,0.0,94.58,571.12,378.32,192.8,33.76,2024-12,2024,Tuesday
ORD102175,2025-03-11,North,Marketplace,Enterprise,Rep_09,Home & Kitchen,Air Fryer,5,74.78,10.0,41.45,336.51,207.25,129.26,38.41,2025-03,2025,Tuesday
ORD100427,2024-10-13,West,In-Store,Consumer,Rep_06,Apparel,Yoga Pants,1,72.42,0.0,38.25,72.42,38.25,34.17,47.18,2024-10,2024,Sunday
ORD100701,2024-03-03,East,Marketplace,Small Business,Rep_05,Sports & Outdoors,Camping Tent,2,81.04,0.0,43.74,162.08,87.48,74.6,46.03,2024-03,2024,Sunday
ORD101714,2025-06-21,North,In-Store,Small Business,Rep_01,Electronics,Wireless Earbuds,5,177.62,10.0,120.4,799.29,602.0,197.29,24.68,2025-06,2025,Saturday
ORD100920,2024-03-20,West,Online,Small Business,Rep_14,Electronics,Laptop Stand,1,152.56,0.0,78.77,152.56,78.77,73.79,48.37,2024-03,2024,Wednesday
ORD101137,2024-07-19,West,Online,Consumer,Rep_09,Home & Kitchen,Vacuum Cleaner,1,97.27,0.0,65.08,97.27,65.08,32.19,33.09,2024-07,2024,Friday
ORD100643,2024-06-17,North,In-Store,Consumer,Rep_05,Sports & Outdoors,Dumbbell Set,7,109.79,5.0,58.87,730.1,412.09,318.01,43.56,2024-06,2024,Monday
ORD100603,2024-07-11,West,Online,Consumer,Rep_08,Home & Kitchen,Air Fryer,2,59.12,5.0,34.96,112.33,69.92,42.41,37.75,2024-07,2024,Thursday
ORD101616,2024-12-31,North,Online,Consumer,Rep_03,Apparel,Denim Jacket,3,32.33,0.0,20.12,96.99,60.36,36.63,37.77,2024-12,2024,Tuesday
ORD101882,2024-01-15,West,Online,Consumer,Rep_11,Apparel,Winter Coat,2,17.3,0.0,10.87,34.6,21.74,12.86,37.17,2024-01,2024,Monday
ORD102601,2025-07-08,South,Online,Consumer,Rep_02,Electronics,Power Bank,3,50.61,20.0,30.84,121.46,92.52,28.94,23.83,2025-07,2025,Tuesday
ORD100511,2024-07-16,North,Online,Small Business,Rep_11,Beauty,Face Serum,2,22.57,0.0,13.58,45.14,27.16,17.98,39.83,2024-07,2024,Tuesday
ORD100525,2025-09-02,East,Online,Consumer,Rep_09,Electronics,Laptop Stand,7,158.41,5.0,90.38,1053.43,632.66,420.77,39.94,2025-09,2025,Tuesday
ORD101271,2024-01-14,North,In-Store,Enterprise,Rep_04,Sports & Outdoors,Water Bottle,4,82.52,0.0,52.42,330.08,209.68,120.4,36.48,2024-01,2024,Sunday
ORD100100,2024-11-19,East,In-Store,Consumer,Rep_02,Apparel,Winter Coat,6,108.25,0.0,50.95,649.5,305.7,343.8,52.93,2024-11,2024,Tuesday
ORD100012,2024-01-14,East,In-Store,Consumer,Rep_07,Electronics,Power Bank,4,181.8,15.0,93.79,618.12,375.16,242.96,39.31,2024-01,2024,Sunday
ORD100746,2024-11-15,East,In-Store,Enterprise,Rep_15,Electronics,Power Bank,6,73.02,10.0,37.31,394.31,223.86,170.45,43.23,2024-11,2024,Friday
ORD101387,2024-01-27,West,Online,Consumer,Rep_11,Apparel,Yoga Pants,1,118.28,0.0,67.44,118.28,67.44,50.84,42.98,2024-01,2024,Saturday
ORD102412,2025-07-06,North,Online,Consumer,Rep_03,Beauty,Makeup Kit,6,16.21,0.0,10.79,97.26,64.74,32.52,33.44,2025-07,2025,Sunday
ORD101955,2025-06-25,South,Online,Consumer,Rep_04,Apparel,Backpack,2,69.85,0.0,40.22,139.7,80.44,59.26,42.42,2025-06,2025,Wednesday
ORD102409,2024-06-02,East,Marketplace,Small Business,Rep_14,Home & Kitchen,Vacuum Cleaner,7,159.38,0.0,104.65,1115.66,732.55,383.11,34.34,2024-06,2024,Sunday
ORD101116,2025-10-04,West,Online,Small Business,Rep_09,Sports & Outdoors,Dumbbell Set,3,109.34,0.0,67.2,328.02,201.6,126.42,38.54,2025-10,2025,Saturday
ORD101365,2024-03-16,South,Online,Small Business,Rep_12,Beauty,Hair Dryer,1,15.85,0.0,7.22,15.85,7.22,8.63,54.45,2024-03,2024,Saturday
ORD100117,2024-01-16,East,Marketplace,Enterprise,Rep_12,Home & Kitchen,Cookware Set,1,91.19,0.0,58.71,91.19,58.71,32.48,35.62,2024-01,2024,Tuesday
ORD101631,2024-10-17,North,Online,Consumer,Rep_08,Beauty,Face Serum,2,50.13,15.0,23.89,85.22,47.78,37.44,43.93,2024-10,2024,Thursday
ORD100690,2024-07-07,East,In-Store,Consumer,Rep_11,Electronics,Smartwatch,3,91.81,5.0,54.36,261.66,163.08,98.58,37.67,2024-07,2024,Sunday
ORD100838,2025-04-30,East,In-Store,Small Business,Rep_01,Beauty,Perfume,4,27.36,5.0,13.9,103.97,55.6,48.37,46.52,2025-04,2025,Wednesday
ORD100490,2024-01-12,West,Online,Consumer,Rep_08,Apparel,Backpack,7,77.2,5.0,40.21,513.38,281.47,231.91,45.17,2024-01,2024,Friday
ORD100046,2024-02-13,West,Online,Consumer,Rep_09,Apparel,Running Shoes,2,109.22,0.0,56.55,218.44,113.1,105.34,48.22,2024-02,2024,Tuesday
ORD100492,2024-08-05,East,Marketplace,Small Business,Rep_09,Apparel,Backpack,4,67.89,0.0,34.97,271.56,139.88,131.68,48.49,2024-08,2024,Monday
ORD101320,2024-12-17,North,Online,Consumer,Rep_09,Apparel,Backpack,6,111.8,0.0,61.79,670.8,370.74,300.06,44.73,2024-12,2024,Tuesday
ORD100717,2024-03-04,East,Online,Consumer,Unassigned,Electronics,Power Bank,2,66.93,0.0,39.69,133.86,79.38,54.48,40.7,2024-03,2024,Monday
ORD102089,2024-08-25,South,Online,Enterprise,Rep_06,Sports & Outdoors,Dumbbell Set,3,72.69,0.0,43.48,218.07,130.44,87.63,40.18,2024-08,2024,Sunday
ORD101227,2024-10-23,East,Online,Consumer,Unassigned,Sports & Outdoors,Yoga Mat,1,64.97,0.0,35.58,64.97,35.58,29.39,45.24,2024-10,2024,Wednesday
ORD101524,2024-12-15,North,Online,Consumer,Rep_01,Beauty,Makeup Kit,5,18.62,0.0,10.72,93.1,53.6,39.5,42.43,2024-12,2024,Sunday
ORD100786,2024-01-06,West,Online,Enterprise,Rep_02,Beauty,Makeup Kit,3,17.73,0.0,11.19,53.19,33.57,19.62,36.89,2024-01,2024,Saturday
ORD101831,2025-01-21,North,Online,Small Business,Rep_01,Sports & Outdoors,Dumbbell Set,5,146.6,15.0,88.64,623.05,443.2,179.85,28.87,2025-01,2025,Tuesday
ORD101228,2025-04-20,East,In-Store,Consumer,Rep_03,Sports & Outdoors,Camping Tent,1,31.16,10.0,18.21,28.04,18.21,9.83,35.06,2025-04,2025,Sunday
ORD102620,2024-07-23,West,In-Store,Consumer,Rep_04,Home & Kitchen,Air Fryer,2,99.71,0.0,63.82,199.42,127.64,71.78,35.99,2024-07,2024,Tuesday
ORD101312,2025-02-16,East,Online,Small Business,Rep_03,Sports & Outdoors,Camping Tent,1,76.94,0.0,44.83,76.94,44.83,32.11,41.73,2025-02,2025,Sunday
ORD102481,2024-03-20,East,In-Store,Small Business,Rep_08,Home & Kitchen,Blender,3,91.04,0.0,49.65,273.12,148.95,124.17,45.46,2024-03,2024,Wednesday
ORD101057,2024-01-23,South,In-Store,Consumer,Rep_14,Electronics,Smartwatch,6,95.31,0.0,52.57,571.86,315.42,256.44,44.84,2024-01,2024,Tuesday
ORD101989,2024-03-21,North,Marketplace,Small Business,Rep_15,Home & Kitchen,Coffee Maker,5,113.76,0.0,51.85,568.8,259.25,309.55,54.42,2024-03,2024,Thursday
ORD102634,2025-03-19,North,In-Store,Small Business,Rep_11,Beauty,Face Serum,3,78.75,15.0,52.74,200.81,158.22,42.59,21.21,2025-03,2025,Wednesday
ORD101273,2025-01-22,East,In-Store,Consumer,Rep_02,Electronics,Wireless Earbuds,1,57.07,0.0,28.34,57.07,28.34,28.73,50.34,2025-01,2025,Wednesday
ORD101704,2024-08-22,East,Online,Small Business,Rep_10,Home & Kitchen,Vacuum Cleaner,8,32.78,15.0,16.63,222.9,133.04,89.86,40.31,2024-08,2024,Thursday
ORD102108,2024-08-11,South,Online,Enterprise,Rep_05,Beauty,Hair Dryer,2,17.09,5.0,8.48,32.47,16.96,15.51,47.77,2024-08,2024,Sunday
ORD101937,2025-05-30,East,Online,Consumer,Rep_12,Electronics,Bluetooth Speaker,1,160.43,0.0,96.04,160.43,96.04,64.39,40.14,2025-05,2025,Friday
ORD100043,2024-10-31,North,Online,Enterprise,Rep_11,Apparel,Backpack,2,89.71,0.0,41.01,179.42,82.02,97.4,54.29,2024-10,2024,Thursday
ORD100007,2024-11-24,South,Online,Consumer,Rep_02,Apparel,Winter Coat,4,25.86,15.0,14.51,87.92,58.04,29.88,33.99,2024-11,2024,Sunday
ORD101841,2024-06-08,North,Marketplace,Consumer,Rep_12,Beauty,Hair Dryer,1,12.3,0.0,5.58,12.3,5.58,6.72,54.63,2024-06,2024,Saturday
ORD100032,2024-12-16,North,Marketplace,Consumer,Rep_10,Electronics,Smartwatch,6,81.95,0.0,47.05,491.7,282.3,209.4,42.59,2024-12,2024,Monday
ORD101305,2025-04-12,North,In-Store,Consumer,Rep_11,Beauty,Face Serum,3,64.09,5.0,34.5,182.66,103.5,79.16,43.34,2025-04,2025,Saturday
ORD100471,2025-12-23,North,Marketplace,Consumer,Rep_15,Home & Kitchen,Vacuum Cleaner,4,92.34,10.0,54.31,332.42,217.24,115.18,34.65,2025-12,2025,Tuesday
ORD100935,2025-01-22,South,Online,Consumer,Rep_14,Beauty,Skincare Set,3,25.94,15.0,14.96,66.15,44.88,21.27,32.15,2025-01,2025,Wednesday
ORD101596,2025-04-29,West,Online,Consumer,Rep_02,Home & Kitchen,Blender,4,145.28,0.0,83.06,581.12,332.24,248.88,42.83,2025-04,2025,Tuesday
ORD102403,2025-11-25,North,Online,Small Business,Rep_13,Electronics,Wireless Earbuds,1,94.07,0.0,49.26,94.07,49.26,44.81,47.63,2025-11,2025,Tuesday
ORD101187,2025-07-10,South,Online,Consumer,Rep_13,Home & Kitchen,Coffee Maker,5,130.97,5.0,80.68,622.11,403.4,218.71,35.16,2025-07,2025,Thursday
ORD101893,2024-06-12,West,Online,Enterprise,Rep_03,Beauty,Face Serum,4,27.69,0.0,12.79,110.76,51.16,59.6,53.81,2024-06,2024,Wednesday
ORD102443,2025-05-26,North,Marketplace,Consumer,Rep_08,Electronics,Power Bank,3,161.53,0.0,103.34,484.59,310.02,174.57,36.02,2025-05,2025,Monday
ORD101291,2025-07-06,North,In-Store,Consumer,Rep_03,Apparel,Winter Coat,7,113.19,0.0,64.28,792.33,449.96,342.37,43.21,2025-07,2025,Sunday
ORD100729,2025-02-07,East,Marketplace,Consumer,Rep_10,Home & Kitchen,Vacuum Cleaner,4,68.31,0.0,36.27,273.24,145.08,128.16,46.9,2025-02,2025,Friday
ORD100464,2025-03-15,South,Online,Consumer,Rep_05,Apparel,Backpack,3,87.57,0.0,52.24,262.71,156.72,105.99,40.34,2025-03,2025,Saturday
ORD101223,2024-02-25,West,Marketplace,Consumer,Rep_07,Sports & Outdoors,Water Bottle,3,75.02,0.0,36.69,225.06,110.07,114.99,51.09,2024-02,2024,Sunday
ORD102157,2024-06-09,North,Online,Consumer,Rep_09,Apparel,Backpack,4,30.51,0.0,13.75,122.04,55.0,67.04,54.93,2024-06,2024,Sunday
ORD101903,2025-07-05,East,Online,Enterprise,Rep_07,Electronics,Power Bank,4,196.24,0.0,104.9,784.96,419.6,365.36,46.55,2025-07,2025,Saturday
ORD102306,2024-12-17,West,Online,Enterprise,Rep_06,Beauty,Perfume,5,18.49,0.0,12.2,92.45,61.0,31.45,34.02,2024-12,2024,Tuesday
ORD101416,2024-02-16,West,Online,Enterprise,Rep_15,Apparel,Running Shoes,2,31.37,5.0,17.07,59.6,34.14,25.46,42.72,2024-02,2024,Friday
ORD101168,2025-10-14,North,In-Store,Consumer,Rep_04,Beauty,Perfume,3,31.63,0.0,17.72,94.89,53.16,41.73,43.98,2025-10,2025,Tuesday
ORD102618,2024-05-06,South,In-Store,Consumer,Rep_13,Apparel,Winter Coat,3,58.3,0.0,35.44,174.9,106.32,68.58,39.21,2024-05,2024,Monday
ORD100718,2025-03-17,West,Online,Consumer,Rep_08,Sports & Outdoors,Water Bottle,1,37.11,10.0,23.36,33.4,23.36,10.04,30.06,2025-03,2025,Monday
ORD101040,2024-06-13,East,In-Store,Consumer,Rep_06,Sports & Outdoors,Camping Tent,4,27.82,0.0,13.88,111.28,55.52,55.76,50.11,2024-06,2024,Thursday
ORD102317,2025-04-11,South,Online,Consumer,Rep_04,Electronics,Bluetooth Speaker,4,29.29,0.0,15.05,117.16,60.2,56.96,48.62,2025-04,2025,Friday
ORD101606,2025-10-22,East,Online,Enterprise,Rep_05,Beauty,Hair Dryer,3,42.5,5.0,19.36,121.12,58.08,63.04,52.05,2025-10,2025,Wednesday
ORD102323,2024-04-05,West,Online,Consumer,Rep_13,Beauty,Perfume,2,69.07,0.0,37.63,138.14,75.26,62.88,45.52,2024-04,2024,Friday
ORD101375,2024-12-11,North,Online,Small Business,Rep_05,Apparel,Winter Coat,3,85.68,0.0,45.99,257.04,137.97,119.07,46.32,2024-12,2024,Wednesday
ORD101633,2024-04-17,North,In-Store,Small Business,Rep_01,Home & Kitchen,Cookware Set,2,55.07,0.0,36.42,110.14,72.84,37.3,33.87,2024-04,2024,Wednesday
ORD100432,2024-04-03,East,Online,Enterprise,Rep_09,Apparel,Denim Jacket,1,102.41,0.0,48.19,102.41,48.19,54.22,52.94,2024-04,2024,Wednesday
ORD100985,2024-05-29,East,In-Store,Consumer,Rep_04,Beauty,Perfume,3,25.32,0.0,17.06,75.96,51.18,24.78,32.62,2024-05,2024,Wednesday
ORD100124,2025-04-26,South,Online,Small Business,Rep_03,Home & Kitchen,Blender,2,88.16,0.0,51.14,176.32,102.28,74.04,41.99,2025-04,2025,Saturday
ORD102180,2025-06-11,East,Online,Consumer,Rep_14,Electronics,Smartwatch,4,61.33,0.0,31.34,245.32,125.36,119.96,48.9,2025-06,2025,Wednesday
ORD100666,2024-10-04,West,In-Store,Small Business,Rep_09,Electronics,Wireless Earbuds,4,146.69,0.0,66.96,586.76,267.84,318.92,54.35,2024-10,2024,Friday
ORD100639,2024-06-10,North,Marketplace,Enterprise,Rep_13,Sports & Outdoors,Yoga Mat,8,58.76,0.0,35.72,470.08,285.76,184.32,39.21,2024-06,2024,Monday
ORD100129,2025-04-23,North,In-Store,Consumer,Rep_03,Home & Kitchen,Air Fryer,4,105.42,0.0,64.37,421.68,257.48,164.2,38.94,2025-04,2025,Wednesday
ORD100889,2024-08-17,North,Marketplace,Consumer,Rep_10,Electronics,Bluetooth Speaker,4,65.79,0.0,38.37,263.16,153.48,109.68,41.68,2024-08,2024,Saturday
ORD102604,2025-05-02,West,Online,Enterprise,Rep_04,Sports & Outdoors,Camping Tent,1,40.55,0.0,23.84,40.55,23.84,16.71,41.21,2025-05,2025,Friday
ORD102043,2024-11-06,East,Online,Consumer,Rep_05,Beauty,Skincare Set,5,64.32,0.0,39.95,321.6,199.75,121.85,37.89,2024-11,2024,Wednesday
ORD101497,2024-08-01,East,In-Store,Small Business,Rep_15,Electronics,Smartwatch,1,158.17,0.0,82.45,158.17,82.45,75.72,47.87,2024-08,2024,Thursday
ORD101615,2024-11-14,North,Online,Small Business,Rep_07,Beauty,Makeup Kit,6,56.5,0.0,26.08,339.0,156.48,182.52,53.84,2024-11,2024,Thursday
ORD100237,2024-02-23,East,In-Store,Consumer,Rep_05,Sports & Outdoors,Dumbbell Set,5,138.32,0.0,81.0,691.6,405.0,286.6,41.44,2024-02,2024,Friday
ORD102220,2025-11-20,East,In-Store,Consumer,Rep_13,Sports & Outdoors,Camping Tent,6,80.36,0.0,53.43,482.16,320.58,161.58,33.51,2025-11,2025,Thursday
ORD101947,2024-03-29,South,Online,Consumer,Rep_01,Beauty,Face Serum,2,12.06,0.0,5.51,24.12,11.02,13.1,54.31,2024-03,2024,Friday
ORD101944,2025-04-01,North,Online,Small Business,Rep_15,Electronics,Laptop Stand,5,173.71,15.0,99.89,738.27,499.45,238.82,32.35,2025-04,2025,Tuesday
ORD101222,2025-08-25,North,Marketplace,Small Business,Rep_01,Sports & Outdoors,Cycling Helmet,5,81.56,0.0,41.57,407.8,207.85,199.95,49.03,2025-08,2025,Monday
ORD100369,2024-12-22,South,In-Store,Consumer,Rep_08,Sports & Outdoors,Camping Tent,12,132.48,0.0,74.85,1589.76,898.2,691.56,43.5,2024-12,2024,Sunday
ORD100522,2025-07-16,East,Online,Consumer,Rep_05,Electronics,Power Bank,5,133.69,0.0,62.56,668.45,312.8,355.65,53.21,2025-07,2025,Wednesday
ORD100075,2024-10-03,East,Online,Consumer,Rep_14,Home & Kitchen,Air Fryer,2,110.03,5.0,57.88,209.06,115.76,93.3,44.63,2024-10,2024,Thursday
ORD102593,2024-04-25,West,In-Store,Consumer,Rep_10,Home & Kitchen,Cookware Set,2,78.11,0.0,49.67,156.22,99.34,56.88,36.41,2024-04,2024,Thursday
ORD100054,2025-04-20,North,In-Store,Small Business,Rep_09,Home & Kitchen,Blender,7,104.94,0.0,50.26,734.58,351.82,382.76,52.11,2025-04,2025,Sunday
ORD100266,2025-09-26,South,Online,Small Business,Rep_06,Electronics,Smartwatch,1,217.39,20.0,141.03,173.91,141.03,32.88,18.91,2025-09,2025,Friday
ORD102040,2025-12-17,West,Online,Consumer,Rep_11,Sports & Outdoors,Water Bottle,7,43.23,0.0,28.99,302.61,202.93,99.68,32.94,2025-12,2025,Wednesday
ORD101877,2025-03-26,North,Marketplace,Small Business,Rep_01,Electronics,Bluetooth Speaker,7,188.17,0.0,93.38,1317.19,653.66,663.53,50.37,2025-03,2025,Wednesday
ORD101868,2024-10-23,West,Online,Enterprise,Rep_14,Electronics,Bluetooth Speaker,6,172.2,0.0,81.07,1033.2,486.42,546.78,52.92,2024-10,2024,Wednesday
ORD102589,2024-08-16,East,Marketplace,Consumer,Rep_10,Electronics,Wireless Earbuds,2,200.42,0.0,114.73,400.84,229.46,171.38,42.76,2024-08,2024,Friday
ORD102109,2025-10-25,North,Marketplace,Consumer,Rep_13,Home & Kitchen,Vacuum Cleaner,4,137.53,15.0,74.58,467.6,298.32,169.28,36.2,2025-10,2025,Saturday
ORD101733,2025-09-03,South,Marketplace,Small Business,Rep_11,Apparel,Denim Jacket,4,76.28,0.0,38.61,305.12,154.44,150.68,49.38,2025-09,2025,Wednesday
ORD102553,2025-09-22,East,In-Store,Consumer,Rep_09,Home & Kitchen,Coffee Maker,4,49.39,5.0,24.19,187.68,96.76,90.92,48.44,2025-09,2025,Monday
ORD100742,2025-10-05,South,In-Store,Consumer,Rep_06,Electronics,Bluetooth Speaker,4,138.92,0.0,62.6,555.68,250.4,305.28,54.94,2025-10,2025,Sunday
ORD101521,2024-06-22,West,Online,Small Business,Rep_13,Electronics,Bluetooth Speaker,1,141.94,10.0,73.49,127.75,73.49,54.26,42.47,2024-06,2024,Saturday
ORD102501,2025-07-11,East,Online,Consumer,Rep_07,Beauty,Skincare Set,5,34.01,5.0,15.86,161.55,79.3,82.25,50.91,2025-07,2025,Friday
ORD101364,2024-03-26,South,Online,Enterprise,Rep_10,Sports & Outdoors,Yoga Mat,2,106.55,0.0,71.11,213.1,142.22,70.88,33.26,2024-03,2024,Tuesday
ORD102588,2025-09-01,South,In-Store,Consumer,Rep_05,Electronics,Laptop Stand,6,175.39,0.0,98.25,1052.34,589.5,462.84,43.98,2025-09,2025,Monday
ORD100463,2024-05-21,North,In-Store,Consumer,Unassigned,Electronics,Power Bank,5,95.73,10.0,44.37,430.78,221.85,208.93,48.5,2024-05,2024,Tuesday
ORD101679,2024-07-01,North,Marketplace,Consumer,Rep_01,Sports & Outdoors,Yoga Mat,1,147.14,0.0,73.41,147.14,73.41,73.73,50.11,2024-07,2024,Monday
ORD100275,2025-06-28,North,Online,Consumer,Rep_14,Apparel,Denim Jacket,6,112.03,0.0,57.43,672.18,344.58,327.6,48.74,2025-06,2025,Saturday
ORD102492,2025-09-11,West,In-Store,Consumer,Rep_10,Apparel,Running Shoes,1,17.9,10.0,12.15,16.11,12.15,3.96,24.58,2025-09,2025,Thursday
ORD102090,2024-04-09,South,Marketplace,Small Business,Rep_04,Electronics,Smartwatch,2,63.06,0.0,41.37,126.12,82.74,43.38,34.4,2024-04,2024,Tuesday
ORD100751,2025-09-03,South,In-Store,Enterprise,Rep_09,Apparel,Denim Jacket,6,48.92,0.0,24.97,293.52,149.82,143.7,48.96,2025-09,2025,Wednesday
ORD100612,2025-05-25,East,Marketplace,Enterprise,Rep_10,Apparel,Running Shoes,3,109.09,0.0,57.74,327.27,173.22,154.05,47.07,2025-05,2025,Sunday
ORD101852,2024-10-19,West,Online,Small Business,Rep_09,Electronics,Smartwatch,2,84.23,0.0,51.66,168.46,103.32,65.14,38.67,2024-10,2024,Saturday
ORD102215,2024-12-17,West,In-Store,Consumer,Rep_06,Beauty,Perfume,6,72.63,15.0,44.98,370.41,269.88,100.53,27.14,2024-12,2024,Tuesday
ORD100943,2024-12-02,West,Marketplace,Enterprise,Rep_03,Apparel,Backpack,3,84.09,20.0,53.46,201.82,160.38,41.44,20.53,2024-12,2024,Monday
ORD101094,2025-01-05,South,In-Store,Enterprise,Rep_13,Beauty,Perfume,2,84.12,5.0,39.93,159.83,79.86,79.97,50.03,2025-01,2025,Sunday
ORD100595,2025-05-21,North,In-Store,Consumer,Rep_06,Beauty,Makeup Kit,1,42.09,0.0,22.21,42.09,22.21,19.88,47.23,2025-05,2025,Wednesday
ORD101405,2024-10-25,North,Online,Consumer,Rep_12,Apparel,Denim Jacket,2,31.36,0.0,18.15,62.72,36.3,26.42,42.12,2024-10,2024,Friday
ORD101240,2024-02-15,West,Online,Consumer,Rep_08,Apparel,Yoga Pants,2,62.46,0.0,31.77,124.92,63.54,61.38,49.14,2024-02,2024,Thursday
ORD102050,2025-04-13,East,Marketplace,Small Business,Rep_11,Home & Kitchen,Cookware Set,3,37.14,0.0,16.94,111.42,50.82,60.6,54.39,2025-04,2025,Sunday
ORD100890,2025-12-15,North,Online,Consumer,Rep_08,Beauty,Skincare Set,8,48.19,15.0,25.31,327.69,202.48,125.21,38.21,2025-12,2025,Monday
ORD100847,2025-10-30,South,Online,Consumer,Rep_01,Sports & Outdoors,Cycling Helmet,6,68.13,5.0,39.3,388.34,235.8,152.54,39.28,2025-10,2025,Thursday
ORD100928,2025-11-16,South,In-Store,Consumer,Rep_12,Beauty,Hair Dryer,7,73.08,0.0,44.49,511.56,311.43,200.13,39.12,2025-11,2025,Sunday
ORD100367,2024-07-14,West,Online,Consumer,Rep_05,Apparel,Winter Coat,3,90.87,10.0,60.79,245.35,182.37,62.98,25.67,2024-07,2024,Sunday
ORD101876,2025-10-08,East,In-Store,Consumer,Rep_09,Electronics,Bluetooth Speaker,7,72.35,0.0,41.99,506.45,293.93,212.52,41.96,2025-10,2025,Wednesday
ORD102293,2024-01-04,South,In-Store,Consumer,Rep_09,Apparel,Running Shoes,1,15.25,0.0,7.81,15.25,7.81,7.44,48.79,2024-01,2024,Thursday
ORD101078,2024-05-12,South,Online,Consumer,Rep_10,Sports & Outdoors,Camping Tent,1,71.35,0.0,35.1,71.35,35.1,36.25,50.81,2024-05,2024,Sunday
ORD100946,2024-03-04,East,Online,Consumer,Rep_03,Beauty,Hair Dryer,5,21.62,0.0,14.16,108.1,70.8,37.3,34.51,2024-03,2024,Monday
ORD100745,2024-05-20,North,Online,Enterprise,Rep_03,Electronics,Bluetooth Speaker,2,81.22,0.0,44.53,162.44,89.06,73.38,45.17,2024-05,2024,Monday
ORD100097,2025-08-21,West,Marketplace,Small Business,Rep_03,Apparel,Winter Coat,4,51.97,5.0,27.96,197.49,111.84,85.65,43.37,2025-08,2025,Thursday
ORD101435,2025-04-13,South,In-Store,Consumer,Rep_03,Home & Kitchen,Vacuum Cleaner,4,138.8,15.0,70.68,471.92,282.72,189.2,40.09,2025-04,2025,Sunday
ORD101338,2025-05-18,West,Online,Consumer,Rep_07,Beauty,Skincare Set,4,71.67,10.0,38.69,258.01,154.76,103.25,40.02,2025-05,2025,Sunday
ORD100381,2024-07-19,East,Online,Small Business,Rep_14,Home & Kitchen,Air Fryer,2,109.52,0.0,58.88,219.04,117.76,101.28,46.24,2024-07,2024,Friday
ORD100983,2025-12-14,West,In-Store,Consumer,Unassigned,Beauty,Face Serum,5,40.84,20.0,19.78,163.36,98.9,64.46,39.46,2025-12,2025,Sunday
ORD100416,2024-08-11,East,Marketplace,Consumer,Rep_14,Apparel,Winter Coat,5,115.23,5.0,57.07,547.34,285.35,261.99,47.87,2024-08,2024,Sunday
ORD102020,2024-07-17,East,Online,Small Business,Rep_08,Home & Kitchen,Cookware Set,1,21.58,0.0,14.05,21.58,14.05,7.53,34.89,2024-07,2024,Wednesday
ORD100028,2024-04-22,East,Online,Consumer,Rep_05,Electronics,Smartwatch,5,117.46,0.0,62.6,587.3,313.0,274.3,46.71,2024-04,2024,Monday
ORD102290,2025-11-02,North,Online,Consumer,Rep_10,Electronics,Smartwatch,5,31.48,0.0,15.74,157.4,78.7,78.7,50.0,2025-11,2025,Sunday
ORD100770,2024-05-06,South,Online,Consumer,Rep_08,Sports & Outdoors,Yoga Mat,4,70.93,0.0,47.38,283.72,189.52,94.2,33.2,2024-05,2024,Monday
ORD100757,2024-09-12,East,In-Store,Enterprise,Rep_12,Sports & Outdoors,Yoga Mat,2,64.89,0.0,35.19,129.78,70.38,59.4,45.77,2024-09,2024,Thursday
ORD102259,2024-02-16,West,Marketplace,Consumer,Rep_14,Home & Kitchen,Coffee Maker,3,92.29,5.0,48.02,263.03,144.06,118.97,45.23,2024-02,2024,Friday
ORD101467,2025-12-18,East,Marketplace,Consumer,Rep_03,Beauty,Hair Dryer,4,75.12,0.0,48.51,300.48,194.04,106.44,35.42,2025-12,2025,Thursday
ORD102649,2025-02-22,West,In-Store,Consumer,Rep_01,Beauty,Skincare Set,2,65.62,0.0,35.19,131.24,70.38,60.86,46.37,2025-02,2025,Saturday
ORD100191,2024-01-19,East,In-Store,Consumer,Rep_07,Electronics,Laptop Stand,2,190.14,0.0,101.6,380.28,203.2,177.08,46.57,2024-01,2024,Friday
ORD102383,2025-08-14,East,In-Store,Consumer,Rep_07,Beauty,Face Serum,3,78.71,0.0,46.34,236.13,139.02,97.11,41.13,2025-08,2025,Thursday
ORD101164,2024-03-24,West,Online,Consumer,Rep_14,Sports & Outdoors,Cycling Helmet,1,74.05,0.0,50.23,74.05,50.23,23.82,32.17,2024-03,2024,Sunday
ORD100936,2024-09-21,West,In-Store,Consumer,Rep_15,Electronics,Bluetooth Speaker,4,63.86,10.0,42.08,229.9,168.32,61.58,26.79,2024-09,2024,Saturday
ORD102311,2025-08-15,West,Marketplace,Consumer,Rep_15,Sports & Outdoors,Cycling Helmet,4,17.06,0.0,11.45,68.24,45.8,22.44,32.88,2025-08,2025,Friday
ORD100971,2025-01-23,East,Online,Consumer,Rep_10,Sports & Outdoors,Cycling Helmet,6,46.88,15.0,31.79,239.09,190.74,48.35,20.22,2025-01,2025,Thursday
ORD100833,2025-07-02,West,Marketplace,Enterprise,Rep_04,Apparel,Yoga Pants,1,82.09,0.0,42.3,82.09,42.3,39.79,48.47,2025-07,2025,Wednesday
ORD101553,2024-09-08,West,Online,Consumer,Rep_02,Home & Kitchen,Coffee Maker,1,104.99,5.0,50.95,99.74,50.95,48.79,48.92,2024-09,2024,Sunday
ORD101485,2024-03-18,East,In-Store,Enterprise,Rep_09,Home & Kitchen,Coffee Maker,7,20.02,0.0,13.23,140.14,92.61,47.53,33.92,2024-03,2024,Monday
ORD100768,2024-02-01,South,In-Store,Small Business,Rep_07,Beauty,Face Serum,1,63.53,0.0,43.08,63.53,43.08,20.45,32.19,2024-02,2024,Thursday
ORD101923,2024-01-13,North,Marketplace,Consumer,Rep_09,Sports & Outdoors,Dumbbell Set,3,18.92,0.0,9.19,56.76,27.57,29.19,51.43,2024-01,2024,Saturday
ORD101036,2024-05-10,West,In-Store,Consumer,Rep_01,Apparel,Running Shoes,2,110.82,0.0,73.5,221.64,147.0,74.64,33.68,2024-05,2024,Friday
ORD102439,2024-05-09,North,Marketplace,Enterprise,Rep_01,Apparel,Yoga Pants,2,101.99,5.0,58.88,193.78,117.76,76.02,39.23,2024-05,2024,Thursday
ORD100004,2025-12-18,West,Online,Consumer,Rep_13,Home & Kitchen,Coffee Maker,3,125.91,0.0,77.58,377.73,232.74,144.99,38.38,2025-12,2025,Thursday
ORD101213,2025-05-07,North,Online,Small Business,Rep_12,Electronics,Power Bank,5,193.7,0.0,105.53,968.5,527.65,440.85,45.52,2025-05,2025,Wednesday
ORD102195,2024-07-23,North,In-Store,Consumer,Rep_12,Apparel,Running Shoes,5,98.95,0.0,63.57,494.75,317.85,176.9,35.76,2024-07,2024,Tuesday
ORD101647,2024-05-23,West,Online,Consumer,Rep_08,Apparel,Yoga Pants,1,75.89,0.0,44.46,75.89,44.46,31.43,41.42,2024-05,2024,Thursday
ORD102459,2024-11-10,West,Marketplace,Consumer,Rep_07,Beauty,Hair Dryer,7,52.07,5.0,27.81,346.27,194.67,151.6,43.78,2024-11,2024,Sunday
ORD101884,2024-02-07,West,In-Store,Small Business,Rep_09,Home & Kitchen,Vacuum Cleaner,4,54.15,0.0,29.6,216.6,118.4,98.2,45.34,2024-02,2024,Wednesday
ORD101054,2024-12-29,East,In-Store,Enterprise,Unassigned,Beauty,Skincare Set,6,45.73,0.0,26.42,274.38,158.52,115.86,42.23,2024-12,2024,Sunday
ORD100350,2025-01-10,West,Marketplace,Consumer,Rep_10,Sports & Outdoors,Cycling Helmet,2,139.49,0.0,63.43,278.98,126.86,152.12,54.53,2025-01,2025,Friday
ORD102397,2024-07-05,North,Online,Consumer,Rep_09,Apparel,Yoga Pants,3,99.35,5.0,44.77,283.15,134.31,148.84,52.57,2024-07,2024,Friday
ORD102398,2025-09-02,South,Online,Enterprise,Rep_08,Electronics,Bluetooth Speaker,4,192.0,0.0,129.8,768.0,519.2,248.8,32.4,2025-09,2025,Tuesday
ORD100739,2025-04-29,North,Marketplace,Small Business,Rep_02,Sports & Outdoors,Yoga Mat,8,45.63,0.0,26.63,365.04,213.04,152.0,41.64,2025-04,2025,Tuesday
ORD100660,2024-04-01,South,In-Store,Consumer,Rep_07,Apparel,Denim Jacket,1,41.43,0.0,22.97,41.43,22.97,18.46,44.56,2024-04,2024,Monday
ORD102533,2025-03-02,West,Online,Small Business,Rep_12,Beauty,Perfume,4,62.02,0.0,36.71,248.08,146.84,101.24,40.81,2025-03,2025,Sunday
ORD100036,2024-07-13,North,Online,Consumer,Rep_06,Beauty,Skincare Set,1,79.24,0.0,46.99,79.24,46.99,32.25,40.7,2024-07,2024,Saturday
ORD101260,2024-11-11,South,Online,Enterprise,Rep_06,Sports & Outdoors,Dumbbell Set,6,68.26,0.0,31.43,409.56,188.58,220.98,53.96,2024-11,2024,Monday
ORD101128,2025-02-21,North,Online,Consumer,Rep_14,Apparel,Winter Coat,4,28.73,5.0,14.11,109.17,56.44,52.73,48.3,2025-02,2025,Friday
ORD101805,2025-02-23,West,In-Store,Consumer,Rep_14,Beauty,Perfume,1,14.91,10.0,9.88,13.42,9.88,3.54,26.38,2025-02,2025,Sunday
ORD100158,2025-07-02,South,Online,Enterprise,Rep_08,Electronics,Laptop Stand,3,156.69,0.0,89.04,470.07,267.12,202.95,43.17,2025-07,2025,Wednesday
ORD102039,2025-04-13,North,In-Store,Consumer,Rep_15,Sports & Outdoors,Cycling Helmet,7,110.82,0.0,52.62,775.74,368.34,407.4,52.52,2025-04,2025,Sunday
ORD100383,2024-09-14,East,In-Store,Consumer,Rep_13,Sports & Outdoors,Camping Tent,3,131.21,10.0,89.21,354.27,267.63,86.64,24.46,2024-09,2024,Saturday
ORD101842,2024-12-24,South,Online,Consumer,Rep_09,Electronics,Laptop Stand,4,198.13,5.0,102.81,752.89,411.24,341.65,45.38,2024-12,2024,Tuesday
ORD101742,2024-04-22,North,In-Store,Enterprise,Rep_09,Electronics,Smartwatch,2,97.48,0.0,59.89,194.96,119.78,75.18,38.56,2024-04,2024,Monday
ORD100140,2025-05-05,North,Online,Consumer,Rep_06,Sports & Outdoors,Cycling Helmet,7,92.76,0.0,52.99,649.32,370.93,278.39,42.87,2025-05,2025,Monday
ORD100465,2025-11-17,North,In-Store,Small Business,Rep_08,Electronics,Smartwatch,11,188.58,10.0,87.27,1866.94,959.97,906.97,48.58,2025-11,2025,Monday
ORD101165,2024-01-16,North,Marketplace,Consumer,Rep_05,Home & Kitchen,Blender,5,26.73,0.0,14.09,133.65,70.45,63.2,47.29,2024-01,2024,Tuesday
ORD100299,2024-12-14,North,In-Store,Consumer,Rep_14,Apparel,Yoga Pants,6,21.59,0.0,13.36,129.54,80.16,49.38,38.12,2024-12,2024,Saturday
ORD102626,2025-07-09,West,Online,Consumer,Rep_14,Sports & Outdoors,Cycling Helmet,2,95.9,0.0,46.31,191.8,92.62,99.18,51.71,2025-07,2025,Wednesday
ORD100397,2025-04-29,East,Online,Consumer,Rep_03,Apparel,Denim Jacket,2,113.33,10.0,67.16,203.99,134.32,69.67,34.15,2025-04,2025,Tuesday
ORD101997,2025-04-18,East,Online,Enterprise,Rep_01,Home & Kitchen,Vacuum Cleaner,4,79.88,5.0,37.78,303.54,151.12,152.42,50.21,2025-04,2025,Friday
ORD101949,2024-10-25,North,Online,Small Business,Rep_03,Home & Kitchen,Air Fryer,1,33.62,5.0,20.57,31.94,20.57,11.37,35.6,2024-10,2024,Friday
ORD101325,2024-05-12,North,Online,Enterprise,Rep_12,Beauty,Skincare Set,5,10.53,5.0,6.36,50.02,31.8,18.22,36.43,2024-05,2024,Sunday
ORD100539,2025-07-29,West,Marketplace,Consumer,Rep_11,Home & Kitchen,Blender,3,164.0,5.0,91.52,467.4,274.56,192.84,41.26,2025-07,2025,Tuesday
ORD101459,2024-01-02,East,Online,Consumer,Rep_15,Home & Kitchen,Coffee Maker,2,64.99,0.0,40.05,129.98,80.1,49.88,38.38,2024-01,2024,Tuesday
ORD100009,2025-02-21,East,In-Store,Small Business,Rep_05,Apparel,Running Shoes,5,39.17,0.0,19.93,195.85,99.65,96.2,49.12,2025-02,2025,Friday
ORD102314,2025-10-14,North,Marketplace,Consumer,Rep_14,Beauty,Skincare Set,5,56.08,10.0,28.34,252.36,141.7,110.66,43.85,2025-10,2025,Tuesday
ORD102639,2025-09-20,South,In-Store,Small Business,Rep_12,Electronics,Power Bank,1,163.9,5.0,80.0,155.7,80.0,75.7,48.62,2025-09,2025,Saturday
ORD100024,2024-06-28,West,Online,Enterprise,Rep_05,Electronics,Bluetooth Speaker,2,32.05,10.0,21.26,57.69,42.52,15.17,26.3,2024-06,2024,Friday
ORD101779,2025-05-01,South,Online,Small Business,Rep_01,Apparel,Winter Coat,5,96.66,0.0,60.02,483.3,300.1,183.2,37.91,2025-05,2025,Thursday
ORD101067,2025-05-04,North,Marketplace,Consumer,Rep_10,Apparel,Yoga Pants,6,25.34,5.0,13.88,144.44,83.28,61.16,42.34,2025-05,2025,Sunday
ORD100933,2024-09-11,North,Online,Enterprise,Rep_15,Home & Kitchen,Vacuum Cleaner,3,82.95,0.0,42.18,248.85,126.54,122.31,49.15,2024-09,2024,Wednesday
ORD101534,2025-01-20,North,Online,Enterprise,Rep_09,Electronics,Power Bank,8,108.71,5.0,61.57,826.2,492.56,333.64,40.38,2025-01,2025,Monday
ORD100251,2025-11-16,East,Online,Small Business,Rep_02,Electronics,Wireless Earbuds,3,210.18,10.0,128.01,567.49,384.03,183.46,32.33,2025-11,2025,Sunday
ORD100752,2024-11-16,North,Online,Consumer,Rep_04,Home & Kitchen,Vacuum Cleaner,7,62.3,0.0,33.33,436.1,233.31,202.79,46.5,2024-11,2024,Saturday
ORD101236,2024-10-01,North,In-Store,Consumer,Unassigned,Home & Kitchen,Cookware Set,7,106.26,10.0,65.45,669.44,458.15,211.29,31.56,2024-10,2024,Tuesday
ORD101261,2024-06-25,East,Online,Small Business,Rep_07,Sports & Outdoors,Yoga Mat,4,98.87,5.0,65.22,375.71,260.88,114.83,30.56,2024-06,2024,Tuesday
ORD102536,2024-03-27,East,In-Store,Consumer,Rep_05,Sports & Outdoors,Cycling Helmet,2,24.18,0.0,14.66,48.36,29.32,19.04,39.37,2024-03,2024,Wednesday
ORD100715,2024-04-22,West,In-Store,Consumer,Rep_06,Apparel,Backpack,2,58.51,0.0,29.34,117.02,58.68,58.34,49.85,2024-04,2024,Monday
ORD101599,2024-03-19,North,Online,Small Business,Rep_11,Electronics,Bluetooth Speaker,1,49.43,0.0,25.58,49.43,25.58,23.85,48.25,2024-03,2024,Tuesday
ORD100734,2025-05-26,South,In-Store,Consumer,Rep_09,Apparel,Winter Coat,2,108.97,5.0,51.63,207.04,103.26,103.78,50.13,2025-05,2025,Monday
ORD101771,2025-03-10,West,Online,Consumer,Rep_04,Sports & Outdoors,Yoga Mat,3,145.09,0.0,90.51,435.27,271.53,163.74,37.62,2025-03,2025,Monday
ORD101643,2025-08-06,East,Online,Consumer,Rep_11,Home & Kitchen,Air Fryer,8,53.89,0.0,25.73,431.12,205.84,225.28,52.25,2025-08,2025,Wednesday
ORD102600,2024-12-28,East,Marketplace,Consumer,Rep_11,Beauty,Hair Dryer,3,84.89,5.0,49.34,241.94,148.02,93.92,38.82,2024-12,2024,Saturday
ORD101135,2025-10-01,West,Online,Consumer,Rep_14,Electronics,Laptop Stand,9,177.66,5.0,105.64,1518.99,950.76,568.23,37.41,2025-10,2025,Wednesday
ORD101283,2024-02-13,East,Marketplace,Small Business,Rep_09,Beauty,Makeup Kit,5,16.66,0.0,7.89,83.3,39.45,43.85,52.64,2024-02,2024,Tuesday
ORD100020,2025-06-12,West,In-Store,Small Business,Rep_15,Sports & Outdoors,Yoga Mat,5,97.03,5.0,54.65,460.89,273.25,187.64,40.71,2025-06,2025,Thursday
ORD100279,2025-07-07,North,Online,Consumer,Rep_07,Sports & Outdoors,Cycling Helmet,3,103.76,0.0,65.47,311.28,196.41,114.87,36.9,2025-07,2025,Monday
ORD100096,2024-03-18,West,In-Store,Small Business,Rep_01,Home & Kitchen,Cookware Set,5,66.06,5.0,40.03,313.78,200.15,113.63,36.21,2024-03,2024,Monday
ORD100855,2024-07-19,South,Marketplace,Enterprise,Rep_05,Electronics,Wireless Earbuds,3,181.46,0.0,115.19,544.38,345.57,198.81,36.52,2024-07,2024,Friday
ORD100441,2025-11-02,East,Marketplace,Enterprise,Rep_01,Sports & Outdoors,Water Bottle,3,13.2,0.0,6.72,39.6,20.16,19.44,49.09,2025-11,2025,Sunday
ORD100172,2024-12-07,North,In-Store,Consumer,Rep_09,Beauty,Hair Dryer,5,81.14,0.0,43.85,405.7,219.25,186.45,45.96,2024-12,2024,Saturday
ORD102081,2024-01-25,East,Online,Consumer,Rep_14,Electronics,Laptop Stand,5,33.36,10.0,17.8,150.12,89.0,61.12,40.71,2024-01,2024,Thursday
ORD100871,2025-11-27,East,In-Store,Small Business,Rep_12,Sports & Outdoors,Water Bottle,4,134.14,10.0,62.08,482.9,248.32,234.58,48.58,2025-11,2025,Thursday
ORD102447,2025-09-08,West,In-Store,Small Business,Rep_12,Home & Kitchen,Cookware Set,3,101.06,0.0,65.03,303.18,195.09,108.09,35.65,2025-09,2025,Monday
ORD102566,2024-03-10,East,Online,Small Business,Rep_11,Apparel,Winter Coat,1,93.61,0.0,58.18,93.61,58.18,35.43,37.85,2024-03,2024,Sunday
ORD102173,2025-01-07,North,In-Store,Consumer,Rep_06,Electronics,Wireless Earbuds,4,141.6,0.0,91.85,566.4,367.4,199.0,35.13,2025-01,2025,Tuesday
ORD101653,2025-03-24,East,Online,Small Business,Rep_07,Sports & Outdoors,Dumbbell Set,5,77.15,5.0,50.81,366.46,254.05,112.41,30.67,2025-03,2025,Monday
ORD102505,2025-08-04,North,Online,Enterprise,Rep_04,Home & Kitchen,Coffee Maker,1,93.07,15.0,53.05,79.11,53.05,26.06,32.94,2025-08,2025,Monday
ORD100330,2025-03-01,East,Online,Enterprise,Rep_09,Home & Kitchen,Vacuum Cleaner,3,140.71,0.0,69.64,422.13,208.92,213.21,50.51,2025-03,2025,Saturday
ORD101111,2025-09-05,West,In-Store,Small Business,Rep_04,Sports & Outdoors,Camping Tent,7,62.14,0.0,35.57,434.98,248.99,185.99,42.76,2025-09,2025,Friday
ORD101132,2024-03-20,East,In-Store,Consumer,Rep_15,Apparel,Backpack,1,59.1,0.0,39.9,59.1,39.9,19.2,32.49,2024-03,2024,Wednesday
ORD101718,2024-07-09,South,In-Store,Consumer,Rep_14,Apparel,Running Shoes,6,29.0,15.0,17.1,147.9,102.6,45.3,30.63,2024-07,2024,Tuesday
ORD101391,2024-10-02,East,Online,Consumer,Rep_13,Electronics,Power Bank,5,138.06,5.0,71.9,655.78,359.5,296.28,45.18,2024-10,2024,Wednesday
ORD102385,2024-04-07,North,In-Store,Small Business,Rep_09,Electronics,Bluetooth Speaker,4,68.74,5.0,34.53,261.21,138.12,123.09,47.12,2024-04,2024,Sunday
ORD101380,2024-01-25,North,Marketplace,Consumer,Rep_14,Sports & Outdoors,Cycling Helmet,3,122.8,0.0,78.66,368.4,235.98,132.42,35.94,2024-01,2024,Thursday
ORD101977,2024-10-07,East,In-Store,Small Business,Rep_07,Home & Kitchen,Cookware Set,1,131.31,0.0,86.45,131.31,86.45,44.86,34.16,2024-10,2024,Monday
ORD101507,2024-07-29,East,Online,Consumer,Rep_11,Electronics,Laptop Stand,2,203.36,15.0,111.25,345.71,222.5,123.21,35.64,2024-07,2024,Monday
ORD100095,2024-07-30,East,In-Store,Consumer,Rep_03,Electronics,Wireless Earbuds,4,203.89,5.0,135.76,774.78,543.04,231.74,29.91,2024-07,2024,Tuesday
ORD101010,2024-06-30,North,Marketplace,Enterprise,Rep_02,Home & Kitchen,Cookware Set,2,112.94,10.0,63.69,203.29,127.38,75.91,37.34,2024-06,2024,Sunday
ORD101796,2024-09-21,East,In-Store,Enterprise,Rep_06,Electronics,Wireless Earbuds,1,196.31,5.0,95.63,186.49,95.63,90.86,48.72,2024-09,2024,Saturday
ORD102224,2025-04-08,East,In-Store,Small Business,Rep_04,Electronics,Bluetooth Speaker,3,151.17,0.0,71.65,453.51,214.95,238.56,52.6,2025-04,2025,Tuesday
ORD102234,2024-01-06,West,Online,Consumer,Rep_06,Apparel,Winter Coat,5,89.24,5.0,42.07,423.89,210.35,213.54,50.38,2024-01,2024,Saturday
ORD101690,2024-11-08,West,Online,Small Business,Rep_01,Apparel,Yoga Pants,5,83.9,0.0,54.93,419.5,274.65,144.85,34.53,2024-11,2024,Friday
ORD102643,2024-11-10,West,Online,Consumer,Rep_07,Apparel,Backpack,6,99.02,0.0,56.52,594.12,339.12,255.0,42.92,2024-11,2024,Sunday
ORD101183,2024-06-09,North,Online,Consumer,Rep_15,Sports & Outdoors,Camping Tent,1,142.08,20.0,67.93,113.66,67.93,45.73,40.23,2024-06,2024,Sunday
ORD100803,2025-05-03,North,Online,Consumer,Rep_07,Apparel,Denim Jacket,3,92.49,0.0,56.94,277.47,170.82,106.65,38.44,2025-05,2025,Saturday
ORD100594,2024-12-25,East,In-Store,Consumer,Rep_01,Electronics,Smartwatch,6,25.0,0.0,14.28,150.0,85.68,64.32,42.88,2024-12,2024,Wednesday
ORD100652,2025-12-13,East,Online,Small Business,Rep_11,Beauty,Skincare Set,6,50.04,5.0,25.28,285.23,151.68,133.55,46.82,2025-12,2025,Saturday
ORD101122,2024-02-13,East,Online,Small Business,Rep_09,Apparel,Winter Coat,5,105.06,0.0,66.93,525.3,334.65,190.65,36.29,2024-02,2024,Tuesday
ORD102365,2025-05-17,West,Online,Consumer,Rep_04,Sports & Outdoors,Cycling Helmet,2,95.94,0.0,56.57,191.88,113.14,78.74,41.04,2025-05,2025,Saturday
ORD101221,2024-11-13,East,Online,Consumer,Rep_13,Electronics,Bluetooth Speaker,5,192.39,0.0,94.93,961.95,474.65,487.3,50.66,2024-11,2024,Wednesday
ORD101203,2024-02-27,West,Online,Small Business,Rep_06,Home & Kitchen,Cookware Set,4,152.83,20.0,75.05,489.06,300.2,188.86,38.62,2024-02,2024,Tuesday
ORD100974,2025-09-01,West,In-Store,Consumer,Rep_08,Electronics,Power Bank,6,95.5,20.0,58.06,458.4,348.36,110.04,24.01,2025-09,2025,Monday
ORD101554,2024-10-29,South,In-Store,Consumer,Rep_09,Sports & Outdoors,Water Bottle,3,109.42,5.0,72.96,311.85,218.88,92.97,29.81,2024-10,2024,Tuesday
ORD102641,2024-07-16,North,In-Store,Consumer,Rep_05,Electronics,Bluetooth Speaker,4,61.86,0.0,30.42,247.44,121.68,125.76,50.82,2024-07,2024,Tuesday
ORD102313,2024-12-14,West,In-Store,Small Business,Rep_10,Electronics,Laptop Stand,4,50.83,0.0,33.51,203.32,134.04,69.28,34.07,2024-12,2024,Saturday
ORD102254,2024-07-18,East,Online,Consumer,Rep_03,Beauty,Face Serum,1,76.66,0.0,51.55,76.66,51.55,25.11,32.76,2024-07,2024,Thursday
ORD100541,2025-11-03,South,Marketplace,Small Business,Rep_02,Home & Kitchen,Air Fryer,5,45.59,0.0,25.4,227.95,127.0,100.95,44.29,2025-11,2025,Monday
ORD102480,2024-08-02,East,In-Store,Consumer,Rep_09,Sports & Outdoors,Dumbbell Set,1,97.76,0.0,64.78,97.76,64.78,32.98,33.74,2024-08,2024,Friday
ORD101363,2024-08-22,North,Online,Consumer,Rep_03,Sports & Outdoors,Yoga Mat,3,146.13,5.0,85.25,416.47,255.75,160.72,38.59,2024-08,2024,Thursday
ORD100264,2024-04-22,East,Online,Small Business,Rep_10,Beauty,Perfume,1,22.83,0.0,13.3,22.83,13.3,9.53,41.74,2024-04,2024,Monday
ORD101999,2025-02-11,West,Online,Small Business,Rep_13,Apparel,Running Shoes,3,116.14,0.0,55.71,348.42,167.13,181.29,52.03,2025-02,2025,Tuesday
ORD100447,2025-02-06,North,Marketplace,Enterprise,Rep_08,Apparel,Running Shoes,1,85.33,10.0,48.16,76.8,48.16,28.64,37.29,2025-02,2025,Thursday
ORD100210,2024-06-21,West,Online,Consumer,Rep_14,Home & Kitchen,Coffee Maker,2,70.82,15.0,46.37,120.39,92.74,27.65,22.97,2024-06,2024,Friday
ORD100857,2025-06-01,North,Online,Small Business,Rep_13,Apparel,Winter Coat,6,73.59,0.0,34.1,441.54,204.6,236.94,53.66,2025-06,2025,Sunday
ORD100377,2025-06-29,East,Marketplace,Consumer,Rep_07,Sports & Outdoors,Cycling Helmet,9,46.06,20.0,23.49,331.63,211.41,120.22,36.25,2025-06,2025,Sunday
ORD100921,2025-12-05,East,Marketplace,Consumer,Rep_11,Beauty,Makeup Kit,5,60.42,0.0,29.1,302.1,145.5,156.6,51.84,2025-12,2025,Friday
ORD101146,2024-11-25,North,In-Store,Consumer,Rep_15,Home & Kitchen,Cookware Set,8,164.44,0.0,86.43,1315.52,691.44,624.08,47.44,2024-11,2024,Monday
ORD101438,2024-06-11,West,Online,Small Business,Rep_05,Beauty,Face Serum,3,53.82,0.0,27.18,161.46,81.54,79.92,49.5,2024-06,2024,Tuesday
ORD101102,2024-11-15,West,Online,Small Business,Rep_01,Apparel,Yoga Pants,6,79.84,5.0,37.64,455.09,225.84,229.25,50.37,2024-11,2024,Friday
ORD102030,2025-03-18,North,Marketplace,Enterprise,Rep_01,Apparel,Denim Jacket,1,18.98,0.0,8.63,18.98,8.63,10.35,54.53,2025-03,2025,Tuesday
ORD102555,2024-07-30,East,Online,Consumer,Rep_05,Home & Kitchen,Coffee Maker,1,90.71,5.0,56.78,86.17,56.78,29.39,34.11,2024-07,2024,Tuesday
ORD100300,2024-12-31,North,Online,Small Business,Rep_13,Beauty,Hair Dryer,1,13.88,0.0,7.93,13.88,7.93,5.95,42.87,2024-12,2024,Tuesday
ORD101421,2024-02-16,South,In-Store,Consumer,Rep_11,Home & Kitchen,Blender,2,167.24,15.0,94.16,284.31,188.32,95.99,33.76,2024-02,2024,Friday
ORD102129,2024-04-30,West,Online,Small Business,Rep_07,Apparel,Running Shoes,4,24.73,0.0,13.66,98.92,54.64,44.28,44.76,2024-04,2024,Tuesday
ORD101390,2024-03-06,North,In-Store,Small Business,Rep_15,Sports & Outdoors,Water Bottle,3,63.29,0.0,35.7,189.87,107.1,82.77,43.59,2024-03,2024,Wednesday
ORD100553,2025-06-09,North,Online,Consumer,Rep_02,Apparel,Winter Coat,4,87.54,5.0,40.87,332.65,163.48,169.17,50.86,2025-06,2025,Monday
ORD100488,2024-09-04,East,Online,Consumer,Rep_02,Sports & Outdoors,Camping Tent,5,86.53,0.0,55.54,432.65,277.7,154.95,35.81,2024-09,2024,Wednesday
ORD100561,2025-11-24,South,In-Store,Consumer,Rep_10,Beauty,Perfume,6,49.82,10.0,31.81,269.03,190.86,78.17,29.06,2025-11,2025,Monday
ORD100467,2025-02-12,South,In-Store,Consumer,Rep_11,Beauty,Face Serum,6,29.6,0.0,13.33,177.6,79.98,97.62,54.97,2025-02,2025,Wednesday
ORD100845,2025-05-06,North,Online,Consumer,Rep_05,Sports & Outdoors,Dumbbell Set,5,50.22,5.0,25.9,238.54,129.5,109.04,45.71,2025-05,2025,Tuesday
ORD101090,2025-06-11,North,Marketplace,Small Business,Rep_02,Beauty,Face Serum,4,32.26,0.0,15.62,129.04,62.48,66.56,51.58,2025-06,2025,Wednesday
ORD100468,2025-05-28,South,Online,Small Business,Rep_09,Home & Kitchen,Vacuum Cleaner,9,154.44,0.0,80.32,1389.96,722.88,667.08,47.99,2025-05,2025,Wednesday
ORD101770,2024-07-05,West,Online,Consumer,Rep_03,Apparel,Backpack,5,40.12,5.0,26.46,190.57,132.3,58.27,30.58,2024-07,2024,Friday
ORD101758,2024-12-05,West,In-Store,Small Business,Rep_11,Beauty,Perfume,4,46.29,20.0,31.35,148.13,125.4,22.73,15.34,2024-12,2024,Thursday
ORD100895,2025-10-04,West,Online,Consumer,Rep_04,Beauty,Makeup Kit,2,36.66,15.0,23.05,62.32,46.1,16.22,26.03,2025-10,2025,Saturday
ORD102623,2024-09-02,West,Online,Enterprise,Rep_04,Apparel,Denim Jacket,4,42.48,15.0,25.44,144.43,101.76,42.67,29.54,2024-09,2024,Monday
ORD102260,2024-03-05,West,Marketplace,Consumer,Rep_15,Sports & Outdoors,Yoga Mat,5,38.95,10.0,20.97,175.28,104.85,70.43,40.18,2024-03,2024,Tuesday
ORD101061,2024-05-09,South,Marketplace,Enterprise,Unassigned,Home & Kitchen,Coffee Maker,1,74.5,0.0,46.31,74.5,46.31,28.19,37.84,2024-05,2024,Thursday
ORD101764,2025-11-12,East,Online,Small Business,Rep_09,Beauty,Hair Dryer,9,47.93,5.0,32.41,409.8,291.69,118.11,28.82,2025-11,2025,Wednesday
ORD101691,2025-08-15,South,Online,Consumer,Rep_06,Home & Kitchen,Blender,1,92.81,0.0,62.56,92.81,62.56,30.25,32.59,2025-08,2025,Friday
ORD101423,2024-04-30,West,In-Store,Small Business,Rep_10,Beauty,Skincare Set,1,17.39,15.0,9.63,14.78,9.63,5.15,34.84,2024-04,2024,Tuesday
ORD102300,2024-12-06,West,Online,Consumer,Rep_07,Sports & Outdoors,Yoga Mat,6,119.89,0.0,65.13,719.34,390.78,328.56,45.68,2024-12,2024,Friday
ORD102017,2025-01-14,South,Online,Small Business,Rep_08,Home & Kitchen,Air Fryer,4,64.84,0.0,43.51,259.36,174.04,85.32,32.9,2025-01,2025,Tuesday
ORD101959,2025-04-10,West,Online,Consumer,Rep_07,Electronics,Wireless Earbuds,1,176.83,0.0,88.38,176.83,88.38,88.45,50.02,2025-04,2025,Thursday
ORD102033,2025-05-02,North,In-Store,Consumer,Rep_06,Electronics,Wireless Earbuds,3,180.91,0.0,97.7,542.73,293.1,249.63,46.0,2025-05,2025,Friday
ORD102307,2025-08-10,West,Online,Consumer,Rep_08,Home & Kitchen,Cookware Set,6,60.98,0.0,41.13,365.88,246.78,119.1,32.55,2025-08,2025,Sunday
ORD100955,2024-05-29,West,Online,Consumer,Rep_11,Beauty,Face Serum,7,85.82,0.0,57.77,600.74,404.39,196.35,32.68,2024-05,2024,Wednesday
ORD100439,2024-12-03,West,Online,Small Business,Rep_06,Electronics,Bluetooth Speaker,4,50.21,0.0,22.68,200.84,90.72,110.12,54.83,2024-12,2024,Tuesday
ORD101458,2024-02-27,South,Marketplace,Consumer,Rep_13,Beauty,Face Serum,2,39.01,10.0,23.41,70.22,46.82,23.4,33.32,2024-02,2024,Tuesday
ORD100021,2025-08-03,North,Online,Consumer,Unassigned,Apparel,Running Shoes,4,96.3,0.0,46.61,385.2,186.44,198.76,51.6,2025-08,2025,Sunday
ORD100180,2025-02-20,West,Online,Consumer,Rep_09,Electronics,Laptop Stand,3,219.22,0.0,116.49,657.66,349.47,308.19,46.86,2025-02,2025,Thursday
ORD101039,2025-07-15,East,In-Store,Consumer,Rep_14,Beauty,Makeup Kit,5,50.15,20.0,27.36,200.6,136.8,63.8,31.8,2025-07,2025,Tuesday
ORD102391,2025-04-23,North,Online,Enterprise,Rep_04,Apparel,Denim Jacket,7,36.6,0.0,22.0,256.2,154.0,102.2,39.89,2025-04,2025,Wednesday
ORD100987,2025-04-30,East,Online,Consumer,Rep_13,Apparel,Yoga Pants,4,94.12,0.0,57.46,376.48,229.84,146.64,38.95,2025-04,2025,Wednesday
ORD101096,2025-03-30,West,Online,Consumer,Rep_06,Beauty,Face Serum,4,69.03,10.0,37.39,248.51,149.56,98.95,39.82,2025-03,2025,Sunday
ORD101901,2024-11-22,North,Online,Consumer,Rep_08,Home & Kitchen,Blender,5,169.31,10.0,82.06,761.9,410.3,351.6,46.15,2024-11,2024,Friday
ORD102577,2024-11-09,West,Marketplace,Consumer,Rep_10,Electronics,Wireless Earbuds,3,104.95,5.0,51.36,299.11,154.08,145.03,48.49,2024-11,2024,Saturday
ORD101208,2025-01-25,West,Online,Consumer,Rep_04,Apparel,Backpack,3,43.87,0.0,24.73,131.61,74.19,57.42,43.63,2025-01,2025,Saturday
ORD100203,2025-12-01,East,Online,Consumer,Rep_06,Electronics,Smartwatch,6,54.94,0.0,35.95,329.64,215.7,113.94,34.56,2025-12,2025,Monday
ORD101171,2024-10-08,South,Online,Small Business,Rep_11,Apparel,Backpack,1,70.49,5.0,36.57,66.97,36.57,30.4,45.39,2024-10,2024,Tuesday
ORD100626,2025-02-28,North,Online,Consumer,Rep_14,Beauty,Skincare Set,4,48.12,20.0,31.27,153.98,125.08,28.9,18.77,2025-02,2025,Friday
ORD101062,2025-07-21,North,Online,Consumer,Rep_15,Apparel,Winter Coat,1,36.8,20.0,19.52,29.44,19.52,9.92,33.7,2025-07,2025,Monday
ORD101522,2025-06-28,West,Online,Consumer,Rep_06,Electronics,Smartwatch,3,65.07,5.0,36.34,185.45,109.02,76.43,41.21,2025-06,2025,Saturday
ORD101772,2025-06-04,South,Online,Consumer,Rep_15,Electronics,Laptop Stand,5,186.96,5.0,114.98,888.06,574.9,313.16,35.26,2025-06,2025,Wednesday
ORD101180,2025-10-20,South,Online,Consumer,Rep_02,Electronics,Wireless Earbuds,7,123.96,0.0,79.83,867.72,558.81,308.91,35.6,2025-10,2025,Monday
ORD101123,2024-04-23,North,In-Store,Consumer,Rep_04,Beauty,Hair Dryer,5,13.36,10.0,6.77,60.12,33.85,26.27,43.7,2024-04,2024,Tuesday
ORD100487,2025-05-07,East,Online,Consumer,Rep_07,Electronics,Bluetooth Speaker,3,148.96,0.0,72.92,446.88,218.76,228.12,51.05,2025-05,2025,Wednesday
ORD100229,2025-03-09,South,Online,Enterprise,Rep_03,Apparel,Winter Coat,1,35.68,0.0,21.41,35.68,21.41,14.27,39.99,2025-03,2025,Sunday
ORD101051,2024-04-24,East,In-Store,Consumer,Rep_06,Electronics,Bluetooth Speaker,4,124.17,0.0,66.06,496.68,264.24,232.44,46.8,2024-04,2024,Wednesday
ORD102221,2024-08-21,North,Online,Small Business,Rep_03,Home & Kitchen,Blender,1,22.52,10.0,12.84,20.27,12.84,7.43,36.66,2024-08,2024,Wednesday
ORD101751,2024-03-06,West,Marketplace,Consumer,Rep_10,Beauty,Skincare Set,3,87.68,0.0,43.35,263.04,130.05,132.99,50.56,2024-03,2024,Wednesday
ORD102045,2025-10-09,North,In-Store,Consumer,Rep_02,Sports & Outdoors,Yoga Mat,3,46.64,10.0,24.69,125.93,74.07,51.86,41.18,2025-10,2025,Thursday
ORD102424,2025-02-01,East,In-Store,Consumer,Rep_14,Electronics,Bluetooth Speaker,3,121.99,0.0,62.45,365.97,187.35,178.62,48.81,2025-02,2025,Saturday
ORD100286,2025-01-21,West,Online,Small Business,Rep_10,Apparel,Winter Coat,2,81.33,0.0,51.58,162.66,103.16,59.5,36.58,2025-01,2025,Tuesday
ORD101511,2025-04-26,East,Online,Consumer,Rep_02,Electronics,Wireless Earbuds,5,110.62,0.0,67.14,553.1,335.7,217.4,39.31,2025-04,2025,Saturday
ORD100674,2024-06-05,West,Online,Consumer,Rep_05,Beauty,Hair Dryer,5,37.64,5.0,22.81,178.79,114.05,64.74,36.21,2024-06,2024,Wednesday
ORD100454,2024-07-05,East,Marketplace,Consumer,Rep_15,Sports & Outdoors,Camping Tent,4,99.61,0.0,63.25,398.44,253.0,145.44,36.5,2024-07,2024,Friday
ORD102578,2025-04-08,East,Online,Consumer,Rep_11,Apparel,Running Shoes,3,70.39,15.0,40.27,179.49,120.81,58.68,32.69,2025-04,2025,Tuesday
ORD102189,2025-05-04,North,Online,Consumer,Rep_05,Electronics,Wireless Earbuds,6,49.6,0.0,28.54,297.6,171.24,126.36,42.46,2025-05,2025,Sunday
ORD100810,2024-09-19,West,Online,Small Business,Rep_06,Electronics,Power Bank,3,188.92,0.0,92.4,566.76,277.2,289.56,51.09,2024-09,2024,Thursday
ORD100669,2024-09-14,West,In-Store,Consumer,Rep_11,Electronics,Bluetooth Speaker,4,34.69,0.0,19.02,138.76,76.08,62.68,45.17,2024-09,2024,Saturday
ORD101958,2025-07-16,North,Marketplace,Consumer,Rep_07,Home & Kitchen,Vacuum Cleaner,2,165.53,0.0,104.88,331.06,209.76,121.3,36.64,2025-07,2025,Wednesday
ORD100431,2024-01-11,East,Online,Small Business,Rep_09,Sports & Outdoors,Cycling Helmet,3,127.31,0.0,63.08,381.93,189.24,192.69,50.45,2024-01,2024,Thursday
ORD102242,2025-09-26,North,In-Store,Consumer,Rep_08,Electronics,Wireless Earbuds,8,138.88,0.0,77.12,1111.04,616.96,494.08,44.47,2025-09,2025,Friday
ORD102318,2025-10-28,South,Online,Consumer,Rep_02,Sports & Outdoors,Water Bottle,5,101.34,0.0,61.63,506.7,308.15,198.55,39.18,2025-10,2025,Tuesday
ORD102642,2024-05-05,North,Online,Small Business,Rep_15,Sports & Outdoors,Dumbbell Set,2,87.46,0.0,51.29,174.92,102.58,72.34,41.36,2024-05,2024,Sunday
ORD100344,2025-02-07,North,In-Store,Small Business,Rep_14,Home & Kitchen,Blender,2,66.86,10.0,42.65,120.35,85.3,35.05,29.12,2025-02,2025,Friday
ORD100620,2024-06-10,South,Online,Small Business,Rep_03,Electronics,Laptop Stand,4,113.92,0.0,53.95,455.68,215.8,239.88,52.64,2024-06,2024,Monday
ORD101355,2025-03-03,West,In-Store,Consumer,Rep_12,Electronics,Smartwatch,2,169.82,5.0,81.78,322.66,163.56,159.1,49.31,2025-03,2025,Monday
ORD102378,2024-08-02,West,Online,Consumer,Rep_12,Electronics,Wireless Earbuds,2,202.65,15.0,92.56,344.5,185.12,159.38,46.26,2024-08,2024,Friday
ORD101321,2024-07-19,South,Marketplace,Consumer,Rep_09,Electronics,Bluetooth Speaker,6,105.29,0.0,53.51,631.74,321.06,310.68,49.18,2024-07,2024,Friday
ORD100802,2024-02-21,North,In-Store,Small Business,Rep_06,Sports & Outdoors,Cycling Helmet,5,48.23,5.0,25.5,229.09,127.5,101.59,44.35,2024-02,2024,Wednesday
ORD101795,2024-11-21,North,Online,Consumer,Rep_04,Beauty,Perfume,6,43.72,0.0,28.45,262.32,170.7,91.62,34.93,2024-11,2024,Thursday
ORD100178,2024-02-09,East,In-Store,Consumer,Rep_11,Beauty,Skincare Set,3,30.41,5.0,15.58,86.67,46.74,39.93,46.07,2024-02,2024,Friday
ORD100070,2025-03-12,North,Marketplace,Consumer,Rep_13,Apparel,Backpack,2,37.59,0.0,20.57,75.18,41.14,34.04,45.28,2025-03,2025,Wednesday
ORD100864,2024-02-23,East,Marketplace,Consumer,Rep_04,Electronics,Wireless Earbuds,3,97.83,0.0,53.09,293.49,159.27,134.22,45.73,2024-02,2024,Friday
ORD102006,2025-11-08,West,Online,Small Business,Rep_14,Apparel,Denim Jacket,2,54.42,0.0,26.39,108.84,52.78,56.06,51.51,2025-11,2025,Saturday
ORD101604,2025-03-29,East,Online,Consumer,Rep_06,Apparel,Denim Jacket,5,50.41,0.0,25.52,252.05,127.6,124.45,49.38,2025-03,2025,Saturday
ORD100130,2025-01-28,North,In-Store,Consumer,Rep_11,Home & Kitchen,Vacuum Cleaner,3,135.75,0.0,67.84,407.25,203.52,203.73,50.03,2025-01,2025,Tuesday
ORD101922,2025-03-06,West,Online,Small Business,Rep_13,Electronics,Smartwatch,1,178.47,5.0,85.7,169.55,85.7,83.85,49.45,2025-03,2025,Thursday
ORD101520,2024-08-02,South,Online,Consumer,Rep_04,Home & Kitchen,Coffee Maker,1,95.6,0.0,54.51,95.6,54.51,41.09,42.98,2024-08,2024,Friday
ORD100291,2024-09-14,East,Online,Consumer,Rep_04,Apparel,Running Shoes,6,78.09,0.0,35.6,468.54,213.6,254.94,54.41,2024-09,2024,Saturday
ORD101140,2025-05-09,South,Online,Consumer,Rep_01,Sports & Outdoors,Cycling Helmet,3,105.22,0.0,68.82,315.66,206.46,109.2,34.59,2025-05,2025,Friday
ORD100127,2024-07-07,South,Marketplace,Consumer,Rep_14,Home & Kitchen,Coffee Maker,2,168.74,10.0,85.76,303.73,171.52,132.21,43.53,2024-07,2024,Sunday
ORD101857,2024-03-24,North,Marketplace,Consumer,Rep_09,Apparel,Denim Jacket,6,86.69,0.0,48.17,520.14,289.02,231.12,44.43,2024-03,2024,Sunday
ORD100284,2024-05-26,East,Marketplace,Small Business,Rep_11,Electronics,Smartwatch,3,81.26,0.0,45.27,243.78,135.81,107.97,44.29,2024-05,2024,Sunday
ORD101761,2024-12-05,South,Online,Consumer,Rep_09,Apparel,Backpack,3,107.2,0.0,55.21,321.6,165.63,155.97,48.5,2024-12,2024,Thursday
ORD100623,2025-09-10,East,In-Store,Consumer,Rep_05,Apparel,Winter Coat,7,44.34,5.0,29.99,294.86,209.93,84.93,28.8,2025-09,2025,Wednesday
ORD100470,2025-08-05,North,Online,Enterprise,Rep_10,Apparel,Backpack,4,23.08,0.0,10.73,92.32,42.92,49.4,53.51,2025-08,2025,Tuesday
ORD100688,2024-08-26,West,Online,Consumer,Rep_12,Home & Kitchen,Coffee Maker,5,118.73,0.0,59.35,593.65,296.75,296.9,50.01,2024-08,2024,Monday
ORD100832,2025-04-02,West,Marketplace,Consumer,Rep_02,Sports & Outdoors,Yoga Mat,3,32.05,0.0,21.56,96.15,64.68,31.47,32.73,2025-04,2025,Wednesday
ORD102367,2025-05-22,West,In-Store,Consumer,Rep_11,Electronics,Power Bank,4,71.26,0.0,39.9,285.04,159.6,125.44,44.01,2025-05,2025,Thursday
ORD101799,2025-09-07,East,In-Store,Enterprise,Rep_07,Home & Kitchen,Blender,3,71.36,0.0,32.73,214.08,98.19,115.89,54.13,2025-09,2025,Sunday
ORD100125,2024-07-16,North,Marketplace,Small Business,Rep_13,Home & Kitchen,Blender,4,154.1,0.0,94.9,616.4,379.6,236.8,38.42,2024-07,2024,Tuesday
ORD100852,2024-06-24,South,In-Store,Enterprise,Rep_02,Beauty,Face Serum,4,12.13,15.0,5.97,41.24,23.88,17.36,42.1,2024-06,2024,Monday
ORD101426,2025-11-22,West,Online,Enterprise,Rep_15,Beauty,Makeup Kit,9,66.73,10.0,44.18,540.51,397.62,142.89,26.44,2025-11,2025,Saturday
ORD101545,2025-08-02,East,In-Store,Small Business,Rep_07,Beauty,Skincare Set,6,82.63,5.0,37.93,470.99,227.58,243.41,51.68,2025-08,2025,Saturday
ORD102258,2025-06-18,West,Online,Consumer,Rep_12,Home & Kitchen,Vacuum Cleaner,6,170.74,0.0,99.43,1024.44,596.58,427.86,41.77,2025-06,2025,Wednesday
ORD100610,2025-10-12,North,In-Store,Small Business,Rep_13,Sports & Outdoors,Water Bottle,6,99.82,5.0,60.08,568.97,360.48,208.49,36.64,2025-10,2025,Sunday
ORD100458,2024-07-31,East,In-Store,Consumer,Rep_11,Sports & Outdoors,Camping Tent,2,37.43,0.0,19.09,74.86,38.18,36.68,49.0,2024-07,2024,Wednesday
ORD102119,2025-08-27,East,Marketplace,Consumer,Rep_15,Apparel,Denim Jacket,3,70.93,0.0,42.12,212.79,126.36,86.43,40.62,2025-08,2025,Wednesday
ORD100755,2024-06-08,South,Online,Consumer,Rep_12,Home & Kitchen,Coffee Maker,4,61.71,0.0,29.37,246.84,117.48,129.36,52.41,2024-06,2024,Saturday
ORD102530,2024-06-21,East,Online,Enterprise,Rep_11,Home & Kitchen,Air Fryer,1,86.51,0.0,41.63,86.51,41.63,44.88,51.88,2024-06,2024,Friday
ORD100462,2025-02-21,West,In-Store,Small Business,Rep_02,Home & Kitchen,Cookware Set,2,90.46,0.0,47.07,180.92,94.14,86.78,47.97,2025-02,2025,Friday
ORD100549,2025-02-13,South,In-Store,Small Business,Rep_03,Beauty,Makeup Kit,4,46.36,0.0,30.97,185.44,123.88,61.56,33.2,2025-02,2025,Thursday
ORD100792,2024-02-02,West,Online,Consumer,Rep_05,Home & Kitchen,Air Fryer,2,43.76,5.0,22.37,83.14,44.74,38.4,46.19,2024-02,2024,Friday
ORD100504,2025-04-25,South,Online,Consumer,Rep_14,Apparel,Yoga Pants,3,83.94,20.0,41.29,201.46,123.87,77.59,38.51,2025-04,2025,Friday
ORD100308,2025-06-24,East,Online,Consumer,Rep_06,Apparel,Yoga Pants,4,34.31,0.0,22.68,137.24,90.72,46.52,33.9,2025-06,2025,Tuesday
ORD101216,2025-07-31,West,Online,Consumer,Rep_04,Home & Kitchen,Blender,1,136.99,15.0,74.77,116.44,74.77,41.67,35.79,2025-07,2025,Thursday
ORD100363,2025-01-24,West,Online,Small Business,Rep_07,Home & Kitchen,Blender,4,76.33,5.0,37.28,290.05,149.12,140.93,48.59,2025-01,2025,Friday
ORD100579,2025-10-21,South,In-Store,Consumer,Rep_11,Apparel,Denim Jacket,1,63.26,0.0,33.9,63.26,33.9,29.36,46.41,2025-10,2025,Tuesday
ORD101818,2025-05-28,South,In-Store,Consumer,Rep_08,Apparel,Backpack,4,81.95,0.0,45.29,327.8,181.16,146.64,44.73,2025-05,2025,Wednesday
ORD100681,2025-09-26,North,Marketplace,Consumer,Rep_11,Beauty,Makeup Kit,6,82.67,0.0,54.37,496.02,326.22,169.8,34.23,2025-09,2025,Friday
ORD100108,2024-07-05,North,Online,Consumer,Rep_13,Home & Kitchen,Cookware Set,3,44.86,0.0,29.51,134.58,88.53,46.05,34.22,2024-07,2024,Friday
ORD100507,2024-04-19,East,Online,Small Business,Rep_06,Electronics,Wireless Earbuds,1,164.56,10.0,92.71,148.1,92.71,55.39,37.4,2024-04,2024,Friday
ORD101483,2025-04-12,North,In-Store,Enterprise,Rep_13,Apparel,Winter Coat,5,32.02,0.0,15.56,160.1,77.8,82.3,51.41,2025-04,2025,Saturday
ORD101179,2025-05-30,South,Marketplace,Consumer,Rep_15,Home & Kitchen,Blender,4,45.63,5.0,29.02,173.39,116.08,57.31,33.05,2025-05,2025,Friday
ORD102266,2025-06-04,South,In-Store,Consumer,Rep_06,Apparel,Denim Jacket,2,67.64,0.0,42.26,135.28,84.52,50.76,37.52,2025-06,2025,Wednesday
ORD101686,2025-02-10,North,Online,Consumer,Rep_02,Apparel,Denim Jacket,1,59.66,10.0,33.66,53.69,33.66,20.03,37.31,2025-02,2025,Monday
ORD100780,2025-08-26,East,Marketplace,Consumer,Rep_10,Home & Kitchen,Blender,5,72.26,10.0,33.55,325.17,167.75,157.42,48.41,2025-08,2025,Tuesday
ORD100065,2025-01-12,South,Online,Small Business,Rep_13,Beauty,Skincare Set,1,21.51,0.0,10.01,21.51,10.01,11.5,53.46,2025-01,2025,Sunday
ORD100214,2025-10-10,East,In-Store,Enterprise,Rep_09,Beauty,Skincare Set,8,44.51,0.0,30.01,356.08,240.08,116.0,32.58,2025-10,2025,Friday
ORD101333,2025-02-25,North,Online,Consumer,Rep_07,Electronics,Bluetooth Speaker,3,123.5,0.0,61.76,370.5,185.28,185.22,49.99,2025-02,2025,Tuesday
ORD100978,2025-05-28,West,In-Store,Consumer,Rep_15,Apparel,Winter Coat,3,79.65,5.0,52.25,227.0,156.75,70.25,30.95,2025-05,2025,Wednesday
ORD101665,2024-12-16,South,In-Store,Consumer,Rep_12,Apparel,Backpack,4,57.82,5.0,32.53,219.72,130.12,89.6,40.78,2024-12,2024,Monday
ORD102452,2024-06-22,North,Online,Consumer,Rep_06,Sports & Outdoors,Yoga Mat,4,120.27,0.0,60.83,481.08,243.32,237.76,49.42,2024-06,2024,Saturday
ORD100188,2024-08-25,East,In-Store,Small Business,Rep_09,Sports & Outdoors,Yoga Mat,1,26.53,0.0,12.51,26.53,12.51,14.02,52.85,2024-08,2024,Sunday
ORD100769,2025-04-21,West,Marketplace,Consumer,Rep_05,Electronics,Power Bank,2,196.69,0.0,120.03,393.38,240.06,153.32,38.98,2025-04,2025,Monday
ORD102267,2024-12-22,East,Online,Small Business,Rep_08,Electronics,Laptop Stand,5,91.81,5.0,50.71,436.1,253.55,182.55,41.86,2024-12,2024,Sunday
ORD100984,2025-12-25,West,Marketplace,Small Business,Rep_04,Beauty,Face Serum,7,48.98,0.0,32.69,342.86,228.83,114.03,33.26,2025-12,2025,Thursday
ORD100532,2024-01-26,South,In-Store,Consumer,Rep_07,Beauty,Face Serum,3,21.67,5.0,10.94,61.76,32.82,28.94,46.86,2024-01,2024,Friday
ORD100841,2024-05-02,East,In-Store,Consumer,Rep_10,Sports & Outdoors,Yoga Mat,4,101.12,0.0,59.91,404.48,239.64,164.84,40.75,2024-05,2024,Thursday
ORD102179,2025-07-30,East,Online,Consumer,Rep_09,Electronics,Smartwatch,6,150.73,10.0,73.63,813.94,441.78,372.16,45.72,2025-07,2025,Wednesday
ORD101038,2024-03-18,West,Marketplace,Consumer,Unassigned,Electronics,Bluetooth Speaker,1,108.8,0.0,65.29,108.8,65.29,43.51,39.99,2024-03,2024,Monday
ORD102079,2024-09-01,East,Online,Enterprise,Rep_03,Apparel,Yoga Pants,2,45.02,5.0,25.9,85.54,51.8,33.74,39.44,2024-09,2024,Sunday
ORD101600,2024-05-13,East,Online,Enterprise,Rep_10,Beauty,Skincare Set,3,57.0,0.0,26.31,171.0,78.93,92.07,53.84,2024-05,2024,Monday
ORD101657,2024-07-21,North,Online,Consumer,Rep_14,Home & Kitchen,Cookware Set,2,120.09,0.0,69.95,240.18,139.9,100.28,41.75,2024-07,2024,Sunday
ORD100992,2025-10-27,North,In-Store,Consumer,Rep_08,Beauty,Makeup Kit,5,72.44,5.0,38.96,344.09,194.8,149.29,43.39,2025-10,2025,Monday
ORD100280,2025-07-26,South,In-Store,Small Business,Rep_03,Apparel,Backpack,4,16.13,0.0,7.77,64.52,31.08,33.44,51.83,2025-07,2025,Saturday
ORD101985,2025-11-18,South,Online,Consumer,Rep_06,Home & Kitchen,Blender,9,153.57,0.0,77.94,1382.13,701.46,680.67,49.25,2025-11,2025,Tuesday
ORD100862,2024-05-05,North,Online,Consumer,Rep_11,Electronics,Bluetooth Speaker,5,130.76,5.0,59.16,621.11,295.8,325.31,52.38,2024-05,2024,Sunday
ORD101783,2025-02-13,South,In-Store,Consumer,Rep_10,Sports & Outdoors,Cycling Helmet,1,42.74,0.0,25.66,42.74,25.66,17.08,39.96,2025-02,2025,Thursday
ORD101589,2024-08-05,North,Online,Consumer,Unassigned,Home & Kitchen,Vacuum Cleaner,4,127.17,0.0,72.86,508.68,291.44,217.24,42.71,2024-08,2024,Monday
ORD102374,2024-04-29,East,In-Store,Enterprise,Rep_05,Sports & Outdoors,Yoga Mat,5,13.67,5.0,6.72,64.93,33.6,31.33,48.25,2024-04,2024,Monday
ORD101715,2025-01-21,East,Online,Small Business,Rep_03,Beauty,Hair Dryer,3,87.17,0.0,40.16,261.51,120.48,141.03,53.93,2025-01,2025,Tuesday
ORD101229,2025-08-29,North,In-Store,Consumer,Rep_12,Electronics,Smartwatch,3,173.04,0.0,87.65,519.12,262.95,256.17,49.35,2025-08,2025,Friday
ORD100485,2024-11-08,West,Online,Consumer,Rep_11,Electronics,Bluetooth Speaker,4,168.04,0.0,110.55,672.16,442.2,229.96,34.21,2024-11,2024,Friday
ORD100905,2025-04-14,North,In-Store,Consumer,Rep_08,Electronics,Laptop Stand,3,104.11,10.0,56.59,281.1,169.77,111.33,39.61,2025-04,2025,Monday
ORD102495,2025-11-03,East,Online,Small Business,Rep_02,Electronics,Wireless Earbuds,4,219.81,0.0,122.71,879.24,490.84,388.4,44.17,2025-11,2025,Monday
ORD101656,2025-04-20,North,In-Store,Consumer,Rep_12,Sports & Outdoors,Water Bottle,1,35.69,0.0,22.8,35.69,22.8,12.89,36.12,2025-04,2025,Sunday
ORD101580,2024-02-12,West,In-Store,Enterprise,Unassigned,Home & Kitchen,Vacuum Cleaner,4,148.55,0.0,71.88,594.2,287.52,306.68,51.61,2024-02,2024,Monday
ORD100353,2024-01-28,North,Marketplace,Consumer,Rep_05,Electronics,Wireless Earbuds,1,27.51,10.0,13.59,24.76,13.59,11.17,45.11,2024-01,2024,Sunday
ORD102441,2024-12-17,South,Online,Enterprise,Rep_03,Sports & Outdoors,Camping Tent,3,110.28,5.0,67.99,314.3,203.97,110.33,35.1,2024-12,2024,Tuesday
ORD101697,2025-04-22,East,In-Store,Consumer,Rep_03,Sports & Outdoors,Camping Tent,5,134.59,0.0,80.44,672.95,402.2,270.75,40.23,2025-04,2025,Tuesday
ORD100731,2024-07-01,North,Online,Consumer,Rep_05,Apparel,Running Shoes,5,106.48,5.0,70.25,505.78,351.25,154.53,30.55,2024-07,2024,Monday
ORD100421,2025-04-26,East,Online,Small Business,Rep_06,Beauty,Skincare Set,6,75.61,10.0,44.65,408.29,267.9,140.39,34.38,2025-04,2025,Saturday
ORD100702,2025-03-30,West,In-Store,Consumer,Rep_15,Electronics,Bluetooth Speaker,1,106.26,0.0,58.93,106.26,58.93,47.33,44.54,2025-03,2025,Sunday
ORD102348,2025-03-17,South,Online,Consumer,Rep_15,Beauty,Face Serum,1,50.2,0.0,22.84,50.2,22.84,27.36,54.5,2025-03,2025,Monday
ORD102425,2025-03-04,West,Online,Consumer,Rep_05,Apparel,Backpack,3,92.73,0.0,53.34,278.19,160.02,118.17,42.48,2025-03,2025,Tuesday
ORD102528,2024-01-30,South,In-Store,Small Business,Rep_03,Apparel,Denim Jacket,1,72.16,5.0,34.91,68.55,34.91,33.64,49.07,2024-01,2024,Tuesday
ORD100961,2024-02-18,West,Online,Consumer,Rep_03,Beauty,Makeup Kit,1,72.36,10.0,48.89,65.12,48.89,16.23,24.92,2024-02,2024,Sunday
ORD102248,2024-07-09,East,Online,Consumer,Rep_05,Sports & Outdoors,Cycling Helmet,3,126.07,5.0,61.9,359.3,185.7,173.6,48.32,2024-07,2024,Tuesday
ORD102561,2024-12-02,South,In-Store,Consumer,Rep_08,Beauty,Hair Dryer,5,79.52,0.0,41.31,397.6,206.55,191.05,48.05,2024-12,2024,Monday
ORD101225,2024-08-06,East,Online,Enterprise,Rep_05,Electronics,Bluetooth Speaker,5,189.51,0.0,125.45,947.55,627.25,320.3,33.8,2024-08,2024,Tuesday
ORD102277,2024-02-19,North,In-Store,Small Business,Rep_04,Beauty,Skincare Set,9,52.19,5.0,23.57,446.22,212.13,234.09,52.46,2024-02,2024,Monday
ORD101315,2024-11-22,West,In-Store,Consumer,Rep_09,Apparel,Winter Coat,5,99.38,0.0,58.17,496.9,290.85,206.05,41.47,2024-11,2024,Friday
ORD101064,2024-07-04,South,Online,Small Business,Rep_15,Home & Kitchen,Vacuum Cleaner,4,78.71,0.0,42.77,314.84,171.08,143.76,45.66,2024-07,2024,Thursday
ORD100361,2025-06-15,North,Online,Enterprise,Rep_12,Home & Kitchen,Blender,3,99.73,10.0,45.62,269.27,136.86,132.41,49.17,2025-06,2025,Sunday
ORD102087,2024-12-01,South,Online,Enterprise,Rep_10,Sports & Outdoors,Camping Tent,3,63.48,0.0,36.01,190.44,108.03,82.41,43.27,2024-12,2024,Sunday
ORD100649,2025-06-15,South,Marketplace,Consumer,Rep_01,Sports & Outdoors,Dumbbell Set,3,103.19,0.0,50.37,309.57,151.11,158.46,51.19,2025-06,2025,Sunday
ORD101209,2025-06-01,West,In-Store,Small Business,Rep_11,Electronics,Smartwatch,5,211.09,0.0,135.02,1055.45,675.1,380.35,36.04,2025-06,2025,Sunday
ORD100452,2024-05-22,South,Marketplace,Consumer,Rep_08,Sports & Outdoors,Water Bottle,2,47.15,5.0,25.31,89.58,50.62,38.96,43.49,2024-05,2024,Wednesday
ORD102384,2024-05-17,North,In-Store,Consumer,Rep_03,Electronics,Wireless Earbuds,3,194.19,0.0,99.06,582.57,297.18,285.39,48.99,2024-05,2024,Friday
ORD102395,2024-04-03,South,Online,Consumer,Rep_01,Electronics,Wireless Earbuds,2,157.88,0.0,75.49,315.76,150.98,164.78,52.19,2024-04,2024,Wednesday
ORD100224,2025-08-29,North,In-Store,Consumer,Rep_11,Home & Kitchen,Vacuum Cleaner,1,119.21,10.0,72.97,107.29,72.97,34.32,31.99,2025-08,2025,Friday
ORD101166,2024-06-17,South,Online,Consumer,Rep_06,Beauty,Perfume,8,38.33,15.0,20.49,260.64,163.92,96.72,37.11,2024-06,2024,Monday
ORD101347,2025-05-24,North,In-Store,Consumer,Rep_05,Electronics,Power Bank,7,114.48,0.0,62.98,801.36,440.86,360.5,44.99,2025-05,2025,Saturday
ORD100185,2024-01-03,West,In-Store,Small Business,Rep_05,Home & Kitchen,Vacuum Cleaner,2,149.25,0.0,70.59,298.5,141.18,157.32,52.7,2024-01,2024,Wednesday
ORD101696,2025-10-16,North,Marketplace,Small Business,Rep_15,Sports & Outdoors,Dumbbell Set,3,141.74,0.0,92.76,425.22,278.28,146.94,34.56,2025-10,2025,Thursday
ORD102171,2024-06-11,North,In-Store,Consumer,Rep_14,Apparel,Denim Jacket,7,70.16,0.0,43.46,491.12,304.22,186.9,38.06,2024-06,2024,Tuesday
ORD102475,2025-10-23,East,Online,Small Business,Rep_03,Apparel,Running Shoes,3,107.15,5.0,49.38,305.38,148.14,157.24,51.49,2025-10,2025,Thursday
ORD100160,2025-01-24,West,Online,Consumer,Rep_07,Beauty,Perfume,1,68.48,10.0,41.74,61.63,41.74,19.89,32.27,2025-01,2025,Friday
ORD102518,2024-06-22,East,In-Store,Consumer,Rep_06,Home & Kitchen,Cookware Set,6,47.5,0.0,22.11,285.0,132.66,152.34,53.45,2024-06,2024,Saturday
ORD101513,2024-11-21,North,In-Store,Small Business,Rep_14,Sports & Outdoors,Camping Tent,3,50.17,0.0,33.47,150.51,100.41,50.1,33.29,2024-11,2024,Thursday
ORD101442,2024-04-30,West,Online,Consumer,Rep_03,Electronics,Wireless Earbuds,4,144.26,0.0,90.07,577.04,360.28,216.76,37.56,2024-04,2024,Tuesday
ORD101257,2024-05-05,South,Online,Consumer,Rep_04,Beauty,Perfume,1,79.51,0.0,40.85,79.51,40.85,38.66,48.62,2024-05,2024,Sunday
ORD101946,2024-01-15,North,In-Store,Enterprise,Rep_04,Home & Kitchen,Cookware Set,4,165.98,0.0,92.08,663.92,368.32,295.6,44.52,2024-01,2024,Monday
ORD100263,2025-02-06,South,Online,Consumer,Rep_15,Electronics,Smartwatch,1,216.1,5.0,109.69,205.3,109.69,95.61,46.57,2025-02,2025,Thursday
ORD100368,2025-10-09,East,In-Store,Small Business,Rep_14,Beauty,Face Serum,4,79.22,0.0,43.61,316.88,174.44,142.44,44.95,2025-10,2025,Thursday
ORD101568,2024-11-05,East,Online,Enterprise,Rep_05,Apparel,Running Shoes,6,104.11,0.0,56.82,624.66,340.92,283.74,45.42,2024-11,2024,Tuesday
ORD101251,2025-11-21,East,Online,Small Business,Rep_11,Electronics,Laptop Stand,8,45.52,0.0,28.22,364.16,225.76,138.4,38.01,2025-11,2025,Friday
ORD101825,2024-04-18,East,Online,Consumer,Rep_09,Home & Kitchen,Vacuum Cleaner,2,171.18,5.0,85.77,325.24,171.54,153.7,47.26,2024-04,2024,Thursday
ORD102149,2024-02-20,East,In-Store,Small Business,Rep_06,Apparel,Running Shoes,1,31.42,5.0,15.22,29.85,15.22,14.63,49.01,2024-02,2024,Tuesday
ORD101022,2025-03-22,East,Online,Small Business,Rep_02,Sports & Outdoors,Cycling Helmet,3,136.25,15.0,88.62,347.44,265.86,81.58,23.48,2025-03,2025,Saturday
ORD100939,2025-11-04,East,In-Store,Consumer,Rep_08,Beauty,Makeup Kit,6,54.6,5.0,30.88,311.22,185.28,125.94,40.47,2025-11,2025,Tuesday
ORD101732,2025-11-12,East,Online,Consumer,Rep_13,Home & Kitchen,Air Fryer,7,89.74,0.0,45.36,628.18,317.52,310.66,49.45,2025-11,2025,Wednesday
ORD102521,2024-03-26,South,Online,Consumer,Rep_03,Apparel,Running Shoes,3,99.15,0.0,45.56,297.45,136.68,160.77,54.05,2024-03,2024,Tuesday
ORD100333,2025-09-04,West,Online,Consumer,Rep_02,Electronics,Laptop Stand,6,198.32,15.0,117.19,1011.43,703.14,308.29,30.48,2025-09,2025,Thursday
ORD101374,2025-03-07,North,In-Store,Consumer,Rep_12,Apparel,Winter Coat,1,93.56,5.0,57.26,88.88,57.26,31.62,35.58,2025-03,2025,Friday
ORD102059,2024-04-21,North,Online,Enterprise,Rep_07,Sports & Outdoors,Cycling Helmet,2,65.22,0.0,40.16,130.44,80.32,50.12,38.42,2024-04,2024,Sunday
ORD100788,2024-03-23,West,In-Store,Consumer,Rep_14,Electronics,Bluetooth Speaker,5,105.18,5.0,63.25,499.61,316.25,183.36,36.7,2024-03,2024,Saturday
ORD102325,2024-11-24,West,Online,Consumer,Rep_11,Electronics,Power Bank,3,213.8,0.0,96.67,641.4,290.01,351.39,54.78,2024-11,2024,Sunday
ORD102592,2024-06-03,East,Marketplace,Small Business,Rep_01,Sports & Outdoors,Cycling Helmet,5,97.05,0.0,52.69,485.25,263.45,221.8,45.71,2024-06,2024,Monday
ORD101414,2024-05-17,North,Marketplace,Small Business,Rep_07,Home & Kitchen,Air Fryer,2,179.94,5.0,91.4,341.89,182.8,159.09,46.53,2024-05,2024,Friday
ORD100854,2024-09-16,North,In-Store,Small Business,Rep_05,Electronics,Power Bank,6,170.53,15.0,111.85,869.7,671.1,198.6,22.84,2024-09,2024,Monday
ORD102319,2024-03-02,North,Online,Small Business,Rep_10,Apparel,Yoga Pants,5,109.25,0.0,71.17,546.25,355.85,190.4,34.86,2024-03,2024,Saturday
ORD100380,2024-04-14,North,Online,Consumer,Rep_05,Home & Kitchen,Vacuum Cleaner,2,132.74,5.0,86.98,252.21,173.96,78.25,31.03,2024-04,2024,Sunday
ORD101636,2024-07-21,South,Online,Consumer,Rep_13,Electronics,Wireless Earbuds,1,62.09,5.0,31.47,58.99,31.47,27.52,46.65,2024-07,2024,Sunday
ORD101167,2024-02-06,East,Online,Consumer,Rep_07,Home & Kitchen,Vacuum Cleaner,6,86.66,0.0,46.3,519.96,277.8,242.16,46.57,2024-02,2024,Tuesday
ORD101720,2025-11-15,East,Marketplace,Consumer,Rep_09,Electronics,Wireless Earbuds,8,90.82,0.0,44.34,726.56,354.72,371.84,51.18,2025-11,2025,Saturday
ORD102551,2024-07-06,South,Online,Consumer,Rep_06,Beauty,Face Serum,3,86.1,15.0,52.04,219.55,156.12,63.43,28.89,2024-07,2024,Saturday
ORD100858,2024-02-01,North,In-Store,Small Business,Rep_13,Home & Kitchen,Cookware Set,1,112.3,0.0,62.19,112.3,62.19,50.11,44.62,2024-02,2024,Thursday
ORD101555,2024-08-06,South,In-Store,Consumer,Rep_09,Electronics,Bluetooth Speaker,4,59.28,10.0,33.71,213.41,134.84,78.57,36.82,2024-08,2024,Tuesday
ORD101433,2025-07-06,North,In-Store,Consumer,Rep_02,Apparel,Backpack,2,89.02,0.0,49.2,178.04,98.4,79.64,44.73,2025-07,2025,Sunday
ORD101455,2024-08-12,East,In-Store,Small Business,Rep_15,Apparel,Backpack,1,117.16,0.0,52.98,117.16,52.98,64.18,54.78,2024-08,2024,Monday
ORD101870,2024-01-21,East,Online,Small Business,Rep_11,Apparel,Winter Coat,3,116.96,0.0,62.01,350.88,186.03,164.85,46.98,2024-01,2024,Sunday
ORD101443,2025-11-20,West,Marketplace,Enterprise,Rep_12,Beauty,Skincare Set,4,25.83,15.0,15.13,87.82,60.52,27.3,31.09,2025-11,2025,Thursday
ORD102196,2025-06-02,West,In-Store,Small Business,Rep_05,Beauty,Skincare Set,9,57.78,0.0,30.24,520.02,272.16,247.86,47.66,2025-06,2025,Monday
ORD102239,2025-10-09,West,Marketplace,Small Business,Rep_04,Electronics,Power Bank,3,188.25,0.0,120.11,564.75,360.33,204.42,36.2,2025-10,2025,Thursday
ORD101578,2024-02-03,East,Online,Consumer,Rep_03,Beauty,Hair Dryer,2,67.78,5.0,33.52,128.78,67.04,61.74,47.94,2024-02,2024,Saturday
ORD102083,2025-10-15,East,Online,Small Business,Rep_10,Beauty,Hair Dryer,5,82.7,0.0,39.94,413.5,199.7,213.8,51.7,2025-10,2025,Wednesday
ORD102240,2025-09-12,North,Online,Consumer,Rep_12,Apparel,Backpack,4,41.33,0.0,28.1,165.32,112.4,52.92,32.01,2025-09,2025,Friday
ORD100578,2024-03-23,North,In-Store,Small Business,Rep_10,Home & Kitchen,Coffee Maker,4,145.82,20.0,92.93,466.62,371.72,94.9,20.34,2024-03,2024,Saturday
ORD101181,2025-04-04,North,Online,Consumer,Rep_06,Apparel,Denim Jacket,3,44.55,10.0,21.29,120.28,63.87,56.41,46.9,2025-04,2025,Friday
ORD100207,2025-08-07,West,Online,Consumer,Rep_14,Sports & Outdoors,Cycling Helmet,2,12.55,0.0,7.54,25.1,15.08,10.02,39.92,2025-08,2025,Thursday
ORD101113,2025-09-06,East,In-Store,Consumer,Rep_04,Beauty,Makeup Kit,7,89.41,0.0,52.75,625.87,369.25,256.62,41.0,2025-09,2025,Saturday
ORD102486,2025-05-31,East,In-Store,Small Business,Rep_05,Sports & Outdoors,Yoga Mat,5,136.89,5.0,90.63,650.23,453.15,197.08,30.31,2025-05,2025,Saturday
ORD102616,2025-11-02,East,Online,Consumer,Rep_12,Home & Kitchen,Blender,6,101.42,20.0,50.98,486.82,305.88,180.94,37.17,2025-11,2025,Sunday
ORD101081,2025-03-04,East,Marketplace,Consumer,Rep_13,Beauty,Makeup Kit,3,58.66,5.0,36.96,167.18,110.88,56.3,33.68,2025-03,2025,Tuesday
ORD102527,2024-09-17,South,Online,Consumer,Unassigned,Electronics,Smartwatch,2,156.72,5.0,105.33,297.77,210.66,87.11,29.25,2024-09,2024,Tuesday
ORD100881,2025-12-14,West,Online,Consumer,Rep_12,Apparel,Backpack,7,53.93,0.0,32.64,377.51,228.48,149.03,39.48,2025-12,2025,Sunday
ORD100143,2024-09-03,North,In-Store,Consumer,Rep_09,Apparel,Backpack,2,114.8,0.0,68.62,229.6,137.24,92.36,40.23,2024-09,2024,Tuesday
ORD100748,2024-08-10,West,Marketplace,Consumer,Rep_07,Sports & Outdoors,Camping Tent,2,50.32,0.0,29.41,100.64,58.82,41.82,41.55,2024-08,2024,Saturday
ORD100556,2024-01-29,East,In-Store,Consumer,Rep_15,Apparel,Denim Jacket,5,25.82,0.0,15.33,129.1,76.65,52.45,40.63,2024-01,2024,Monday
ORD100824,2025-03-19,North,Online,Consumer,Rep_09,Electronics,Smartwatch,4,154.1,0.0,96.81,616.4,387.24,229.16,37.18,2025-03,2025,Wednesday
ORD100249,2025-05-17,North,In-Store,Consumer,Rep_12,Apparel,Backpack,3,97.73,0.0,56.36,293.19,169.08,124.11,42.33,2025-05,2025,Saturday
ORD100104,2025-12-30,East,Online,Enterprise,Rep_06,Electronics,Power Bank,1,116.32,0.0,72.92,116.32,72.92,43.4,37.31,2025-12,2025,Tuesday
ORD101445,2025-11-17,North,Marketplace,Consumer,Rep_05,Electronics,Wireless Earbuds,2,52.86,0.0,29.54,105.72,59.08,46.64,44.12,2025-11,2025,Monday
ORD100430,2024-11-01,North,Online,Consumer,Rep_04,Electronics,Smartwatch,6,67.14,0.0,30.42,402.84,182.52,220.32,54.69,2024-11,2024,Friday
ORD102462,2024-03-28,West,Online,Consumer,Rep_06,Electronics,Bluetooth Speaker,1,52.11,0.0,24.98,52.11,24.98,27.13,52.06,2024-03,2024,Thursday
ORD100493,2025-04-25,South,Online,Small Business,Rep_12,Electronics,Smartwatch,4,28.75,0.0,19.1,115.0,76.4,38.6,33.57,2025-04,2025,Friday
ORD101533,2024-05-20,North,In-Store,Consumer,Rep_10,Electronics,Bluetooth Speaker,1,166.15,0.0,103.06,166.15,103.06,63.09,37.97,2024-05,2024,Monday
ORD102544,2025-09-21,West,Online,Consumer,Rep_08,Home & Kitchen,Blender,3,153.47,10.0,79.6,414.37,238.8,175.57,42.37,2025-09,2025,Sunday
ORD101792,2024-08-12,South,Marketplace,Enterprise,Rep_01,Home & Kitchen,Cookware Set,1,136.93,15.0,76.86,116.39,76.86,39.53,33.96,2024-08,2024,Monday
ORD101275,2024-04-09,West,Online,Consumer,Rep_15,Home & Kitchen,Blender,2,42.12,20.0,22.64,67.39,45.28,22.11,32.81,2024-04,2024,Tuesday
ORD101448,2025-01-05,West,Online,Consumer,Rep_05,Sports & Outdoors,Dumbbell Set,4,126.86,0.0,62.29,507.44,249.16,258.28,50.9,2025-01,2025,Sunday
ORD102122,2024-09-03,North,Marketplace,Consumer,Rep_04,Home & Kitchen,Coffee Maker,1,121.66,0.0,60.79,121.66,60.79,60.87,50.03,2024-09,2024,Tuesday
ORD102515,2024-01-03,West,Online,Consumer,Rep_03,Home & Kitchen,Air Fryer,4,82.03,0.0,54.55,328.12,218.2,109.92,33.5,2024-01,2024,Wednesday
ORD101125,2025-07-05,South,Online,Consumer,Rep_10,Sports & Outdoors,Cycling Helmet,2,68.85,10.0,37.71,123.93,75.42,48.51,39.14,2025-07,2025,Saturday
ORD101705,2025-11-12,North,Online,Consumer,Rep_06,Home & Kitchen,Cookware Set,6,77.52,10.0,36.51,418.61,219.06,199.55,47.67,2025-11,2025,Wednesday
ORD102225,2024-07-03,North,Online,Small Business,Rep_13,Home & Kitchen,Air Fryer,2,114.2,0.0,62.11,228.4,124.22,104.18,45.61,2024-07,2024,Wednesday
ORD101133,2025-04-21,West,Online,Consumer,Rep_03,Home & Kitchen,Vacuum Cleaner,8,143.65,0.0,83.63,1149.2,669.04,480.16,41.78,2025-04,2025,Monday
ORD101587,2025-05-16,South,Online,Consumer,Rep_12,Sports & Outdoors,Cycling Helmet,1,139.69,0.0,78.74,139.69,78.74,60.95,43.63,2025-05,2025,Friday
ORD100765,2024-08-09,South,Marketplace,Consumer,Rep_15,Electronics,Laptop Stand,2,60.78,20.0,29.91,97.25,59.82,37.43,38.49,2024-08,2024,Friday
ORD101628,2025-02-25,North,In-Store,Enterprise,Rep_12,Electronics,Bluetooth Speaker,5,162.58,20.0,97.71,650.32,488.55,161.77,24.88,2025-02,2025,Tuesday
ORD100146,2024-01-01,North,In-Store,Consumer,Rep_01,Home & Kitchen,Blender,4,71.15,0.0,39.61,284.6,158.44,126.16,44.33,2024-01,2024,Monday
ORD101601,2025-08-12,East,Marketplace,Small Business,Rep_13,Home & Kitchen,Air Fryer,4,93.35,0.0,61.99,373.4,247.96,125.44,33.59,2025-08,2025,Tuesday
ORD102565,2024-01-14,South,Online,Consumer,Rep_08,Sports & Outdoors,Dumbbell Set,3,13.83,5.0,6.7,39.42,20.1,19.32,49.01,2024-01,2024,Sunday
ORD101816,2025-10-23,East,Marketplace,Consumer,Rep_12,Apparel,Backpack,2,61.63,0.0,28.16,123.26,56.32,66.94,54.31,2025-10,2025,Thursday
ORD102537,2025-02-16,West,Marketplace,Consumer,Rep_01,Home & Kitchen,Blender,3,157.05,0.0,71.45,471.15,214.35,256.8,54.5,2025-02,2025,Sunday
ORD101048,2024-05-25,North,Online,Enterprise,Rep_07,Beauty,Perfume,3,41.01,20.0,26.87,98.42,80.61,17.81,18.1,2024-05,2024,Saturday
ORD100321,2024-09-21,East,Online,Consumer,Rep_03,Electronics,Smartwatch,4,108.74,0.0,57.61,434.96,230.44,204.52,47.02,2024-09,2024,Saturday
ORD100111,2025-08-14,West,Marketplace,Consumer,Rep_03,Home & Kitchen,Air Fryer,5,22.86,10.0,13.51,102.87,67.55,35.32,34.33,2025-08,2025,Thursday
ORD100588,2024-11-15,West,Online,Consumer,Rep_10,Home & Kitchen,Coffee Maker,2,92.07,0.0,41.66,184.14,83.32,100.82,54.75,2024-11,2024,Friday
ORD102507,2024-06-13,West,Online,Consumer,Rep_06,Home & Kitchen,Air Fryer,1,103.53,10.0,64.99,93.18,64.99,28.19,30.25,2024-06,2024,Thursday
ORD101724,2024-05-29,North,In-Store,Consumer,Rep_07,Home & Kitchen,Cookware Set,3,59.09,0.0,30.08,177.27,90.24,87.03,49.09,2024-05,2024,Wednesday
ORD100136,2024-03-22,North,Online,Consumer,Rep_06,Beauty,Perfume,3,30.07,5.0,19.39,85.7,58.17,27.53,32.12,2024-03,2024,Friday
ORD100653,2025-06-24,North,Online,Consumer,Rep_08,Electronics,Power Bank,2,120.09,0.0,72.93,240.18,145.86,94.32,39.27,2025-06,2025,Tuesday
ORD102269,2025-11-14,East,Online,Small Business,Rep_04,Home & Kitchen,Vacuum Cleaner,2,114.96,0.0,63.87,229.92,127.74,102.18,44.44,2025-11,2025,Friday
ORD102057,2024-12-03,South,Marketplace,Consumer,Rep_11,Electronics,Wireless Earbuds,4,102.23,0.0,66.57,408.92,266.28,142.64,34.88,2024-12,2024,Tuesday
ORD101047,2025-09-26,North,Online,Consumer,Rep_15,Home & Kitchen,Coffee Maker,1,90.11,10.0,48.77,81.1,48.77,32.33,39.86,2025-09,2025,Friday
ORD101782,2025-05-25,South,In-Store,Small Business,Rep_13,Beauty,Perfume,1,76.88,0.0,38.88,76.88,38.88,38.0,49.43,2025-05,2025,Sunday
ORD100930,2025-05-19,East,Online,Enterprise,Rep_08,Home & Kitchen,Coffee Maker,7,63.33,20.0,41.55,354.65,290.85,63.8,17.99,2025-05,2025,Monday
ORD100220,2024-09-25,South,Marketplace,Small Business,Rep_10,Home & Kitchen,Blender,1,86.2,5.0,44.4,81.89,44.4,37.49,45.78,2024-09,2024,Wednesday
ORD100927,2024-08-05,North,Online,Consumer,Rep_11,Electronics,Bluetooth Speaker,3,166.1,0.0,111.29,498.3,333.87,164.43,33.0,2024-08,2024,Monday
ORD101496,2025-02-09,East,In-Store,Consumer,Rep_13,Sports & Outdoors,Dumbbell Set,6,65.02,10.0,33.26,351.11,199.56,151.55,43.16,2025-02,2025,Sunday
ORD101788,2025-05-31,South,Marketplace,Enterprise,Rep_04,Home & Kitchen,Air Fryer,1,99.7,0.0,58.18,99.7,58.18,41.52,41.64,2025-05,2025,Saturday
ORD101897,2025-01-25,East,Online,Consumer,Rep_10,Home & Kitchen,Coffee Maker,3,59.33,0.0,39.69,177.99,119.07,58.92,33.1,2025-01,2025,Saturday
ORD100606,2024-08-19,South,Online,Consumer,Rep_06,Sports & Outdoors,Camping Tent,2,97.09,0.0,57.33,194.18,114.66,79.52,40.95,2024-08,2024,Monday
ORD101744,2024-05-21,East,In-Store,Consumer,Rep_12,Electronics,Bluetooth Speaker,5,96.17,20.0,46.66,384.68,233.3,151.38,39.35,2024-05,2024,Tuesday
ORD101188,2024-07-15,North,In-Store,Enterprise,Rep_12,Sports & Outdoors,Camping Tent,3,102.26,0.0,54.91,306.78,164.73,142.05,46.3,2024-07,2024,Monday
ORD101235,2025-08-05,South,Marketplace,Consumer,Rep_09,Beauty,Perfume,3,53.45,0.0,31.83,160.35,95.49,64.86,40.45,2025-08,2025,Tuesday
ORD100113,2024-02-24,North,In-Store,Enterprise,Rep_13,Home & Kitchen,Air Fryer,2,130.87,0.0,81.58,261.74,163.16,98.58,37.66,2024-02,2024,Saturday
ORD100986,2024-02-03,North,In-Store,Consumer,Rep_14,Beauty,Perfume,1,13.65,15.0,6.98,11.6,6.98,4.62,39.83,2024-02,2024,Saturday
ORD101515,2025-10-04,North,Online,Consumer,Rep_11,Electronics,Wireless Earbuds,3,72.19,5.0,45.16,205.74,135.48,70.26,34.15,2025-10,2025,Saturday
ORD101417,2024-02-04,West,Online,Enterprise,Rep_09,Apparel,Winter Coat,1,27.38,0.0,13.05,27.38,13.05,14.33,52.34,2024-02,2024,Sunday
ORD100222,2025-05-05,South,Online,Small Business,Rep_01,Electronics,Power Bank,3,210.1,0.0,142.82,630.3,428.46,201.84,32.02,2025-05,2025,Monday
ORD100518,2025-01-23,East,In-Store,Consumer,Rep_03,Beauty,Face Serum,5,35.55,0.0,22.65,177.75,113.25,64.5,36.29,2025-01,2025,Thursday
ORD101969,2024-06-14,North,Marketplace,Small Business,Rep_15,Beauty,Makeup Kit,8,72.81,20.0,38.38,465.98,307.04,158.94,34.11,2024-06,2024,Friday
ORD100830,2024-05-30,North,In-Store,Small Business,Rep_15,Sports & Outdoors,Dumbbell Set,3,58.42,20.0,28.91,140.21,86.73,53.48,38.14,2024-05,2024,Thursday
ORD101454,2025-07-30,West,Online,Consumer,Rep_02,Sports & Outdoors,Yoga Mat,3,94.9,0.0,56.39,284.7,169.17,115.53,40.58,2025-07,2025,Wednesday
ORD102152,2024-08-06,East,In-Store,Consumer,Rep_13,Apparel,Denim Jacket,2,108.63,5.0,52.32,206.4,104.64,101.76,49.3,2024-08,2024,Tuesday
ORD100167,2025-04-18,East,Marketplace,Consumer,Rep_01,Sports & Outdoors,Water Bottle,4,106.39,0.0,69.46,425.56,277.84,147.72,34.71,2025-04,2025,Friday
ORD102451,2024-04-23,North,In-Store,Consumer,Rep_04,Beauty,Hair Dryer,2,40.35,20.0,24.19,64.56,48.38,16.18,25.06,2024-04,2024,Tuesday
ORD100116,2024-08-24,South,In-Store,Consumer,Rep_03,Beauty,Hair Dryer,1,18.02,0.0,11.27,18.02,11.27,6.75,37.46,2024-08,2024,Saturday
ORD100530,2025-08-23,South,In-Store,Enterprise,Rep_06,Apparel,Yoga Pants,3,90.25,20.0,48.18,216.6,144.54,72.06,33.27,2025-08,2025,Saturday
ORD102235,2024-05-02,East,In-Store,Consumer,Rep_01,Apparel,Yoga Pants,1,98.8,10.0,63.65,88.92,63.65,25.27,28.42,2024-05,2024,Thursday
ORD100320,2025-09-11,North,In-Store,Small Business,Rep_08,Apparel,Running Shoes,3,97.53,20.0,47.84,234.07,143.52,90.55,38.69,2025-09,2025,Thursday
ORD101028,2024-03-19,North,Marketplace,Enterprise,Rep_01,Beauty,Hair Dryer,3,23.02,0.0,11.31,69.06,33.93,35.13,50.87,2024-03,2024,Tuesday
ORD100473,2024-04-02,East,Online,Small Business,Rep_11,Home & Kitchen,Cookware Set,1,148.05,5.0,77.64,140.65,77.64,63.01,44.8,2024-04,2024,Tuesday
ORD101508,2024-09-18,North,In-Store,Small Business,Rep_13,Sports & Outdoors,Camping Tent,2,44.76,10.0,29.63,80.57,59.26,21.31,26.45,2024-09,2024,Wednesday
ORD101886,2024-03-20,South,Marketplace,Small Business,Rep_11,Electronics,Wireless Earbuds,2,143.44,15.0,89.35,243.85,178.7,65.15,26.72,2024-03,2024,Wednesday
ORD102218,2025-05-08,West,In-Store,Consumer,Rep_04,Electronics,Smartwatch,2,158.99,0.0,82.53,317.98,165.06,152.92,48.09,2025-05,2025,Thursday
ORD100227,2024-05-31,South,Online,Consumer,Rep_10,Home & Kitchen,Coffee Maker,1,50.54,10.0,26.18,45.49,26.18,19.31,42.45,2024-05,2024,Friday
ORD101025,2024-09-14,East,In-Store,Consumer,Rep_13,Home & Kitchen,Blender,2,87.46,10.0,44.98,157.43,89.96,67.47,42.86,2024-09,2024,Saturday
ORD101855,2024-01-09,South,Online,Consumer,Rep_14,Beauty,Face Serum,4,43.31,0.0,25.02,173.24,100.08,73.16,42.23,2024-01,2024,Tuesday
ORD101366,2024-06-08,East,In-Store,Consumer,Rep_04,Apparel,Yoga Pants,7,106.82,0.0,69.76,747.74,488.32,259.42,34.69,2024-06,2024,Saturday
ORD100081,2025-10-30,West,Marketplace,Small Business,Rep_11,Sports & Outdoors,Yoga Mat,6,87.0,0.0,40.95,522.0,245.7,276.3,52.93,2025-10,2025,Thursday
ORD101178,2025-01-22,West,Online,Enterprise,Rep_08,Sports & Outdoors,Camping Tent,3,40.91,0.0,22.93,122.73,68.79,53.94,43.95,2025-01,2025,Wednesday
ORD101353,2024-02-22,North,Online,Small Business,Rep_04,Sports & Outdoors,Yoga Mat,4,28.15,0.0,16.39,112.6,65.56,47.04,41.78,2024-02,2024,Thursday
ORD100668,2025-08-26,East,Online,Consumer,Rep_11,Sports & Outdoors,Camping Tent,2,67.86,10.0,42.9,122.15,85.8,36.35,29.76,2025-08,2025,Tuesday
ORD101698,2025-06-10,South,Online,Enterprise,Rep_07,Electronics,Smartwatch,7,46.05,0.0,23.25,322.35,162.75,159.6,49.51,2025-06,2025,Tuesday
ORD100849,2025-08-17,East,In-Store,Consumer,Rep_14,Beauty,Hair Dryer,2,18.92,0.0,10.57,37.84,21.14,16.7,44.13,2025-08,2025,Sunday
ORD102333,2025-06-30,South,Marketplace,Consumer,Rep_06,Beauty,Face Serum,6,28.23,0.0,18.25,169.38,109.5,59.88,35.35,2025-06,2025,Monday
ORD102104,2024-05-11,West,Online,Small Business,Rep_15,Home & Kitchen,Air Fryer,3,157.24,5.0,94.44,448.13,283.32,164.81,36.78,2024-05,2024,Saturday
ORD100515,2025-02-09,East,In-Store,Consumer,Rep_12,Apparel,Denim Jacket,5,56.05,0.0,27.98,280.25,139.9,140.35,50.08,2025-02,2025,Sunday
ORD100109,2024-01-16,North,In-Store,Small Business,Rep_03,Apparel,Winter Coat,2,66.88,0.0,41.04,133.76,82.08,51.68,38.64,2024-01,2024,Tuesday
ORD101721,2025-09-28,West,Marketplace,Enterprise,Rep_13,Home & Kitchen,Coffee Maker,5,102.52,0.0,65.2,512.6,326.0,186.6,36.4,2025-09,2025,Sunday
ORD101582,2024-05-08,South,Online,Small Business,Rep_09,Beauty,Face Serum,2,66.7,5.0,40.81,126.73,81.62,45.11,35.6,2024-05,2024,Wednesday
ORD102466,2025-10-08,East,Marketplace,Consumer,Rep_12,Sports & Outdoors,Water Bottle,7,71.42,5.0,36.98,474.94,258.86,216.08,45.5,2025-10,2025,Wednesday
ORD101088,2024-09-13,North,In-Store,Consumer,Rep_07,Electronics,Laptop Stand,3,75.68,10.0,45.93,204.34,137.79,66.55,32.57,2024-09,2024,Friday
ORD100311,2024-09-04,South,Online,Small Business,Rep_09,Sports & Outdoors,Cycling Helmet,5,134.06,20.0,61.26,536.24,306.3,229.94,42.88,2024-09,2024,Wednesday
ORD101808,2025-01-20,East,In-Store,Consumer,Rep_04,Beauty,Hair Dryer,6,54.57,10.0,28.72,294.68,172.32,122.36,41.52,2025-01,2025,Monday
ORD100019,2024-04-12,East,In-Store,Consumer,Rep_13,Apparel,Denim Jacket,2,87.95,0.0,58.51,175.9,117.02,58.88,33.47,2024-04,2024,Friday
ORD100357,2024-02-10,East,Online,Consumer,Rep_10,Home & Kitchen,Coffee Maker,1,173.1,0.0,103.38,173.1,103.38,69.72,40.28,2024-02,2024,Saturday
ORD100360,2024-01-17,West,In-Store,Consumer,Rep_02,Apparel,Running Shoes,1,80.4,0.0,37.0,80.4,37.0,43.4,53.98,2024-01,2024,Wednesday
ORD101575,2024-12-05,West,In-Store,Consumer,Rep_11,Beauty,Makeup Kit,7,71.84,20.0,40.89,402.3,286.23,116.07,28.85,2024-12,2024,Thursday
ORD100392,2024-08-21,East,In-Store,Small Business,Rep_09,Home & Kitchen,Air Fryer,4,147.37,0.0,66.6,589.48,266.4,323.08,54.81,2024-08,2024,Wednesday
ORD101151,2025-08-27,West,Online,Small Business,Rep_08,Sports & Outdoors,Yoga Mat,3,129.62,5.0,80.69,369.42,242.07,127.35,34.47,2025-08,2025,Wednesday
ORD101334,2025-09-29,North,Marketplace,Small Business,Rep_05,Electronics,Bluetooth Speaker,3,146.32,5.0,66.1,417.01,198.3,218.71,52.45,2025-09,2025,Monday
ORD100657,2025-02-13,West,In-Store,Enterprise,Rep_13,Electronics,Smartwatch,4,105.55,0.0,52.25,422.2,209.0,213.2,50.5,2025-02,2025,Thursday
ORD102478,2024-07-08,North,Online,Consumer,Rep_11,Apparel,Backpack,1,82.06,5.0,47.32,77.96,47.32,30.64,39.3,2024-07,2024,Monday
ORD102376,2025-07-31,West,Online,Enterprise,Rep_01,Apparel,Backpack,7,62.21,0.0,38.99,435.47,272.93,162.54,37.33,2025-07,2025,Thursday
ORD102024,2024-01-19,West,In-Store,Consumer,Rep_05,Apparel,Yoga Pants,3,113.16,0.0,52.34,339.48,157.02,182.46,53.75,2024-01,2024,Friday
ORD102607,2024-05-03,North,In-Store,Consumer,Rep_13,Sports & Outdoors,Cycling Helmet,3,328.33,5.0,24.24,935.74,72.72,863.02,92.23,2024-05,2024,Friday
ORD101996,2025-02-17,West,Online,Consumer,Rep_10,Sports & Outdoors,Cycling Helmet,5,54.71,0.0,35.47,273.55,177.35,96.2,35.17,2025-02,2025,Monday
ORD102569,2025-10-14,East,Online,Enterprise,Rep_12,Sports & Outdoors,Camping Tent,3,51.06,0.0,31.07,153.18,93.21,59.97,39.15,2025-10,2025,Tuesday
ORD100370,2024-09-11,East,Online,Consumer,Rep_03,Sports & Outdoors,Camping Tent,4,71.7,20.0,43.87,229.44,175.48,53.96,23.52,2024-09,2024,Wednesday
ORD101981,2024-07-29,South,In-Store,Consumer,Rep_02,Home & Kitchen,Vacuum Cleaner,4,48.37,0.0,24.65,193.48,98.6,94.88,49.04,2024-07,2024,Monday
ORD100313,2024-06-06,South,Marketplace,Consumer,Rep_09,Sports & Outdoors,Camping Tent,2,106.92,0.0,51.72,213.84,103.44,110.4,51.63,2024-06,2024,Thursday
ORD101196,2024-07-16,North,Online,Enterprise,Rep_11,Home & Kitchen,Cookware Set,5,66.53,0.0,40.4,332.65,202.0,130.65,39.28,2024-07,2024,Tuesday
ORD100593,2024-06-04,North,In-Store,Small Business,Rep_14,Electronics,Bluetooth Speaker,4,182.77,0.0,82.64,731.08,330.56,400.52,54.78,2024-06,2024,Tuesday
ORD100970,2025-04-18,West,In-Store,Consumer,Rep_10,Electronics,Laptop Stand,7,152.47,0.0,72.22,1067.29,505.54,561.75,52.63,2025-04,2025,Friday
ORD102208,2025-09-28,West,In-Store,Consumer,Rep_15,Electronics,Wireless Earbuds,6,61.03,0.0,31.52,366.18,189.12,177.06,48.35,2025-09,2025,Sunday
ORD101543,2025-01-02,South,In-Store,Consumer,Rep_04,Sports & Outdoors,Water Bottle,4,76.85,5.0,46.74,292.03,186.96,105.07,35.98,2025-01,2025,Thursday
ORD101432,2025-01-30,South,Online,Consumer,Rep_01,Home & Kitchen,Cookware Set,3,65.6,0.0,33.05,196.8,99.15,97.65,49.62,2025-01,2025,Thursday
ORD101444,2024-06-08,North,Marketplace,Consumer,Rep_03,Home & Kitchen,Coffee Maker,5,147.88,15.0,81.05,628.49,405.25,223.24,35.52,2024-06,2024,Saturday
ORD101544,2024-04-30,North,Online,Consumer,Rep_08,Electronics,Bluetooth Speaker,4,210.26,0.0,138.02,841.04,552.08,288.96,34.36,2024-04,2024,Tuesday
ORD100438,2024-12-06,North,Online,Consumer,Rep_01,Home & Kitchen,Cookware Set,2,50.29,0.0,27.16,100.58,54.32,46.26,45.99,2024-12,2024,Friday
ORD100326,2024-02-18,South,In-Store,Consumer,Rep_07,Apparel,Running Shoes,2,80.85,0.0,42.18,161.7,84.36,77.34,47.83,2024-02,2024,Sunday
ORD102176,2025-04-12,East,In-Store,Consumer,Rep_06,Apparel,Running Shoes,1,37.75,5.0,19.79,35.86,19.79,16.07,44.81,2025-04,2025,Saturday
ORD100387,2025-05-09,East,Online,Consumer,Rep_06,Electronics,Power Bank,6,30.01,0.0,15.8,180.06,94.8,85.26,47.35,2025-05,2025,Friday
ORD101041,2024-10-24,South,In-Store,Consumer,Rep_13,Beauty,Hair Dryer,6,17.11,15.0,9.25,87.26,55.5,31.76,36.4,2024-10,2024,Thursday
ORD101376,2024-11-08,West,Online,Enterprise,Rep_15,Electronics,Power Bank,6,105.82,0.0,54.92,634.92,329.52,305.4,48.1,2024-11,2024,Friday
ORD100281,2024-08-30,West,Online,Small Business,Rep_03,Apparel,Yoga Pants,1,24.11,0.0,13.65,24.11,13.65,10.46,43.38,2024-08,2024,Friday
ORD102608,2024-11-17,South,Marketplace,Small Business,Rep_07,Home & Kitchen,Coffee Maker,6,129.01,15.0,69.2,657.95,415.2,242.75,36.89,2024-11,2024,Sunday
ORD100351,2025-10-03,West,Online,Consumer,Rep_14,Sports & Outdoors,Camping Tent,3,149.54,0.0,84.56,448.62,253.68,194.94,43.45,2025-10,2025,Friday
ORD100042,2025-07-21,North,Online,Consumer,Rep_04,Beauty,Face Serum,5,10.1,0.0,5.11,50.5,25.55,24.95,49.41,2025-07,2025,Monday
ORD102163,2024-02-06,West,Online,Enterprise,Rep_07,Beauty,Skincare Set,4,80.31,15.0,44.53,273.05,178.12,94.93,34.77,2024-02,2024,Tuesday
ORD100101,2024-11-24,West,Online,Consumer,Rep_02,Electronics,Bluetooth Speaker,6,186.31,5.0,95.01,1061.97,570.06,491.91,46.32,2024-11,2024,Sunday
ORD100446,2024-12-14,West,In-Store,Consumer,Rep_07,Beauty,Hair Dryer,6,84.82,15.0,46.0,432.58,276.0,156.58,36.2,2024-12,2024,Saturday
ORD101268,2024-07-28,South,Online,Small Business,Rep_02,Beauty,Skincare Set,4,82.28,5.0,52.67,312.66,210.68,101.98,32.62,2024-07,2024,Sunday
ORD100134,2024-08-16,South,In-Store,Small Business,Rep_13,Electronics,Laptop Stand,2,135.71,10.0,87.15,244.28,174.3,69.98,28.65,2024-08,2024,Friday
ORD100574,2024-08-14,West,Online,Small Business,Rep_06,Electronics,Power Bank,2,73.7,0.0,44.12,147.4,88.24,59.16,40.14,2024-08,2024,Wednesday
ORD100876,2025-03-22,East,Online,Enterprise,Rep_11,Electronics,Laptop Stand,4,106.6,0.0,67.24,426.4,268.96,157.44,36.92,2025-03,2025,Saturday
ORD101769,2024-07-30,North,Online,Consumer,Rep_05,Apparel,Winter Coat,3,29.34,0.0,14.72,88.02,44.16,43.86,49.83,2024-07,2024,Tuesday
ORD100856,2025-07-24,North,Online,Consumer,Rep_14,Apparel,Running Shoes,2,102.29,0.0,60.67,204.58,121.34,83.24,40.69,2025-07,2025,Thursday
ORD100128,2024-12-14,North,In-Store,Consumer,Rep_09,Electronics,Power Bank,4,43.33,0.0,22.04,173.32,88.16,85.16,49.13,2024-12,2024,Saturday
ORD100747,2024-04-16,North,Marketplace,Consumer,Rep_03,Beauty,Makeup Kit,2,41.73,0.0,25.38,83.46,50.76,32.7,39.18,2024-04,2024,Tuesday
ORD100572,2024-01-19,North,Online,Small Business,Rep_08,Electronics,Laptop Stand,4,141.0,0.0,86.09,564.0,344.36,219.64,38.94,2024-01,2024,Friday
ORD102227,2025-05-25,West,Online,Small Business,Rep_01,Beauty,Makeup Kit,4,50.42,20.0,29.72,161.34,118.88,42.46,26.32,2025-05,2025,Sunday
ORD102411,2024-09-15,East,Online,Consumer,Rep_06,Apparel,Denim Jacket,1,103.57,0.0,53.01,103.57,53.01,50.56,48.82,2024-09,2024,Sunday
ORD100875,2024-08-20,North,In-Store,Consumer,Rep_13,Apparel,Winter Coat,3,59.91,0.0,40.61,179.73,121.83,57.9,32.21,2024-08,2024,Tuesday
ORD100103,2025-09-17,North,Online,Consumer,Rep_11,Apparel,Yoga Pants,7,61.3,0.0,36.07,429.1,252.49,176.61,41.16,2025-09,2025,Wednesday
ORD101303,2024-06-12,North,Online,Enterprise,Rep_02,Sports & Outdoors,Yoga Mat,3,31.9,0.0,15.02,95.7,45.06,50.64,52.92,2024-06,2024,Wednesday
ORD100410,2024-04-22,East,Online,Enterprise,Rep_05,Home & Kitchen,Coffee Maker,2,88.7,0.0,40.17,177.4,80.34,97.06,54.71,2024-04,2024,Monday
ORD101576,2024-10-06,South,Online,Consumer,Rep_12,Home & Kitchen,Cookware Set,5,123.58,15.0,73.16,525.21,365.8,159.41,30.35,2024-10,2024,Sunday
ORD100604,2025-08-14,West,Online,Small Business,Rep_13,Beauty,Face Serum,3,84.68,0.0,55.64,254.04,166.92,87.12,34.29,2025-08,2025,Thursday
ORD102568,2025-06-25,South,In-Store,Consumer,Rep_12,Sports & Outdoors,Cycling Helmet,3,80.17,0.0,44.45,240.51,133.35,107.16,44.56,2025-06,2025,Wednesday
ORD102116,2025-06-27,North,In-Store,Consumer,Rep_05,Apparel,Denim Jacket,4,18.15,5.0,10.88,68.97,43.52,25.45,36.9,2025-06,2025,Friday
ORD102082,2025-05-21,East,Online,Consumer,Rep_10,Beauty,Face Serum,1,58.67,0.0,36.26,58.67,36.26,22.41,38.2,2025-05,2025,Wednesday
ORD102435,2024-05-30,West,In-Store,Consumer,Rep_13,Electronics,Power Bank,1,180.46,0.0,93.49,180.46,93.49,86.97,48.19,2024-05,2024,Thursday
ORD101754,2024-11-19,North,In-Store,Small Business,Rep_11,Electronics,Smartwatch,1,204.25,5.0,122.66,194.04,122.66,71.38,36.79,2024-11,2024,Tuesday
ORD100711,2024-02-24,East,Online,Consumer,Rep_11,Apparel,Yoga Pants,1,17.59,0.0,11.0,17.59,11.0,6.59,37.46,2024-02,2024,Saturday
ORD100324,2025-06-21,North,Online,Consumer,Rep_06,Sports & Outdoors,Yoga Mat,8,129.4,0.0,76.5,1035.2,612.0,423.2,40.88,2025-06,2025,Saturday
ORD100078,2024-11-12,East,Online,Consumer,Rep_03,Electronics,Power Bank,6,115.04,5.0,74.82,655.73,448.92,206.81,31.54,2024-11,2024,Tuesday
ORD100540,2025-06-19,West,Online,Small Business,Rep_14,Sports & Outdoors,Water Bottle,7,18.4,10.0,10.65,115.92,74.55,41.37,35.69,2025-06,2025,Thursday
ORD100355,2024-12-24,North,Marketplace,Small Business,Rep_09,Electronics,Smartwatch,3,108.78,15.0,59.25,277.39,177.75,99.64,35.92,2024-12,2024,Tuesday
ORD100359,2025-06-19,East,Online,Consumer,Rep_11,Sports & Outdoors,Yoga Mat,8,59.71,0.0,32.79,477.68,262.32,215.36,45.08,2025-06,2025,Thursday
ORD101018,2025-10-17,North,Online,Small Business,Rep_06,Home & Kitchen,Coffee Maker,4,122.59,0.0,74.12,490.36,296.48,193.88,39.54,2025-10,2025,Friday
ORD100915,2024-07-30,North,Marketplace,Consumer,Unassigned,Home & Kitchen,Coffee Maker,1,23.12,20.0,12.17,18.5,12.17,6.33,34.22,2024-07,2024,Tuesday
ORD100307,2025-09-26,South,Online,Consumer,Rep_15,Home & Kitchen,Vacuum Cleaner,6,108.77,0.0,51.26,652.62,307.56,345.06,52.87,2025-09,2025,Friday
ORD101781,2024-06-17,West,In-Store,Consumer,Rep_12,Apparel,Winter Coat,5,62.31,15.0,41.8,264.82,209.0,55.82,21.08,2024-06,2024,Monday
ORD101619,2024-11-26,East,Marketplace,Small Business,Rep_06,Home & Kitchen,Air Fryer,7,172.15,15.0,104.88,1024.29,734.16,290.13,28.32,2024-11,2024,Tuesday
ORD101892,2024-06-26,East,Online,Consumer,Rep_11,Home & Kitchen,Air Fryer,3,128.18,0.0,76.52,384.54,229.56,154.98,40.3,2024-06,2024,Wednesday
ORD101627,2024-06-18,North,Online,Consumer,Rep_12,Home & Kitchen,Coffee Maker,1,56.19,0.0,27.02,56.19,27.02,29.17,51.91,2024-06,2024,Tuesday
ORD100882,2024-08-11,South,In-Store,Consumer,Rep_10,Home & Kitchen,Coffee Maker,3,123.49,5.0,74.17,351.95,222.51,129.44,36.78,2024-08,2024,Sunday
ORD100698,2025-06-29,South,Online,Consumer,Rep_07,Apparel,Backpack,6,48.43,0.0,29.61,290.58,177.66,112.92,38.86,2025-06,2025,Sunday
ORD101413,2025-06-04,North,In-Store,Consumer,Rep_14,Apparel,Running Shoes,4,75.81,0.0,34.6,303.24,138.4,164.84,54.36,2025-06,2025,Wednesday
ORD100003,2024-08-16,West,Online,Consumer,Rep_11,Apparel,Yoga Pants,4,85.18,0.0,46.89,340.72,187.56,153.16,44.95,2024-08,2024,Friday
ORD100215,2024-12-12,West,Online,Consumer,Rep_11,Home & Kitchen,Blender,4,157.04,0.0,86.95,628.16,347.8,280.36,44.63,2024-12,2024,Thursday
ORD100976,2024-03-19,East,In-Store,Consumer,Rep_11,Home & Kitchen,Blender,1,45.63,5.0,24.66,43.35,24.66,18.69,43.11,2024-03,2024,Tuesday
ORD100098,2025-03-21,South,In-Store,Consumer,Rep_04,Sports & Outdoors,Water Bottle,2,110.24,0.0,71.54,220.48,143.08,77.4,35.11,2025-03,2025,Friday
ORD101267,2024-07-11,East,Online,Consumer,Rep_14,Home & Kitchen,Vacuum Cleaner,4,152.78,5.0,73.58,580.56,294.32,286.24,49.3,2024-07,2024,Thursday
ORD101332,2025-05-21,East,Online,Consumer,Rep_05,Apparel,Denim Jacket,5,101.0,15.0,57.59,429.25,287.95,141.3,32.92,2025-05,2025,Wednesday
ORD102399,2024-12-07,West,Marketplace,Consumer,Rep_08,Sports & Outdoors,Dumbbell Set,7,144.35,10.0,74.84,909.4,523.88,385.52,42.39,2024-12,2024,Saturday
ORD102297,2024-08-23,West,Online,Consumer,Rep_10,Electronics,Wireless Earbuds,3,29.93,5.0,14.36,85.3,43.08,42.22,49.5,2024-08,2024,Friday
ORD101191,2024-04-26,West,Online,Consumer,Rep_11,Sports & Outdoors,Cycling Helmet,4,12.57,0.0,6.95,50.28,27.8,22.48,44.71,2024-04,2024,Friday
ORD101313,2024-03-06,North,Online,Consumer,Rep_03,Electronics,Power Bank,3,106.39,0.0,56.14,319.17,168.42,150.75,47.23,2024-03,2024,Wednesday
ORD101409,2025-07-28,North,In-Store,Small Business,Rep_10,Electronics,Laptop Stand,2,188.56,0.0,106.81,377.12,213.62,163.5,43.35,2025-07,2025,Monday
ORD100700,2024-09-30,South,Online,Enterprise,Rep_01,Home & Kitchen,Cookware Set,4,132.84,0.0,87.34,531.36,349.36,182.0,34.25,2024-09,2024,Monday
ORD100455,2024-06-23,North,In-Store,Small Business,Rep_08,Home & Kitchen,Cookware Set,4,171.21,5.0,115.35,650.6,461.4,189.2,29.08,2024-06,2024,Sunday
ORD102187,2025-11-17,West,In-Store,Small Business,Rep_06,Apparel,Backpack,6,23.79,0.0,11.5,142.74,69.0,73.74,51.66,2025-11,2025,Monday
ORD102027,2025-01-29,West,In-Store,Enterprise,Rep_11,Electronics,Power Bank,4,177.63,0.0,107.92,710.52,431.68,278.84,39.24,2025-01,2025,Wednesday
ORD100521,2025-03-21,North,In-Store,Small Business,Rep_02,Electronics,Wireless Earbuds,4,160.6,0.0,97.14,642.4,388.56,253.84,39.51,2025-03,2025,Friday
ORD101516,2025-05-21,West,Online,Small Business,Rep_15,Beauty,Hair Dryer,1,65.15,0.0,30.46,65.15,30.46,34.69,53.25,2025-05,2025,Wednesday
ORD101037,2024-05-22,South,Online,Consumer,Rep_08,Electronics,Smartwatch,2,25.54,0.0,17.15,51.08,34.3,16.78,32.85,2024-05,2024,Wednesday
ORD100389,2025-08-11,West,In-Store,Small Business,Rep_10,Home & Kitchen,Blender,2,76.45,10.0,48.79,137.61,97.58,40.03,29.09,2025-08,2025,Monday
ORD100951,2024-09-28,West,Online,Small Business,Rep_09,Apparel,Denim Jacket,3,46.44,5.0,31.04,132.35,93.12,39.23,29.64,2024-09,2024,Saturday
ORD100411,2024-06-10,South,In-Store,Small Business,Rep_01,Home & Kitchen,Air Fryer,4,88.32,20.0,42.09,282.62,168.36,114.26,40.43,2024-06,2024,Monday
ORD101688,2024-06-07,South,Online,Consumer,Rep_11,Electronics,Laptop Stand,1,123.05,10.0,68.93,110.74,68.93,41.81,37.76,2024-06,2024,Friday
ORD101881,2025-11-26,North,Online,Consumer,Rep_15,Electronics,Bluetooth Speaker,6,136.23,0.0,92.19,817.38,553.14,264.24,32.33,2025-11,2025,Wednesday
ORD101577,2024-02-15,South,Online,Consumer,Rep_14,Apparel,Denim Jacket,2,39.56,10.0,24.72,71.21,49.44,21.77,30.57,2024-02,2024,Thursday
ORD101591,2025-09-06,East,Marketplace,Small Business,Rep_09,Home & Kitchen,Blender,11,111.34,0.0,62.2,1224.74,684.2,540.54,44.14,2025-09,2025,Saturday
ORD102019,2025-11-29,West,Online,Consumer,Rep_06,Electronics,Wireless Earbuds,3,103.73,0.0,56.88,311.19,170.64,140.55,45.17,2025-11,2025,Saturday
ORD100501,2024-10-26,North,Online,Small Business,Rep_10,Beauty,Perfume,3,68.13,0.0,35.4,204.39,106.2,98.19,48.04,2024-10,2024,Saturday
ORD100932,2024-06-08,East,Online,Consumer,Rep_13,Home & Kitchen,Blender,4,30.07,0.0,15.54,120.28,62.16,58.12,48.32,2024-06,2024,Saturday
ORD100758,2024-02-20,West,In-Store,Enterprise,Rep_15,Home & Kitchen,Blender,3,145.0,0.0,94.16,435.0,282.48,152.52,35.06,2024-02,2024,Tuesday
ORD101917,2024-04-06,North,Online,Consumer,Rep_15,Home & Kitchen,Coffee Maker,4,45.95,0.0,22.94,183.8,91.76,92.04,50.08,2024-04,2024,Saturday
ORD100428,2025-06-20,North,Online,Consumer,Rep_09,Home & Kitchen,Blender,6,98.23,0.0,48.03,589.38,288.18,301.2,51.1,2025-06,2025,Friday
ORD101238,2024-02-18,East,Online,Small Business,Rep_05,Sports & Outdoors,Water Bottle,4,128.36,0.0,75.18,513.44,300.72,212.72,41.43,2024-02,2024,Sunday
ORD101136,2024-04-12,North,Online,Consumer,Rep_10,Home & Kitchen,Air Fryer,1,115.97,20.0,60.2,92.78,60.2,32.58,35.12,2024-04,2024,Friday
ORD100073,2024-02-02,North,Online,Consumer,Rep_09,Home & Kitchen,Cookware Set,5,158.58,0.0,92.08,792.9,460.4,332.5,41.93,2024-02,2024,Friday
ORD100025,2025-04-24,West,Online,Consumer,Rep_11,Beauty,Skincare Set,2,60.4,0.0,37.04,120.8,74.08,46.72,38.68,2025-04,2025,Thursday
ORD101126,2025-05-23,West,In-Store,Consumer,Rep_04,Sports & Outdoors,Cycling Helmet,2,122.86,0.0,74.49,245.72,148.98,96.74,39.37,2025-05,2025,Friday
ORD101139,2024-12-23,South,In-Store,Small Business,Rep_15,Beauty,Makeup Kit,6,71.22,0.0,32.64,427.32,195.84,231.48,54.17,2024-12,2024,Monday
ORD100505,2025-12-25,West,In-Store,Small Business,Rep_11,Electronics,Smartwatch,4,160.28,10.0,90.78,577.01,363.12,213.89,37.07,2025-12,2025,Thursday
ORD101672,2024-10-05,West,In-Store,Consumer,Rep_12,Electronics,Power Bank,3,147.86,5.0,80.59,421.4,241.77,179.63,42.63,2024-10,2024,Saturday
ORD102456,2025-03-06,West,Online,Consumer,Rep_12,Beauty,Face Serum,2,43.0,0.0,21.37,86.0,42.74,43.26,50.3,2025-03,2025,Thursday
ORD101646,2024-03-23,South,Online,Consumer,Rep_11,Sports & Outdoors,Water Bottle,1,101.66,0.0,61.31,101.66,61.31,40.35,39.69,2024-03,2024,Saturday
ORD101120,2024-05-13,East,Marketplace,Small Business,Rep_14,Sports & Outdoors,Camping Tent,2,98.68,5.0,58.67,187.49,117.34,70.15,37.42,2024-05,2024,Monday
ORD101336,2025-05-28,West,In-Store,Consumer,Rep_15,Electronics,Bluetooth Speaker,4,56.28,0.0,34.98,225.12,139.92,85.2,37.85,2025-05,2025,Wednesday
ORD100586,2025-02-11,West,Online,Small Business,Rep_04,Home & Kitchen,Vacuum Cleaner,6,134.89,0.0,81.4,809.34,488.4,320.94,39.65,2025-02,2025,Tuesday
ORD102360,2025-05-09,South,In-Store,Consumer,Rep_10,Home & Kitchen,Vacuum Cleaner,5,148.11,20.0,91.38,592.44,456.9,135.54,22.88,2025-05,2025,Friday
ORD100611,2024-07-09,North,Online,Consumer,Rep_06,Beauty,Face Serum,4,16.78,15.0,8.21,57.05,32.84,24.21,42.44,2024-07,2024,Tuesday
ORD101138,2024-12-20,North,Online,Small Business,Rep_01,Electronics,Laptop Stand,5,90.92,0.0,41.97,454.6,209.85,244.75,53.84,2024-12,2024,Friday
ORD100425,2024-05-16,South,In-Store,Consumer,Rep_14,Apparel,Running Shoes,3,28.27,0.0,18.37,84.81,55.11,29.7,35.02,2024-05,2024,Thursday
ORD100648,2025-08-12,East,Online,Small Business,Rep_03,Beauty,Skincare Set,6,74.37,0.0,44.06,446.22,264.36,181.86,40.76,2025-08,2025,Tuesday
ORD101622,2025-01-25,South,Marketplace,Consumer,Rep_05,Apparel,Yoga Pants,2,23.72,0.0,12.84,47.44,25.68,21.76,45.87,2025-01,2025,Saturday
ORD102506,2025-09-02,West,Online,Enterprise,Rep_01,Beauty,Face Serum,3,53.21,0.0,24.73,159.63,74.19,85.44,53.52,2025-09,2025,Tuesday
ORD100565,2024-11-06,West,In-Store,Consumer,Rep_07,Beauty,Makeup Kit,7,77.7,0.0,51.76,543.9,362.32,181.58,33.38,2024-11,2024,Wednesday
ORD102567,2025-06-10,North,Marketplace,Consumer,Rep_02,Electronics,Smartwatch,5,128.36,5.0,71.99,609.71,359.95,249.76,40.96,2025-06,2025,Tuesday
ORD100885,2024-05-15,South,In-Store,Consumer,Rep_02,Electronics,Wireless Earbuds,6,157.34,0.0,104.69,944.04,628.14,315.9,33.46,2024-05,2024,Wednesday
ORD102605,2025-03-06,North,Online,Enterprise,Rep_01,Sports & Outdoors,Camping Tent,4,111.38,0.0,57.49,445.52,229.96,215.56,48.38,2025-03,2025,Thursday
ORD102199,2024-02-15,West,Online,Small Business,Rep_14,Apparel,Yoga Pants,3,23.81,5.0,11.19,67.86,33.57,34.29,50.53,2024-02,2024,Thursday
ORD101595,2024-02-28,North,Online,Enterprise,Rep_06,Apparel,Running Shoes,3,113.8,0.0,57.29,341.4,171.87,169.53,49.66,2024-02,2024,Wednesday
ORD102316,2025-02-22,West,Online,Consumer,Rep_12,Sports & Outdoors,Dumbbell Set,1,138.7,20.0,67.2,110.96,67.2,43.76,39.44,2025-02,2025,Saturday
ORD101920,2025-06-26,West,Online,Consumer,Rep_03,Apparel,Denim Jacket,3,111.1,5.0,71.66,316.63,214.98,101.65,32.1,2025-06,2025,Thursday
ORD101953,2025-11-19,North,Marketplace,Consumer,Rep_12,Apparel,Running Shoes,1,62.38,5.0,35.37,59.26,35.37,23.89,40.31,2025-11,2025,Wednesday
ORD101936,2024-01-12,North,Online,Consumer,Rep_06,Beauty,Skincare Set,2,51.62,10.0,28.27,92.92,56.54,36.38,39.15,2024-01,2024,Friday
ORD100500,2024-06-10,East,In-Store,Consumer,Rep_01,Beauty,Face Serum,3,89.03,0.0,43.23,267.09,129.69,137.4,51.44,2024-06,2024,Monday
ORD102532,2024-09-20,West,In-Store,Consumer,Rep_06,Sports & Outdoors,Camping Tent,1,108.71,0.0,68.55,108.71,68.55,40.16,36.94,2024-09,2024,Friday
ORD101766,2025-08-03,South,In-Store,Small Business,Rep_13,Beauty,Perfume,3,43.64,0.0,28.38,130.92,85.14,45.78,34.97,2025-08,2025,Sunday
ORD100164,2025-09-01,East,Marketplace,Consumer,Rep_12,Home & Kitchen,Air Fryer,3,23.24,0.0,10.96,69.72,32.88,36.84,52.84,2025-09,2025,Monday
ORD102406,2024-09-21,North,Marketplace,Small Business,Rep_12,Sports & Outdoors,Camping Tent,4,59.31,15.0,28.97,201.65,115.88,85.77,42.53,2024-09,2024,Saturday
ORD100243,2024-07-23,South,Online,Consumer,Rep_11,Electronics,Power Bank,2,135.67,0.0,65.82,271.34,131.64,139.7,51.49,2024-07,2024,Tuesday
ORD102539,2025-04-05,East,Online,Consumer,Rep_04,Home & Kitchen,Blender,1,155.96,0.0,101.23,155.96,101.23,54.73,35.09,2025-04,2025,Saturday
ORD100378,2025-04-22,North,Marketplace,Consumer,Rep_10,Sports & Outdoors,Cycling Helmet,3,57.12,15.0,26.32,145.66,78.96,66.7,45.79,2025-04,2025,Tuesday
ORD101087,2025-11-16,North,Online,Small Business,Rep_14,Sports & Outdoors,Water Bottle,6,73.55,0.0,47.42,441.3,284.52,156.78,35.53,2025-11,2025,Sunday
ORD101412,2025-08-29,North,Online,Consumer,Rep_08,Electronics,Laptop Stand,3,211.26,0.0,110.5,633.78,331.5,302.28,47.69,2025-08,2025,Friday
ORD102309,2024-08-25,South,Marketplace,Small Business,Rep_11,Home & Kitchen,Air Fryer,4,72.15,0.0,45.19,288.6,180.76,107.84,37.37,2024-08,2024,Sunday
ORD100294,2025-10-23,West,Online,Small Business,Rep_01,Electronics,Bluetooth Speaker,4,78.87,0.0,48.5,315.48,194.0,121.48,38.51,2025-10,2025,Thursday
ORD101495,2025-04-27,West,In-Store,Small Business,Rep_03,Beauty,Skincare Set,3,66.8,20.0,33.98,160.32,101.94,58.38,36.41,2025-04,2025,Sunday
ORD102381,2025-12-07,West,In-Store,Consumer,Rep_06,Sports & Outdoors,Camping Tent,6,38.96,15.0,20.82,198.7,124.92,73.78,37.13,2025-12,2025,Sunday
ORD102458,2025-06-25,North,Marketplace,Consumer,Rep_12,Beauty,Skincare Set,4,53.81,15.0,30.73,182.95,122.92,60.03,32.81,2025-06,2025,Wednesday
ORD101308,2024-12-14,North,In-Store,Consumer,Rep_06,Sports & Outdoors,Cycling Helmet,5,132.61,0.0,78.81,663.05,394.05,269.0,40.57,2024-12,2024,Saturday
ORD100315,2025-08-20,South,In-Store,Consumer,Rep_06,Home & Kitchen,Vacuum Cleaner,4,123.36,5.0,58.12,468.77,232.48,236.29,50.41,2025-08,2025,Wednesday
ORD100528,2025-02-07,West,Online,Consumer,Rep_05,Apparel,Backpack,5,51.44,0.0,27.12,257.2,135.6,121.6,47.28,2025-02,2025,Friday
ORD102635,2025-04-04,South,Online,Consumer,Rep_03,Electronics,Bluetooth Speaker,4,159.2,5.0,81.1,604.96,324.4,280.56,46.38,2025-04,2025,Friday
ORD101177,2025-07-01,North,In-Store,Consumer,Rep_11,Apparel,Winter Coat,2,98.36,0.0,49.95,196.72,99.9,96.82,49.22,2025-07,2025,Tuesday
ORD100189,2025-05-29,East,Online,Consumer,Rep_10,Electronics,Laptop Stand,5,109.51,15.0,57.32,465.42,286.6,178.82,38.42,2025-05,2025,Thursday
ORD100027,2025-10-07,East,Marketplace,Consumer,Rep_11,Apparel,Yoga Pants,3,64.79,0.0,35.29,194.37,105.87,88.5,45.53,2025-10,2025,Tuesday
ORD102222,2024-05-24,East,In-Store,Enterprise,Rep_06,Apparel,Winter Coat,1,65.42,0.0,41.83,65.42,41.83,23.59,36.06,2024-05,2024,Friday
ORD101693,2024-11-07,West,Online,Consumer,Rep_03,Electronics,Power Bank,7,61.18,0.0,38.14,428.26,266.98,161.28,37.66,2024-11,2024,Thursday
ORD101531,2025-07-31,South,Marketplace,Small Business,Rep_07,Apparel,Winter Coat,1,54.5,10.0,33.35,49.05,33.35,15.7,32.01,2025-07,2025,Thursday
ORD101074,2025-02-22,East,Marketplace,Small Business,Rep_10,Beauty,Hair Dryer,2,20.29,0.0,9.28,40.58,18.56,22.02,54.26,2025-02,2025,Saturday
ORD102350,2024-10-27,East,Online,Consumer,Rep_03,Home & Kitchen,Air Fryer,2,177.44,0.0,98.3,354.88,196.6,158.28,44.6,2024-10,2024,Sunday
ORD101561,2025-06-13,West,Marketplace,Consumer,Rep_02,Electronics,Smartwatch,5,25.75,0.0,16.81,128.75,84.05,44.7,34.72,2025-06,2025,Friday
ORD102095,2024-06-07,South,In-Store,Consumer,Rep_01,Beauty,Skincare Set,2,78.7,15.0,39.46,133.79,78.92,54.87,41.01,2024-06,2024,Friday
ORD102370,2024-01-22,East,Online,Consumer,Rep_02,Sports & Outdoors,Dumbbell Set,1,32.34,0.0,17.63,32.34,17.63,14.71,45.49,2024-01,2024,Monday
ORD102382,2024-05-08,South,In-Store,Small Business,Rep_07,Home & Kitchen,Blender,3,159.85,10.0,102.76,431.6,308.28,123.32,28.57,2024-05,2024,Wednesday
ORD100585,2025-11-18,North,In-Store,Consumer,Rep_01,Beauty,Makeup Kit,9,41.05,0.0,23.43,369.45,210.87,158.58,42.92,2025-11,2025,Tuesday
ORD100837,2025-06-25,East,In-Store,Small Business,Rep_06,Beauty,Skincare Set,4,65.86,0.0,34.74,263.44,138.96,124.48,47.25,2025-06,2025,Wednesday
ORD100710,2024-09-21,East,Marketplace,Consumer,Rep_11,Apparel,Backpack,4,86.71,10.0,50.22,312.16,200.88,111.28,35.65,2024-09,2024,Saturday
ORD102250,2025-07-11,West,Online,Consumer,Rep_08,Sports & Outdoors,Water Bottle,3,98.35,0.0,47.83,295.05,143.49,151.56,51.37,2025-07,2025,Friday
ORD102201,2024-10-20,East,Online,Consumer,Rep_13,Apparel,Denim Jacket,2,70.2,0.0,36.06,140.4,72.12,68.28,48.63,2024-10,2024,Sunday
ORD101250,2024-01-19,North,Online,Consumer,Rep_02,Electronics,Bluetooth Speaker,2,135.83,0.0,65.87,271.66,131.74,139.92,51.51,2024-01,2024,Friday
ORD101832,2025-11-24,South,In-Store,Consumer,Rep_09,Sports & Outdoors,Water Bottle,8,127.46,0.0,73.96,1019.68,591.68,428.0,41.97,2025-11,2025,Monday
ORD102286,2024-05-08,North,Marketplace,Consumer,Rep_04,Apparel,Yoga Pants,2,48.51,20.0,27.97,77.62,55.94,21.68,27.93,2024-05,2024,Wednesday
ORD102612,2024-04-29,East,Marketplace,Consumer,Unassigned,Beauty,Skincare Set,4,54.48,15.0,35.95,185.23,143.8,41.43,22.37,2024-04,2024,Monday
ORD100816,2024-06-24,North,Online,Small Business,Rep_09,Electronics,Wireless Earbuds,6,110.2,0.0,58.59,661.2,351.54,309.66,46.83,2024-06,2024,Monday
ORD102233,2025-09-14,South,Online,Consumer,Rep_12,Apparel,Winter Coat,2,71.59,0.0,43.7,143.18,87.4,55.78,38.96,2025-09,2025,Sunday
ORD101490,2024-10-18,North,Online,Small Business,Rep_07,Beauty,Hair Dryer,3,85.62,0.0,56.58,256.86,169.74,87.12,33.92,2024-10,2024,Friday
ORD100957,2024-12-02,South,Online,Consumer,Rep_12,Home & Kitchen,Vacuum Cleaner,5,64.6,10.0,31.48,290.7,157.4,133.3,45.85,2024-12,2024,Monday
ORD100302,2024-07-14,East,Online,Consumer,Rep_13,Beauty,Hair Dryer,1,14.17,0.0,7.18,14.17,7.18,6.99,49.33,2024-07,2024,Sunday
ORD100571,2024-06-12,South,Marketplace,Small Business,Rep_01,Electronics,Power Bank,5,202.85,5.0,124.44,963.54,622.2,341.34,35.43,2024-06,2024,Wednesday
ORD100630,2025-03-22,South,In-Store,Consumer,Rep_15,Electronics,Bluetooth Speaker,3,176.21,0.0,97.64,528.63,292.92,235.71,44.59,2025-03,2025,Saturday
ORD102172,2025-05-17,West,Marketplace,Consumer,Rep_01,Apparel,Yoga Pants,4,42.88,0.0,21.28,171.52,85.12,86.4,50.37,2025-05,2025,Saturday
ORD102599,2025-03-08,East,Marketplace,Consumer,Rep_05,Apparel,Winter Coat,4,64.66,0.0,32.65,258.64,130.6,128.04,49.51,2025-03,2025,Saturday
ORD101324,2025-04-30,East,Marketplace,Consumer,Rep_03,Apparel,Winter Coat,5,66.67,0.0,30.45,333.35,152.25,181.1,54.33,2025-04,2025,Wednesday
ORD101063,2024-07-21,East,In-Store,Consumer,Rep_14,Electronics,Wireless Earbuds,1,94.07,5.0,49.88,89.37,49.88,39.49,44.19,2024-07,2024,Sunday
ORD101425,2025-04-18,West,Online,Consumer,Rep_09,Sports & Outdoors,Water Bottle,2,114.87,0.0,69.57,229.74,139.14,90.6,39.44,2025-04,2025,Friday
ORD102182,2024-04-01,North,In-Store,Consumer,Rep_15,Electronics,Bluetooth Speaker,2,91.92,10.0,45.82,165.46,91.64,73.82,44.62,2024-04,2024,Monday
ORD101847,2024-01-03,South,Marketplace,Consumer,Rep_10,Beauty,Makeup Kit,4,76.4,0.0,47.56,305.6,190.24,115.36,37.75,2024-01,2024,Wednesday
ORD101541,2024-10-09,East,In-Store,Consumer,Rep_03,Electronics,Laptop Stand,4,95.93,0.0,47.68,383.72,190.72,193.0,50.3,2024-10,2024,Wednesday
ORD102337,2025-08-02,North,Online,Consumer,Rep_01,Apparel,Yoga Pants,5,33.97,0.0,17.65,169.85,88.25,81.6,48.04,2025-08,2025,Saturday
ORD101436,2025-06-14,East,Online,Enterprise,Rep_04,Electronics,Wireless Earbuds,6,181.81,0.0,108.87,1090.86,653.22,437.64,40.12,2025-06,2025,Saturday
ORD101429,2024-04-14,North,In-Store,Consumer,Rep_09,Home & Kitchen,Blender,2,27.46,15.0,15.17,46.68,30.34,16.34,35.0,2024-04,2024,Sunday
ORD100923,2025-02-18,North,In-Store,Consumer,Rep_14,Electronics,Wireless Earbuds,3,145.51,0.0,97.46,436.53,292.38,144.15,33.02,2025-02,2025,Tuesday
ORD100722,2024-08-05,North,Marketplace,Consumer,Rep_02,Home & Kitchen,Vacuum Cleaner,4,100.63,0.0,49.06,402.52,196.24,206.28,51.25,2024-08,2024,Monday
ORD100059,2025-12-25,East,In-Store,Consumer,Rep_11,Electronics,Bluetooth Speaker,3,88.68,0.0,53.67,266.04,161.01,105.03,39.48,2025-12,2025,Thursday
ORD101905,2024-12-03,South,Marketplace,Consumer,Rep_13,Sports & Outdoors,Water Bottle,5,71.49,0.0,44.7,357.45,223.5,133.95,37.47,2024-12,2024,Tuesday
ORD101434,2025-03-04,South,Marketplace,Consumer,Rep_13,Home & Kitchen,Vacuum Cleaner,6,172.23,10.0,109.17,930.04,655.02,275.02,29.57,2025-03,2025,Tuesday
ORD100023,2025-11-14,West,Online,Consumer,Rep_07,Electronics,Wireless Earbuds,8,111.25,10.0,50.8,801.0,406.4,394.6,49.26,2025-11,2025,Friday
ORD100577,2024-08-20,East,Online,Consumer,Rep_09,Electronics,Power Bank,2,214.48,0.0,139.81,428.96,279.62,149.34,34.81,2024-08,2024,Tuesday
ORD100683,2024-03-24,East,Online,Consumer,Rep_09,Electronics,Smartwatch,1,98.53,0.0,52.17,98.53,52.17,46.36,47.05,2024-03,2024,Sunday
ORD101015,2025-07-01,East,Online,Small Business,Rep_02,Sports & Outdoors,Yoga Mat,3,124.9,0.0,72.55,374.7,217.65,157.05,41.91,2025-07,2025,Tuesday
ORD100346,2024-05-02,South,In-Store,Consumer,Rep_04,Apparel,Running Shoes,2,60.17,0.0,29.23,120.34,58.46,61.88,51.42,2024-05,2024,Thursday
ORD101963,2025-06-20,North,In-Store,Small Business,Rep_06,Beauty,Skincare Set,4,37.84,10.0,19.98,136.22,79.92,56.3,41.33,2025-06,2025,Friday
ORD100761,2025-01-26,North,Online,Consumer,Rep_13,Home & Kitchen,Coffee Maker,5,30.32,15.0,20.16,128.86,100.8,28.06,21.78,2025-01,2025,Sunday
ORD100008,2024-12-06,South,Online,Enterprise,Rep_03,Electronics,Power Bank,3,117.33,0.0,55.73,351.99,167.19,184.8,52.5,2024-12,2024,Friday
ORD102619,2025-12-10,North,Online,Consumer,Rep_05,Beauty,Face Serum,8,29.91,20.0,19.98,191.42,159.84,31.58,16.5,2025-12,2025,Wednesday
ORD100228,2024-03-24,West,In-Store,Consumer,Rep_01,Sports & Outdoors,Dumbbell Set,2,55.54,0.0,26.15,111.08,52.3,58.78,52.92,2024-03,2024,Sunday
ORD100489,2025-05-03,North,In-Store,Small Business,Rep_13,Sports & Outdoors,Water Bottle,4,52.62,0.0,27.07,210.48,108.28,102.2,48.56,2025-05,2025,Saturday
ORD102282,2024-10-19,West,In-Store,Consumer,Rep_08,Electronics,Smartwatch,6,91.42,0.0,57.94,548.52,347.64,200.88,36.62,2024-10,2024,Saturday
ORD100829,2025-05-24,East,In-Store,Consumer,Rep_15,Apparel,Yoga Pants,1,43.04,0.0,27.38,43.04,27.38,15.66,36.38,2025-05,2025,Saturday
ORD101617,2024-09-09,South,Online,Enterprise,Rep_03,Apparel,Winter Coat,3,73.3,0.0,43.55,219.9,130.65,89.25,40.59,2024-09,2024,Monday
ORD100449,2024-10-25,East,Online,Consumer,Rep_07,Apparel,Running Shoes,2,60.66,0.0,38.89,121.32,77.78,43.54,35.89,2024-10,2024,Friday
ORD102205,2025-04-22,West,Online,Consumer,Rep_01,Beauty,Skincare Set,2,48.4,0.0,22.87,96.8,45.74,51.06,52.75,2025-04,2025,Tuesday
ORD100015,2025-03-16,East,Online,Small Business,Rep_01,Electronics,Laptop Stand,1,85.52,0.0,39.57,85.52,39.57,45.95,53.73,2025-03,2025,Sunday
ORD101114,2024-05-05,East,In-Store,Consumer,Rep_05,Home & Kitchen,Cookware Set,5,145.89,15.0,96.47,620.03,482.35,137.68,22.21,2024-05,2024,Sunday
ORD102556,2025-12-17,South,Online,Consumer,Rep_10,Apparel,Yoga Pants,8,118.7,10.0,59.24,854.64,473.92,380.72,44.55,2025-12,2025,Wednesday
ORD102167,2024-12-31,North,Online,Consumer,Rep_15,Beauty,Perfume,9,81.31,0.0,37.01,731.79,333.09,398.7,54.48,2024-12,2024,Tuesday
ORD100823,2024-12-21,West,Online,Consumer,Rep_14,Sports & Outdoors,Dumbbell Set,5,132.64,0.0,83.91,663.2,419.55,243.65,36.74,2024-12,2024,Saturday
ORD101777,2025-02-05,North,In-Store,Small Business,Rep_03,Electronics,Laptop Stand,4,129.69,0.0,68.13,518.76,272.52,246.24,47.47,2025-02,2025,Wednesday
ORD101226,2025-03-16,South,Marketplace,Enterprise,Rep_11,Sports & Outdoors,Yoga Mat,1,96.15,0.0,64.84,96.15,64.84,31.31,32.56,2025-03,2025,Sunday
ORD102086,2025-12-05,West,Online,Consumer,Rep_15,Electronics,Wireless Earbuds,9,26.31,0.0,12.95,236.79,116.55,120.24,50.78,2025-12,2025,Friday
ORD102247,2025-01-24,East,Online,Consumer,Rep_02,Beauty,Perfume,2,56.01,0.0,27.58,112.02,55.16,56.86,50.76,2025-01,2025,Friday
ORD101231,2025-07-30,West,In-Store,Consumer,Rep_04,Beauty,Hair Dryer,2,86.71,0.0,45.45,173.42,90.9,82.52,47.58,2025-07,2025,Wednesday
ORD101009,2025-02-16,South,Marketplace,Small Business,Rep_04,Apparel,Running Shoes,3,15.61,0.0,9.04,46.83,27.12,19.71,42.09,2025-02,2025,Sunday
ORD102345,2024-09-14,East,Online,Consumer,Rep_02,Home & Kitchen,Blender,2,35.77,0.0,18.27,71.54,36.54,35.0,48.92,2024-09,2024,Saturday
ORD102433,2024-03-24,North,Marketplace,Small Business,Rep_11,Home & Kitchen,Air Fryer,4,109.07,0.0,63.96,436.28,255.84,180.44,41.36,2024-03,2024,Sunday
ORD101872,2024-11-04,East,Online,Consumer,Rep_07,Home & Kitchen,Coffee Maker,4,126.7,0.0,76.69,506.8,306.76,200.04,39.47,2024-11,2024,Monday
ORD101106,2025-09-01,East,Online,Enterprise,Rep_01,Sports & Outdoors,Cycling Helmet,1,113.2,0.0,56.47,113.2,56.47,56.73,50.11,2025-09,2025,Monday
ORD102540,2024-09-06,East,In-Store,Consumer,Rep_04,Sports & Outdoors,Dumbbell Set,1,60.35,0.0,39.6,60.35,39.6,20.75,34.38,2024-09,2024,Friday
ORD100352,2025-06-07,West,Online,Consumer,Rep_06,Apparel,Yoga Pants,3,99.86,10.0,56.12,269.62,168.36,101.26,37.56,2025-06,2025,Saturday
ORD102211,2024-11-05,West,Online,Enterprise,Rep_12,Apparel,Winter Coat,4,76.91,0.0,43.87,307.64,175.48,132.16,42.96,2024-11,2024,Tuesday
ORD100442,2025-05-13,West,In-Store,Consumer,Rep_01,Electronics,Laptop Stand,6,219.55,0.0,149.2,1317.3,895.2,422.1,32.04,2025-05,2025,Tuesday
ORD101933,2024-02-06,West,In-Store,Consumer,Rep_14,Home & Kitchen,Coffee Maker,1,166.93,0.0,112.31,166.93,112.31,54.62,32.72,2024-02,2024,Tuesday
ORD100285,2024-12-30,South,In-Store,Small Business,Rep_15,Home & Kitchen,Vacuum Cleaner,5,167.26,5.0,86.3,794.48,431.5,362.98,45.69,2024-12,2024,Monday
ORD100783,2024-06-28,West,Online,Consumer,Rep_06,Electronics,Laptop Stand,4,126.91,0.0,77.75,507.64,311.0,196.64,38.74,2024-06,2024,Friday
ORD100860,2024-03-08,South,In-Store,Consumer,Rep_15,Sports & Outdoors,Camping Tent,1,96.98,0.0,48.32,96.98,48.32,48.66,50.18,2024-03,2024,Friday
ORD101527,2024-07-12,South,Marketplace,Consumer,Rep_13,Home & Kitchen,Blender,4,38.11,5.0,20.86,144.82,83.44,61.38,42.38,2024-07,2024,Friday
ORD102368,2024-07-08,West,In-Store,Small Business,Rep_03,Apparel,Denim Jacket,6,39.47,5.0,23.19,224.98,139.14,85.84,38.15,2024-07,2024,Monday
ORD100348,2024-04-08,South,In-Store,Consumer,Rep_09,Beauty,Makeup Kit,8,18.66,0.0,10.84,149.28,86.72,62.56,41.91,2024-04,2024,Monday
ORD100068,2025-05-25,East,Online,Consumer,Rep_03,Electronics,Laptop Stand,6,215.24,0.0,126.64,1291.44,759.84,531.6,41.16,2025-05,2025,Sunday
ORD100403,2024-09-19,South,In-Store,Small Business,Rep_10,Home & Kitchen,Air Fryer,4,87.22,5.0,50.76,331.44,203.04,128.4,38.74,2024-09,2024,Thursday
ORD100754,2025-12-27,West,Online,Small Business,Rep_12,Beauty,Hair Dryer,9,25.23,0.0,14.75,227.07,132.75,94.32,41.54,2025-12,2025,Saturday
ORD100797,2025-03-14,West,Marketplace,Consumer,Rep_12,Beauty,Perfume,7,59.26,0.0,34.82,414.82,243.74,171.08,41.24,2025-03,2025,Friday
ORD101050,2024-03-08,South,Online,Small Business,Rep_09,Beauty,Makeup Kit,6,18.99,0.0,9.76,113.94,58.56,55.38,48.6,2024-03,2024,Friday
ORD102153,2024-01-08,East,In-Store,Small Business,Rep_06,Home & Kitchen,Vacuum Cleaner,5,44.86,0.0,22.4,224.3,112.0,112.3,50.07,2024-01,2024,Monday
ORD100177,2025-10-23,West,Marketplace,Enterprise,Rep_09,Home & Kitchen,Cookware Set,2,174.33,15.0,86.28,296.36,172.56,123.8,41.77,2025-10,2025,Thursday
ORD100953,2024-04-10,West,Marketplace,Consumer,Rep_04,Beauty,Skincare Set,4,48.75,0.0,27.0,195.0,108.0,87.0,44.62,2024-04,2024,Wednesday
ORD102073,2025-10-29,West,Online,Small Business,Rep_05,Beauty,Hair Dryer,2,33.93,5.0,22.71,64.47,45.42,19.05,29.55,2025-10,2025,Wednesday
ORD101395,2024-04-10,West,Online,Consumer,Rep_06,Electronics,Smartwatch,1,175.71,10.0,90.49,158.14,90.49,67.65,42.78,2024-04,2024,Wednesday
ORD101695,2025-10-11,South,Marketplace,Consumer,Rep_01,Electronics,Wireless Earbuds,3,166.23,0.0,111.94,498.69,335.82,162.87,32.66,2025-10,2025,Saturday
ORD100045,2025-09-12,North,Online,Consumer,Rep_10,Beauty,Face Serum,6,11.52,0.0,7.02,69.12,42.12,27.0,39.06,2025-09,2025,Friday
ORD100252,2025-09-18,South,In-Store,Consumer,Rep_12,Home & Kitchen,Vacuum Cleaner,3,176.61,0.0,100.27,529.83,300.81,229.02,43.23,2025-09,2025,Thursday
ORD100558,2024-06-17,North,Marketplace,Small Business,Rep_06,Electronics,Power Bank,4,88.59,0.0,46.91,354.36,187.64,166.72,47.05,2024-06,2024,Monday
ORD101475,2025-07-09,West,Online,Small Business,Rep_04,Electronics,Laptop Stand,2,200.9,5.0,132.13,381.71,264.26,117.45,30.77,2025-07,2025,Wednesday
ORD100193,2024-09-05,South,In-Store,Consumer,Rep_08,Home & Kitchen,Coffee Maker,3,126.71,0.0,60.96,380.13,182.88,197.25,51.89,2024-09,2024,Thursday
ORD102584,2025-07-17,South,Online,Enterprise,Rep_09,Home & Kitchen,Vacuum Cleaner,1,23.67,0.0,15.2,23.67,15.2,8.47,35.78,2025-07,2025,Thursday
ORD101813,2024-06-17,North,Marketplace,Consumer,Rep_01,Sports & Outdoors,Cycling Helmet,3,13.1,0.0,8.7,39.3,26.1,13.2,33.59,2024-06,2024,Monday
ORD100445,2024-10-31,North,Marketplace,Consumer,Rep_06,Apparel,Yoga Pants,3,41.66,0.0,19.14,124.98,57.42,67.56,54.06,2024-10,2024,Thursday
ORD101821,2024-08-10,North,Online,Consumer,Rep_03,Home & Kitchen,Coffee Maker,4,170.13,0.0,96.21,680.52,384.84,295.68,43.45,2024-08,2024,Saturday
ORD102621,2024-05-22,West,Online,Consumer,Rep_03,Beauty,Hair Dryer,4,84.93,10.0,54.12,305.75,216.48,89.27,29.2,2024-05,2024,Wednesday
ORD101330,2024-08-24,East,Online,Enterprise,Rep_04,Sports & Outdoors,Yoga Mat,3,120.6,5.0,65.22,343.71,195.66,148.05,43.07,2024-08,2024,Saturday
ORD100255,2024-11-16,South,Marketplace,Consumer,Rep_14,Apparel,Yoga Pants,2,92.96,0.0,52.75,185.92,105.5,80.42,43.26,2024-11,2024,Saturday
ORD100451,2024-10-18,South,Online,Consumer,Rep_12,Home & Kitchen,Blender,4,93.25,10.0,47.69,335.7,190.76,144.94,43.18,2024-10,2024,Friday
ORD102088,2024-02-15,North,Marketplace,Consumer,Rep_15,Electronics,Laptop Stand,3,45.54,5.0,20.99,129.79,62.97,66.82,51.48,2024-02,2024,Thursday
ORD101469,2025-08-17,East,Online,Consumer,Rep_03,Electronics,Wireless Earbuds,1,67.56,15.0,38.16,57.43,38.16,19.27,33.55,2025-08,2025,Sunday
ORD102214,2024-12-10,West,In-Store,Consumer,Rep_08,Beauty,Hair Dryer,6,78.59,15.0,45.76,400.81,274.56,126.25,31.5,2024-12,2024,Tuesday
ORD102060,2025-02-22,North,Online,Small Business,Rep_12,Sports & Outdoors,Camping Tent,1,28.03,0.0,13.81,28.03,13.81,14.22,50.73,2025-02,2025,Saturday
ORD100948,2024-02-07,South,In-Store,Consumer,Rep_05,Beauty,Skincare Set,1,80.85,0.0,45.69,80.85,45.69,35.16,43.49,2024-02,2024,Wednesday
ORD100510,2024-12-24,North,In-Store,Consumer,Rep_13,Home & Kitchen,Air Fryer,2,83.77,20.0,50.78,134.03,101.56,32.47,24.23,2024-12,2024,Tuesday
ORD101457,2025-12-24,East,Online,Consumer,Rep_10,Electronics,Wireless Earbuds,7,178.81,5.0,100.04,1189.09,700.28,488.81,41.11,2025-12,2025,Wednesday
ORD102449,2024-02-26,North,In-Store,Small Business,Rep_12,Electronics,Wireless Earbuds,5,26.47,0.0,12.6,132.35,63.0,69.35,52.4,2024-02,2024,Monday
ORD101331,2024-05-04,West,In-Store,Consumer,Rep_01,Apparel,Winter Coat,1,50.95,0.0,23.29,50.95,23.29,27.66,54.29,2024-05,2024,Saturday
ORD101309,2024-07-18,West,In-Store,Consumer,Rep_06,Sports & Outdoors,Water Bottle,3,71.21,0.0,34.29,213.63,102.87,110.76,51.85,2024-07,2024,Thursday
ORD102212,2024-07-18,North,In-Store,Consumer,Rep_08,Sports & Outdoors,Water Bottle,7,110.87,0.0,70.64,776.09,494.48,281.61,36.29,2024-07,2024,Thursday
ORD101863,2025-11-20,North,Online,Consumer,Rep_10,Home & Kitchen,Vacuum Cleaner,4,156.66,0.0,86.61,626.64,346.44,280.2,44.71,2025-11,2025,Thursday
ORD101453,2025-08-30,South,In-Store,Consumer,Rep_13,Home & Kitchen,Cookware Set,3,45.78,5.0,28.25,130.47,84.75,45.72,35.04,2025-08,2025,Saturday
ORD101481,2025-10-20,North,In-Store,Consumer,Rep_03,Home & Kitchen,Cookware Set,4,72.76,0.0,43.01,291.04,172.04,119.0,40.89,2025-10,2025,Monday
ORD102161,2024-03-14,South,Online,Small Business,Rep_01,Sports & Outdoors,Water Bottle,6,120.16,15.0,78.59,612.82,471.54,141.28,23.05,2024-03,2024,Thursday
ORD102125,2024-02-16,East,Online,Consumer,Rep_01,Sports & Outdoors,Dumbbell Set,6,16.25,0.0,8.66,97.5,51.96,45.54,46.71,2024-02,2024,Friday
ORD100621,2025-07-08,South,In-Store,Enterprise,Rep_12,Electronics,Power Bank,11,136.98,0.0,68.71,1506.78,755.81,750.97,49.84,2025-07,2025,Tuesday
ORD102429,2024-12-19,East,In-Store,Small Business,Rep_13,Home & Kitchen,Blender,7,82.61,10.0,48.88,520.44,342.16,178.28,34.26,2024-12,2024,Thursday
ORD102099,2024-12-28,South,Online,Consumer,Rep_06,Home & Kitchen,Cookware Set,5,108.85,10.0,73.18,489.82,365.9,123.92,25.3,2024-12,2024,Saturday
ORD101726,2025-12-26,North,In-Store,Small Business,Rep_06,Electronics,Smartwatch,9,164.51,0.0,81.75,1480.59,735.75,744.84,50.31,2025-12,2025,Friday
ORD102396,2025-10-23,East,Marketplace,Consumer,Rep_13,Electronics,Bluetooth Speaker,3,92.51,0.0,55.05,277.53,165.15,112.38,40.49,2025-10,2025,Thursday
ORD100663,2025-02-09,North,Online,Small Business,Rep_13,Beauty,Hair Dryer,4,77.82,0.0,39.92,311.28,159.68,151.6,48.7,2025-02,2025,Sunday
ORD100774,2024-06-09,West,Online,Consumer,Rep_12,Apparel,Winter Coat,4,62.91,0.0,29.71,251.64,118.84,132.8,52.77,2024-06,2024,Sunday
ORD100573,2025-12-05,North,Online,Small Business,Rep_03,Home & Kitchen,Cookware Set,2,102.96,0.0,46.35,205.92,92.7,113.22,54.98,2025-12,2025,Friday
ORD102068,2025-08-24,East,In-Store,Enterprise,Rep_14,Apparel,Winter Coat,3,30.33,0.0,20.19,90.99,60.57,30.42,33.43,2025-08,2025,Sunday
ORD101488,2024-12-01,West,Online,Consumer,Rep_07,Home & Kitchen,Vacuum Cleaner,1,85.86,0.0,39.74,85.86,39.74,46.12,53.72,2024-12,2024,Sunday
ORD101121,2025-11-03,East,Online,Consumer,Rep_03,Home & Kitchen,Coffee Maker,3,59.57,0.0,40.46,178.71,121.38,57.33,32.08,2025-11,2025,Monday
ORD102494,2025-12-08,East,Marketplace,Consumer,Rep_15,Apparel,Yoga Pants,7,41.07,5.0,24.25,273.12,169.75,103.37,37.85,2025-12,2025,Monday
ORD102245,2025-08-13,South,Marketplace,Consumer,Rep_07,Sports & Outdoors,Cycling Helmet,1,141.53,0.0,83.77,141.53,83.77,57.76,40.81,2025-08,2025,Wednesday
ORD102091,2025-02-11,South,Marketplace,Consumer,Rep_08,Beauty,Hair Dryer,4,29.45,0.0,18.78,117.8,75.12,42.68,36.23,2025-02,2025,Tuesday
ORD100139,2025-08-01,North,Online,Small Business,Rep_14,Electronics,Laptop Stand,8,43.9,0.0,24.17,351.2,193.36,157.84,44.94,2025-08,2025,Friday
ORD101846,2025-10-21,West,Online,Consumer,Rep_06,Apparel,Denim Jacket,4,60.62,10.0,32.84,218.23,131.36,86.87,39.81,2025-10,2025,Tuesday
ORD100282,2024-03-31,West,In-Store,Consumer,Rep_09,Home & Kitchen,Vacuum Cleaner,4,90.8,5.0,48.95,345.04,195.8,149.24,43.25,2024-03,2024,Sunday
ORD100258,2025-05-29,South,Online,Enterprise,Rep_10,Home & Kitchen,Vacuum Cleaner,3,46.49,0.0,27.92,139.47,83.76,55.71,39.94,2025-05,2025,Thursday
ORD100616,2024-10-24,South,In-Store,Consumer,Rep_02,Apparel,Yoga Pants,3,21.64,0.0,10.09,64.92,30.27,34.65,53.37,2024-10,2024,Thursday
ORD101699,2025-06-15,West,In-Store,Consumer,Rep_10,Sports & Outdoors,Water Bottle,3,39.22,5.0,17.96,111.78,53.88,57.9,51.8,2025-06,2025,Sunday
ORD101723,2025-09-09,North,Online,Consumer,Rep_12,Electronics,Wireless Earbuds,3,91.74,0.0,57.62,275.22,172.86,102.36,37.19,2025-09,2025,Tuesday
ORD100725,2024-06-04,South,Marketplace,Consumer,Rep_03,Apparel,Backpack,4,66.19,5.0,31.01,251.52,124.04,127.48,50.68,2024-06,2024,Tuesday
ORD101707,2025-08-24,South,Online,Enterprise,Rep_01,Beauty,Makeup Kit,5,75.32,10.0,48.49,338.94,242.45,96.49,28.47,2025-08,2025,Sunday
ORD100677,2024-11-04,South,In-Store,Small Business,Rep_05,Home & Kitchen,Air Fryer,3,162.24,0.0,84.07,486.72,252.21,234.51,48.18,2024-11,2024,Monday
ORD102331,2025-04-11,South,Online,Consumer,Rep_02,Beauty,Face Serum,5,77.35,0.0,35.81,386.75,179.05,207.7,53.7,2025-04,2025,Friday
ORD101152,2025-05-27,North,Online,Small Business,Rep_09,Home & Kitchen,Vacuum Cleaner,4,98.39,0.0,60.87,393.56,243.48,150.08,38.13,2025-05,2025,Tuesday
ORD101588,2025-01-27,North,Online,Consumer,Rep_15,Beauty,Face Serum,3,44.41,10.0,20.45,119.91,61.35,58.56,48.84,2025-01,2025,Monday
ORD100055,2025-09-30,West,Online,Consumer,Rep_08,Sports & Outdoors,Yoga Mat,4,138.53,0.0,93.84,554.12,375.36,178.76,32.26,2025-09,2025,Tuesday
ORD101921,2024-10-20,East,Marketplace,Enterprise,Rep_13,Home & Kitchen,Coffee Maker,3,90.0,0.0,48.67,270.0,146.01,123.99,45.92,2024-10,2024,Sunday
ORD101411,2025-05-05,East,In-Store,Consumer,Rep_07,Apparel,Running Shoes,5,18.45,0.0,10.66,92.25,53.3,38.95,42.22,2025-05,2025,Monday
ORD101288,2024-02-17,North,Online,Small Business,Rep_10,Apparel,Backpack,2,69.84,5.0,35.11,132.7,70.22,62.48,47.08,2024-02,2024,Saturday
ORD100166,2024-03-31,North,Marketplace,Consumer,Rep_11,Sports & Outdoors,Camping Tent,3,109.21,0.0,55.28,327.63,165.84,161.79,49.38,2024-03,2024,Sunday
ORD101734,2024-05-26,South,Marketplace,Small Business,Rep_06,Apparel,Winter Coat,2,67.5,10.0,40.15,121.5,80.3,41.2,33.91,2024-05,2024,Sunday
ORD100872,2025-04-16,South,Marketplace,Consumer,Rep_01,Beauty,Hair Dryer,10,37.09,0.0,25.02,370.9,250.2,120.7,32.54,2025-04,2025,Wednesday
ORD101361,2025-11-25,East,In-Store,Consumer,Rep_06,Electronics,Bluetooth Speaker,6,78.17,5.0,39.08,445.57,234.48,211.09,47.38,2025-11,2025,Tuesday
ORD100887,2025-06-13,East,Online,Small Business,Rep_04,Home & Kitchen,Coffee Maker,4,66.11,0.0,31.2,264.44,124.8,139.64,52.81,2025-06,2025,Friday
ORD100888,2025-11-07,South,Online,Enterprise,Rep_14,Apparel,Winter Coat,1,75.62,0.0,38.06,75.62,38.06,37.56,49.67,2025-11,2025,Friday
ORD102100,2025-06-10,North,In-Store,Consumer,Rep_05,Sports & Outdoors,Dumbbell Set,3,64.98,20.0,44.02,155.95,132.06,23.89,15.32,2025-06,2025,Tuesday
ORD100498,2025-10-16,West,Online,Consumer,Rep_07,Home & Kitchen,Coffee Maker,5,92.84,0.0,55.05,464.2,275.25,188.95,40.7,2025-10,2025,Thursday
ORD100714,2024-10-27,North,Online,Consumer,Rep_09,Sports & Outdoors,Cycling Helmet,5,63.96,0.0,35.89,319.8,179.45,140.35,43.89,2024-10,2024,Sunday
ORD102426,2025-01-31,West,Online,Consumer,Rep_05,Electronics,Power Bank,2,144.64,0.0,97.93,289.28,195.86,93.42,32.29,2025-01,2025,Friday
ORD101056,2025-05-30,West,Marketplace,Consumer,Rep_04,Home & Kitchen,Air Fryer,4,142.61,5.0,89.76,541.92,359.04,182.88,33.75,2025-05,2025,Friday
ORD102438,2024-03-27,South,Marketplace,Consumer,Rep_10,Home & Kitchen,Cookware Set,6,67.73,0.0,32.13,406.38,192.78,213.6,52.56,2024-03,2024,Wednesday
ORD100364,2025-01-03,West,In-Store,Consumer,Rep_03,Sports & Outdoors,Yoga Mat,3,138.93,10.0,66.94,375.11,200.82,174.29,46.46,2025-01,2025,Friday
ORD102036,2024-12-07,North,Online,Consumer,Rep_09,Home & Kitchen,Vacuum Cleaner,6,37.26,0.0,25.06,223.56,150.36,73.2,32.74,2024-12,2024,Saturday
ORD101584,2025-11-18,North,Online,Consumer,Rep_13,Home & Kitchen,Cookware Set,3,71.4,0.0,36.75,214.2,110.25,103.95,48.53,2025-11,2025,Tuesday
ORD100897,2025-07-20,East,Online,Small Business,Rep_08,Sports & Outdoors,Yoga Mat,1,92.95,10.0,44.36,83.66,44.36,39.3,46.98,2025-07,2025,Sunday
ORD100800,2024-07-01,North,In-Store,Consumer,Rep_04,Sports & Outdoors,Dumbbell Set,1,89.41,0.0,49.28,89.41,49.28,40.13,44.88,2024-07,2024,Monday
ORD100617,2025-12-10,West,Marketplace,Small Business,Rep_11,Sports & Outdoors,Camping Tent,4,142.97,0.0,76.77,571.88,307.08,264.8,46.3,2025-12,2025,Wednesday
ORD100600,2025-03-31,East,Marketplace,Consumer,Rep_03,Sports & Outdoors,Dumbbell Set,2,42.91,0.0,21.22,85.82,42.44,43.38,50.55,2025-03,2025,Monday
ORD100123,2024-01-19,West,In-Store,Consumer,Rep_02,Sports & Outdoors,Dumbbell Set,2,95.13,0.0,43.74,190.26,87.48,102.78,54.02,2024-01,2024,Friday
ORD100334,2025-12-04,South,In-Store,Small Business,Rep_13,Sports & Outdoors,Cycling Helmet,6,143.65,0.0,69.36,861.9,416.16,445.74,51.72,2025-12,2025,Thursday
ORD101979,2025-02-22,East,Marketplace,Small Business,Rep_02,Home & Kitchen,Blender,6,121.47,0.0,69.63,728.82,417.78,311.04,42.68,2025-02,2025,Saturday
ORD102009,2025-08-07,North,Online,Small Business,Rep_05,Home & Kitchen,Cookware Set,1,158.49,0.0,105.62,158.49,105.62,52.87,33.36,2025-08,2025,Thursday
ORD102131,2024-09-23,North,In-Store,Consumer,Rep_07,Home & Kitchen,Air Fryer,4,58.99,0.0,39.55,235.96,158.2,77.76,32.95,2024-09,2024,Monday
ORD100980,2025-12-12,South,Marketplace,Consumer,Rep_10,Electronics,Bluetooth Speaker,3,115.19,0.0,56.2,345.57,168.6,176.97,51.21,2025-12,2025,Friday
ORD102373,2025-09-08,South,Online,Consumer,Rep_09,Home & Kitchen,Cookware Set,1,107.09,0.0,67.39,107.09,67.39,39.7,37.07,2025-09,2025,Monday
ORD101706,2024-05-04,East,Online,Enterprise,Rep_14,Electronics,Laptop Stand,2,29.88,0.0,14.53,59.76,29.06,30.7,51.37,2024-05,2024,Saturday
ORD100918,2025-11-29,North,In-Store,Consumer,Rep_12,Beauty,Skincare Set,7,20.46,0.0,10.11,143.22,70.77,72.45,50.59,2025-11,2025,Saturday
ORD101079,2024-01-31,South,Marketplace,Consumer,Rep_03,Home & Kitchen,Cookware Set,8,126.36,0.0,73.91,1010.88,591.28,419.6,41.51,2024-01,2024,Wednesday
ORD100483,2024-05-02,North,Online,Small Business,Rep_05,Apparel,Running Shoes,5,63.72,0.0,33.19,318.6,165.95,152.65,47.91,2024-05,2024,Thursday
ORD100581,2025-12-19,East,Marketplace,Small Business,Rep_09,Sports & Outdoors,Camping Tent,4,59.84,0.0,32.07,239.36,128.28,111.08,46.41,2025-12,2025,Friday
ORD102535,2025-01-31,North,Online,Consumer,Rep_11,Home & Kitchen,Blender,2,81.98,0.0,54.47,163.96,108.94,55.02,33.56,2025-01,2025,Friday
ORD101274,2025-12-22,South,Online,Consumer,Rep_01,Electronics,Power Bank,1,90.9,0.0,50.94,90.9,50.94,39.96,43.96,2025-12,2025,Monday
ORD101284,2025-03-14,East,Online,Consumer,Rep_14,Electronics,Laptop Stand,1,207.55,0.0,128.05,207.55,128.05,79.5,38.3,2025-03,2025,Friday
ORD101194,2024-06-21,South,In-Store,Consumer,Rep_08,Electronics,Smartwatch,2,84.13,5.0,40.92,159.85,81.84,78.01,48.8,2024-06,2024,Friday
ORD100828,2025-12-28,South,Online,Small Business,Rep_04,Home & Kitchen,Cookware Set,7,45.08,0.0,21.27,315.56,148.89,166.67,52.82,2025-12,2025,Sunday
ORD100991,2025-10-13,West,Marketplace,Consumer,Rep_08,Home & Kitchen,Coffee Maker,1,157.64,0.0,92.12,157.64,92.12,65.52,41.56,2025-10,2025,Monday
ORD101195,2024-01-20,North,Online,Consumer,Rep_09,Electronics,Laptop Stand,6,96.19,15.0,54.3,490.57,325.8,164.77,33.59,2024-01,2024,Saturday
ORD101350,2025-12-16,East,Online,Small Business,Rep_04,Electronics,Laptop Stand,3,194.77,0.0,111.84,584.31,335.52,248.79,42.58,2025-12,2025,Tuesday
ORD102123,2024-11-16,East,In-Store,Consumer,Rep_05,Apparel,Denim Jacket,6,94.03,10.0,43.5,507.76,261.0,246.76,48.6,2024-11,2024,Saturday
ORD101915,2025-03-22,West,In-Store,Consumer,Rep_11,Beauty,Face Serum,5,65.97,0.0,41.26,329.85,206.3,123.55,37.46,2025-03,2025,Saturday
ORD100409,2025-12-07,West,Online,Consumer,Rep_10,Home & Kitchen,Cookware Set,6,39.82,20.0,26.73,191.14,160.38,30.76,16.09,2025-12,2025,Sunday
ORD101673,2024-06-01,South,Marketplace,Consumer,Rep_02,Home & Kitchen,Blender,2,22.94,0.0,14.38,45.88,28.76,17.12,37.31,2024-06,2024,Saturday
ORD100297,2024-08-03,West,In-Store,Small Business,Unassigned,Sports & Outdoors,Yoga Mat,2,71.57,0.0,35.73,143.14,71.46,71.68,50.08,2024-08,2024,Saturday
ORD100925,2024-04-21,North,In-Store,Consumer,Rep_09,Beauty,Face Serum,3,62.09,20.0,32.91,149.02,98.73,50.29,33.75,2024-04,2024,Sunday
ORD100022,2024-03-03,South,In-Store,Consumer,Rep_15,Home & Kitchen,Vacuum Cleaner,4,96.7,0.0,58.77,386.8,235.08,151.72,39.22,2024-03,2024,Sunday
ORD101542,2025-01-23,South,In-Store,Consumer,Rep_05,Apparel,Backpack,1,84.2,5.0,39.84,79.99,39.84,40.15,50.19,2025-01,2025,Thursday
ORD100728,2024-06-20,West,In-Store,Consumer,Rep_03,Apparel,Denim Jacket,1,60.3,0.0,34.54,60.3,34.54,25.76,42.72,2024-06,2024,Thursday
ORD101745,2024-06-16,West,Online,Consumer,Rep_07,Home & Kitchen,Cookware Set,4,47.08,0.0,23.85,188.32,95.4,92.92,49.34,2024-06,2024,Sunday
ORD101307,2024-11-09,West,In-Store,Small Business,Rep_03,Apparel,Yoga Pants,3,36.34,5.0,18.63,103.57,55.89,47.68,46.04,2024-11,2024,Saturday
ORD102168,2024-08-16,North,Online,Small Business,Rep_02,Apparel,Winter Coat,1,20.53,0.0,10.03,20.53,10.03,10.5,51.14,2024-08,2024,Friday
ORD100671,2024-07-20,East,Online,Consumer,Rep_07,Home & Kitchen,Cookware Set,1,178.93,0.0,107.86,178.93,107.86,71.07,39.72,2024-07,2024,Saturday
ORD101199,2024-02-16,South,Online,Consumer,Rep_05,Apparel,Backpack,2,119.06,20.0,53.87,190.5,107.74,82.76,43.44,2024-02,2024,Friday
ORD100181,2024-05-06,South,Online,Consumer,Rep_03,Electronics,Bluetooth Speaker,3,203.63,0.0,95.22,610.89,285.66,325.23,53.24,2024-05,2024,Monday
ORD100293,2024-05-24,West,Online,Enterprise,Rep_04,Sports & Outdoors,Dumbbell Set,4,124.72,0.0,60.75,498.88,243.0,255.88,51.29,2024-05,2024,Friday
ORD100201,2025-08-26,East,Online,Small Business,Unassigned,Electronics,Laptop Stand,1,164.83,0.0,101.4,164.83,101.4,63.43,38.48,2025-08,2025,Tuesday
ORD102436,2025-07-25,North,Online,Small Business,Rep_12,Home & Kitchen,Air Fryer,6,29.65,0.0,15.79,177.9,94.74,83.16,46.75,2025-07,2025,Friday
ORD100126,2024-07-08,West,Online,Consumer,Rep_05,Apparel,Running Shoes,4,113.39,0.0,77.1,453.56,308.4,145.16,32.0,2024-07,2024,Monday
ORD100531,2024-08-17,South,Marketplace,Consumer,Rep_08,Apparel,Winter Coat,5,104.38,0.0,62.57,521.9,312.85,209.05,40.06,2024-08,2024,Saturday
ORD101431,2025-08-02,West,In-Store,Small Business,Rep_09,Electronics,Smartwatch,2,154.04,0.0,78.82,308.08,157.64,150.44,48.83,2025-08,2025,Saturday
ORD100199,2024-01-30,West,Online,Small Business,Rep_15,Beauty,Hair Dryer,3,33.06,20.0,18.22,79.34,54.66,24.68,31.11,2024-01,2024,Tuesday
ORD101530,2025-07-03,East,In-Store,Consumer,Rep_08,Electronics,Wireless Earbuds,5,28.03,10.0,13.57,126.14,67.85,58.29,46.21,2025-07,2025,Thursday
ORD100692,2024-11-30,West,In-Store,Consumer,Rep_09,Beauty,Perfume,5,81.65,0.0,48.6,408.25,243.0,165.25,40.48,2024-11,2024,Saturday
ORD100934,2025-06-02,West,Marketplace,Small Business,Rep_03,Beauty,Face Serum,5,42.97,0.0,25.43,214.85,127.15,87.7,40.82,2025-06,2025,Monday
ORD100686,2024-01-04,East,Online,Consumer,Rep_15,Beauty,Makeup Kit,2,62.38,0.0,29.36,124.76,58.72,66.04,52.93,2024-01,2024,Thursday
ORD100817,2024-10-05,South,Online,Consumer,Rep_09,Home & Kitchen,Coffee Maker,2,133.11,0.0,88.48,266.22,176.96,89.26,33.53,2024-10,2024,Saturday
ORD100216,2024-04-25,South,Online,Consumer,Rep_01,Apparel,Winter Coat,1,49.33,0.0,26.02,49.33,26.02,23.31,47.25,2024-04,2024,Thursday
ORD101277,2024-09-05,West,Online,Consumer,Rep_04,Electronics,Power Bank,3,36.84,5.0,19.63,104.99,58.89,46.1,43.91,2024-09,2024,Thursday
ORD100152,2024-06-19,South,Marketplace,Consumer,Rep_07,Beauty,Skincare Set,4,41.72,0.0,23.26,166.88,93.04,73.84,44.25,2024-06,2024,Wednesday
ORD102138,2024-10-22,West,In-Store,Consumer,Rep_11,Home & Kitchen,Vacuum Cleaner,1,57.67,10.0,34.06,51.9,34.06,17.84,34.37,2024-10,2024,Tuesday
ORD101700,2025-05-23,North,Online,Consumer,Rep_07,Apparel,Winter Coat,8,20.0,0.0,12.65,160.0,101.2,58.8,36.75,2025-05,2025,Friday
ORD100965,2024-01-17,East,In-Store,Consumer,Rep_08,Home & Kitchen,Coffee Maker,3,66.32,5.0,36.06,189.01,108.18,80.83,42.76,2024-01,2024,Wednesday
ORD100478,2024-04-29,West,Online,Small Business,Rep_06,Home & Kitchen,Blender,3,62.87,15.0,37.08,160.32,111.24,49.08,30.61,2024-04,2024,Monday
ORD101282,2024-04-17,North,In-Store,Consumer,Rep_04,Apparel,Backpack,2,65.62,0.0,43.59,131.24,87.18,44.06,33.57,2024-04,2024,Wednesday
ORD102526,2024-02-26,North,Online,Consumer,Rep_11,Home & Kitchen,Coffee Maker,2,94.01,0.0,50.08,188.02,100.16,87.86,46.73,2024-02,2024,Monday
ORD101150,2024-11-22,West,Online,Consumer,Rep_07,Sports & Outdoors,Cycling Helmet,10,63.73,0.0,43.29,637.3,432.9,204.4,32.07,2024-11,2024,Friday
ORD100812,2024-01-17,South,Online,Consumer,Rep_12,Home & Kitchen,Blender,1,94.63,10.0,61.57,85.17,61.57,23.6,27.71,2024-01,2024,Wednesday
ORD102415,2025-10-03,West,Online,Small Business,Rep_15,Apparel,Denim Jacket,2,19.57,0.0,12.67,39.14,25.34,13.8,35.26,2025-10,2025,Friday
ORD102003,2024-02-17,East,Marketplace,Enterprise,Rep_14,Electronics,Smartwatch,1,167.77,15.0,106.18,142.6,106.18,36.42,25.54,2024-02,2024,Saturday
ORD100843,2025-04-03,West,In-Store,Small Business,Rep_15,Home & Kitchen,Blender,1,116.07,0.0,52.81,116.07,52.81,63.26,54.5,2025-04,2025,Thursday
ORD102124,2025-04-01,North,Online,Consumer,Rep_01,Sports & Outdoors,Water Bottle,1,140.72,0.0,93.41,140.72,93.41,47.31,33.62,2025-04,2025,Tuesday
ORD101264,2024-04-28,East,In-Store,Small Business,Rep_06,Home & Kitchen,Air Fryer,2,139.06,5.0,83.24,264.21,166.48,97.73,36.99,2024-04,2024,Sunday
ORD101008,2024-10-11,West,In-Store,Consumer,Rep_10,Apparel,Winter Coat,4,109.76,0.0,56.67,439.04,226.68,212.36,48.37,2024-10,2024,Friday
ORD101971,2024-04-27,East,Online,Consumer,Rep_04,Electronics,Smartwatch,1,89.04,20.0,52.46,71.23,52.46,18.77,26.35,2024-04,2024,Saturday
ORD100967,2024-06-27,South,Marketplace,Consumer,Rep_13,Sports & Outdoors,Yoga Mat,5,68.54,5.0,40.03,325.57,200.15,125.42,38.52,2024-06,2024,Thursday
ORD100949,2025-01-15,South,In-Store,Small Business,Rep_05,Home & Kitchen,Air Fryer,1,123.39,20.0,64.87,98.71,64.87,33.84,34.28,2025-01,2025,Wednesday
ORD101861,2024-07-31,East,Online,Enterprise,Rep_14,Home & Kitchen,Cookware Set,2,41.55,10.0,21.31,74.79,42.62,32.17,43.01,2024-07,2024,Wednesday
ORD100972,2024-03-05,South,Online,Enterprise,Unassigned,Beauty,Face Serum,2,81.66,0.0,52.89,163.32,105.78,57.54,35.23,2024-03,2024,Tuesday
ORD100187,2024-08-23,South,In-Store,Consumer,Rep_02,Beauty,Face Serum,1,48.17,5.0,32.22,45.76,32.22,13.54,29.59,2024-08,2024,Friday
ORD100246,2025-05-08,South,Marketplace,Consumer,Rep_09,Electronics,Wireless Earbuds,8,198.1,0.0,107.59,1584.8,860.72,724.08,45.69,2025-05,2025,Thursday
ORD101982,2024-08-23,West,Online,Consumer,Rep_06,Home & Kitchen,Coffee Maker,2,28.38,0.0,18.64,56.76,37.28,19.48,34.32,2024-08,2024,Friday
ORD102228,2025-01-24,North,Online,Consumer,Rep_12,Beauty,Skincare Set,2,57.29,10.0,35.02,103.12,70.04,33.08,32.08,2025-01,2025,Friday
ORD102250,2025-07-11,West,Online,Consumer,Unassigned,Sports & Outdoors,Water Bottle,3,98.35,0.0,47.83,295.05,143.49,151.56,51.37,2025-07,2025,Friday
ORD102209,2024-08-01,East,Online,Enterprise,Rep_06,Electronics,Bluetooth Speaker,1,25.47,0.0,17.18,25.47,17.18,8.29,32.55,2024-08,2024,Thursday
ORD101326,2024-11-21,South,Online,Consumer,Rep_15,Apparel,Backpack,4,26.67,0.0,14.81,106.68,59.24,47.44,44.47,2024-11,2024,Thursday
ORD100283,2024-08-02,East,In-Store,Consumer,Rep_03,Home & Kitchen,Blender,3,155.27,0.0,94.58,465.81,283.74,182.07,39.09,2024-08,2024,Friday
ORD102051,2024-01-10,North,Online,Consumer,Rep_05,Sports & Outdoors,Water Bottle,4,119.55,15.0,61.09,406.47,244.36,162.11,39.88,2024-01,2024,Wednesday
ORD101674,2024-11-22,East,Marketplace,Consumer,Rep_11,Home & Kitchen,Coffee Maker,6,34.93,0.0,22.22,209.58,133.32,76.26,36.39,2024-11,2024,Friday
ORD101505,2025-07-14,West,In-Store,Consumer,Rep_11,Sports & Outdoors,Camping Tent,5,84.71,10.0,44.02,381.2,220.1,161.1,42.26,2025-07,2025,Monday
ORD100903,2025-02-23,East,Online,Enterprise,Rep_12,Home & Kitchen,Cookware Set,4,113.13,0.0,54.48,452.52,217.92,234.6,51.84,2025-02,2025,Sunday
ORD102611,2025-06-01,West,Online,Consumer,Rep_12,Home & Kitchen,Blender,7,95.61,0.0,43.45,669.27,304.15,365.12,54.55,2025-06,2025,Sunday
ORD101269,2025-11-13,West,In-Store,Consumer,Rep_04,Home & Kitchen,Vacuum Cleaner,7,41.76,5.0,27.57,277.7,192.99,84.71,30.5,2025-11,2025,Thursday
ORD102128,2025-01-24,East,Online,Small Business,Rep_07,Apparel,Yoga Pants,5,59.31,0.0,37.23,296.55,186.15,110.4,37.23,2025-01,2025,Friday
ORD100975,2025-04-26,East,In-Store,Consumer,Rep_01,Sports & Outdoors,Water Bottle,5,30.06,10.0,15.63,135.27,78.15,57.12,42.23,2025-04,2025,Saturday
ORD101797,2024-01-22,West,Online,Consumer,Rep_05,Electronics,Wireless Earbuds,1,170.73,0.0,91.05,170.73,91.05,79.68,46.67,2024-01,2024,Monday
ORD101889,2025-08-08,West,In-Store,Small Business,Rep_15,Home & Kitchen,Vacuum Cleaner,5,72.85,20.0,36.14,291.4,180.7,110.7,37.99,2025-08,2025,Friday
ORD100122,2025-10-28,South,Online,Consumer,Rep_10,Home & Kitchen,Coffee Maker,7,141.06,10.0,73.48,888.68,514.36,374.32,42.12,2025-10,2025,Tuesday
ORD101072,2025-06-08,East,Online,Consumer,Rep_08,Electronics,Power Bank,3,180.28,15.0,94.74,459.71,284.22,175.49,38.17,2025-06,2025,Sunday
ORD101304,2024-03-20,North,In-Store,Consumer,Rep_13,Home & Kitchen,Coffee Maker,4,86.0,0.0,53.09,344.0,212.36,131.64,38.27,2024-03,2024,Wednesday
ORD100417,2025-08-13,East,In-Store,Small Business,Rep_01,Apparel,Yoga Pants,4,15.6,0.0,7.26,62.4,29.04,33.36,53.46,2025-08,2025,Wednesday
ORD102223,2025-04-12,North,In-Store,Consumer,Rep_10,Electronics,Bluetooth Speaker,6,55.68,0.0,35.15,334.08,210.9,123.18,36.87,2025-04,2025,Saturday
ORD100869,2025-12-02,West,Marketplace,Consumer,Rep_13,Apparel,Backpack,6,110.59,0.0,52.38,663.54,314.28,349.26,52.64,2025-12,2025,Tuesday
ORD101987,2025-11-05,North,Online,Consumer,Rep_14,Apparel,Winter Coat,6,66.35,0.0,40.39,398.1,242.34,155.76,39.13,2025-11,2025,Wednesday
ORD101845,2025-02-26,North,Online,Consumer,Rep_04,Beauty,Hair Dryer,4,13.58,5.0,6.12,51.6,24.48,27.12,52.56,2025-02,2025,Wednesday
ORD100756,2025-01-27,South,Online,Consumer,Rep_14,Electronics,Wireless Earbuds,6,26.22,0.0,16.15,157.32,96.9,60.42,38.41,2025-01,2025,Monday
ORD101156,2024-11-17,West,Marketplace,Consumer,Rep_02,Apparel,Yoga Pants,5,118.11,0.0,70.89,590.55,354.45,236.1,39.98,2024-11,2024,Sunday
ORD101108,2025-10-10,North,Online,Small Business,Rep_02,Home & Kitchen,Air Fryer,1,39.02,0.0,23.28,39.02,23.28,15.74,40.34,2025-10,2025,Friday
ORD100067,2025-04-21,East,Online,Consumer,Rep_08,Beauty,Hair Dryer,1,19.51,10.0,10.57,17.56,10.57,6.99,39.81,2025-04,2025,Monday
ORD101980,2025-09-30,East,In-Store,Consumer,Rep_02,Home & Kitchen,Blender,5,168.36,0.0,87.66,841.8,438.3,403.5,47.93,2025-09,2025,Tuesday
ORD100332,2025-08-31,East,Online,Enterprise,Rep_07,Beauty,Face Serum,2,54.04,10.0,36.71,97.27,73.42,23.85,24.52,2025-08,2025,Sunday
ORD100336,2024-09-23,East,In-Store,Consumer,Rep_06,Beauty,Face Serum,6,29.49,0.0,18.51,176.94,111.06,65.88,37.23,2024-09,2024,Monday
ORD100912,2024-08-31,South,In-Store,Enterprise,Rep_03,Electronics,Laptop Stand,3,106.26,0.0,61.37,318.78,184.11,134.67,42.25,2024-08,2024,Saturday
ORD101536,2025-12-02,South,Online,Small Business,Rep_03,Sports & Outdoors,Yoga Mat,5,56.47,0.0,32.44,282.35,162.2,120.15,42.55,2025-12,2025,Tuesday
ORD101807,2024-01-26,South,Marketplace,Enterprise,Rep_04,Electronics,Laptop Stand,3,77.84,5.0,47.41,221.84,142.23,79.61,35.89,2024-01,2024,Friday
ORD100472,2024-09-21,North,Marketplace,Small Business,Rep_14,Home & Kitchen,Cookware Set,3,113.18,15.0,60.2,288.61,180.6,108.01,37.42,2024-09,2024,Saturday
ORD100901,2024-04-02,North,In-Store,Enterprise,Rep_08,Electronics,Smartwatch,2,96.8,0.0,59.19,193.6,118.38,75.22,38.85,2024-04,2024,Tuesday
ORD101406,2024-10-15,North,Online,Small Business,Rep_06,Electronics,Wireless Earbuds,1,151.97,15.0,91.11,129.17,91.11,38.06,29.47,2024-10,2024,Tuesday
ORD100865,2024-03-07,West,Online,Small Business,Rep_04,Electronics,Laptop Stand,2,116.05,10.0,64.44,208.89,128.88,80.01,38.3,2024-03,2024,Thursday
ORD101535,2024-08-15,West,Marketplace,Consumer,Rep_08,Apparel,Yoga Pants,1,108.19,0.0,56.18,108.19,56.18,52.01,48.07,2024-08,2024,Thursday
ORD100884,2025-10-11,North,Online,Small Business,Rep_03,Home & Kitchen,Vacuum Cleaner,2,47.15,0.0,22.41,94.3,44.82,49.48,52.47,2025-10,2025,Saturday
ORD100477,2025-01-06,North,Marketplace,Consumer,Rep_04,Home & Kitchen,Vacuum Cleaner,6,68.04,0.0,43.95,408.24,263.7,144.54,35.41,2025-01,2025,Monday
ORD101329,2025-01-16,North,Online,Consumer,Rep_02,Home & Kitchen,Blender,3,46.37,0.0,24.69,139.11,74.07,65.04,46.75,2025-01,2025,Thursday
ORD101342,2025-11-11,South,In-Store,Consumer,Rep_07,Home & Kitchen,Air Fryer,6,160.08,0.0,81.89,960.48,491.34,469.14,48.84,2025-11,2025,Tuesday
ORD101729,2025-02-18,West,Online,Consumer,Rep_11,Apparel,Winter Coat,3,27.55,15.0,12.56,70.25,37.68,32.57,46.36,2025-02,2025,Tuesday
ORD102483,2024-03-02,West,Online,Consumer,Rep_12,Beauty,Skincare Set,5,40.29,0.0,25.54,201.45,127.7,73.75,36.61,2024-03,2024,Saturday
ORD101340,2024-12-06,North,In-Store,Consumer,Rep_12,Apparel,Backpack,4,54.77,0.0,26.3,219.08,105.2,113.88,51.98,2024-12,2024,Friday
ORD100132,2025-05-21,North,Online,Small Business,Rep_15,Beauty,Face Serum,5,44.89,0.0,22.07,224.45,110.35,114.1,50.84,2025-05,2025,Wednesday
ORD102487,2024-10-14,West,In-Store,Small Business,Rep_12,Beauty,Makeup Kit,1,85.69,0.0,50.04,85.69,50.04,35.65,41.6,2024-10,2024,Monday
ORD101626,2024-10-25,West,Online,Consumer,Rep_02,Home & Kitchen,Coffee Maker,2,164.18,10.0,101.95,295.52,203.9,91.62,31.0,2024-10,2024,Friday
ORD100981,2025-06-11,East,In-Store,Enterprise,Rep_13,Beauty,Hair Dryer,4,22.26,5.0,12.94,84.59,51.76,32.83,38.81,2025-06,2025,Wednesday
ORD101233,2025-01-14,North,In-Store,Consumer,Rep_08,Sports & Outdoors,Water Bottle,2,28.5,0.0,16.13,57.0,32.26,24.74,43.4,2025-01,2025,Tuesday
ORD101968,2024-08-12,North,Marketplace,Consumer,Rep_05,Sports & Outdoors,Dumbbell Set,1,51.76,0.0,27.24,51.76,27.24,24.52,47.37,2024-08,2024,Monday
ORD102202,2024-03-23,East,Marketplace,Consumer,Rep_06,Sports & Outdoors,Camping Tent,3,138.79,5.0,88.73,395.55,266.19,129.36,32.7,2024-03,2024,Saturday
ORD101149,2024-12-15,East,In-Store,Consumer,Rep_10,Apparel,Yoga Pants,5,86.09,0.0,46.23,430.45,231.15,199.3,46.3,2024-12,2024,Sunday
ORD102364,2024-04-14,West,In-Store,Consumer,Rep_06,Home & Kitchen,Air Fryer,6,95.87,0.0,44.73,575.22,268.38,306.84,53.34,2024-04,2024,Sunday
ORD102255,2025-08-31,East,Online,Consumer,Rep_05,Beauty,Perfume,4,34.78,0.0,17.41,139.12,69.64,69.48,49.94,2025-08,2025,Sunday
ORD100256,2024-07-28,East,Online,Consumer,Rep_04,Electronics,Bluetooth Speaker,6,61.42,0.0,31.9,368.52,191.4,177.12,48.06,2024-07,2024,Sunday
ORD100550,2025-01-17,East,Online,Consumer,Rep_11,Home & Kitchen,Cookware Set,3,75.66,0.0,44.26,226.98,132.78,94.2,41.5,2025-01,2025,Friday
ORD102018,2024-09-14,West,Online,Small Business,Rep_07,Apparel,Winter Coat,2,51.36,0.0,29.25,102.72,58.5,44.22,43.05,2024-09,2024,Saturday
ORD100898,2024-03-11,West,In-Store,Consumer,Rep_04,Home & Kitchen,Cookware Set,2,67.72,15.0,36.96,115.12,73.92,41.2,35.79,2024-03,2024,Monday
ORD100289,2024-01-23,South,Online,Consumer,Rep_04,Sports & Outdoors,Cycling Helmet,1,26.23,10.0,16.05,23.61,16.05,7.56,32.02,2024-01,2024,Tuesday
ORD102145,2025-12-25,North,Marketplace,Consumer,Rep_10,Sports & Outdoors,Cycling Helmet,4,143.9,0.0,87.02,575.6,348.08,227.52,39.53,2025-12,2025,Thursday
ORD100777,2024-06-24,East,In-Store,Small Business,Rep_04,Sports & Outdoors,Water Bottle,8,102.94,0.0,67.99,823.52,543.92,279.6,33.95,2024-06,2024,Monday
ORD102111,2025-10-14,South,In-Store,Enterprise,Rep_14,Electronics,Laptop Stand,1,57.76,5.0,27.81,54.87,27.81,27.06,49.32,2025-10,2025,Tuesday
ORD100053,2024-02-22,South,Online,Consumer,Rep_12,Apparel,Yoga Pants,2,36.72,10.0,18.04,66.1,36.08,30.02,45.42,2024-02,2024,Thursday
ORD101827,2025-03-12,South,Online,Small Business,Rep_02,Sports & Outdoors,Camping Tent,1,27.69,20.0,15.11,22.15,15.11,7.04,31.78,2025-03,2025,Wednesday
ORD100557,2025-11-02,North,In-Store,Consumer,Rep_09,Apparel,Backpack,3,83.72,0.0,39.09,251.16,117.27,133.89,53.31,2025-11,2025,Sunday
ORD100040,2024-05-09,South,In-Store,Small Business,Rep_09,Sports & Outdoors,Yoga Mat,4,124.42,5.0,83.33,472.8,333.32,139.48,29.5,2024-05,2024,Thursday
ORD101838,2024-01-10,North,Online,Consumer,Rep_07,Beauty,Face Serum,2,54.61,0.0,25.22,109.22,50.44,58.78,53.82,2024-01,2024,Wednesday
ORD101172,2024-05-03,West,In-Store,Small Business,Rep_03,Sports & Outdoors,Yoga Mat,1,107.24,15.0,66.85,91.15,66.85,24.3,26.66,2024-05,2024,Friday
ORD100261,2024-12-15,East,Online,Small Business,Rep_05,Beauty,Face Serum,3,44.5,5.0,28.73,126.82,86.19,40.63,32.04,2024-12,2024,Sunday
ORD102139,2024-10-28,West,Online,Consumer,Rep_09,Apparel,Winter Coat,3,89.55,5.0,45.9,255.22,137.7,117.52,46.05,2024-10,2024,Monday
ORD100083,2024-01-26,West,In-Store,Small Business,Rep_09,Electronics,Wireless Earbuds,1,64.36,0.0,35.44,64.36,35.44,28.92,44.93,2024-01,2024,Friday
ORD102147,2024-01-21,North,In-Store,Consumer,Rep_12,Electronics,Bluetooth Speaker,3,49.77,0.0,27.19,149.31,81.57,67.74,45.37,2024-01,2024,Sunday
ORD102166,2024-06-26,West,Marketplace,Consumer,Rep_14,Sports & Outdoors,Yoga Mat,6,132.13,0.0,77.55,792.78,465.3,327.48,41.31,2024-06,2024,Wednesday
ORD101083,2024-02-20,East,Online,Small Business,Rep_15,Apparel,Backpack,3,80.79,0.0,53.15,242.37,159.45,82.92,34.21,2024-02,2024,Tuesday
ORD102502,2024-08-27,East,Online,Consumer,Rep_08,Apparel,Backpack,2,91.44,10.0,52.59,164.59,105.18,59.41,36.1,2024-08,2024,Tuesday
ORD102146,2024-09-03,East,Online,Consumer,Rep_11,Apparel,Running Shoes,2,87.42,5.0,54.53,166.1,109.06,57.04,34.34,2024-09,2024,Tuesday
ORD100030,2025-02-16,South,In-Store,Consumer,Rep_07,Electronics,Bluetooth Speaker,7,192.03,0.0,86.89,1344.21,608.23,735.98,54.75,2025-02,2025,Sunday
ORD101537,2024-08-07,West,In-Store,Consumer,Rep_11,Electronics,Smartwatch,4,112.72,5.0,75.75,428.34,303.0,125.34,29.26,2024-08,2024,Wednesday
ORD101765,2024-08-19,North,Online,Small Business,Rep_06,Home & Kitchen,Cookware Set,2,97.71,0.0,53.52,195.42,107.04,88.38,45.23,2024-08,2024,Monday
ORD102162,2024-08-29,North,Online,Small Business,Rep_04,Beauty,Hair Dryer,1,12.72,15.0,7.11,10.81,7.11,3.7,34.23,2024-08,2024,Thursday
ORD102460,2024-12-04,West,Online,Consumer,Rep_10,Home & Kitchen,Blender,4,119.67,0.0,78.68,478.68,314.72,163.96,34.25,2024-12,2024,Wednesday
ORD102508,2025-01-23,South,Online,Consumer,Rep_09,Apparel,Denim Jacket,4,42.74,0.0,22.78,170.96,91.12,79.84,46.7,2025-01,2025,Thursday
ORD102387,2025-09-24,South,In-Store,Consumer,Rep_01,Sports & Outdoors,Cycling Helmet,1,134.75,0.0,91.36,134.75,91.36,43.39,32.2,2025-09,2025,Wednesday
ORD101020,2025-09-08,East,Online,Small Business,Rep_04,Electronics,Laptop Stand,4,46.53,0.0,22.15,186.12,88.6,97.52,52.4,2025-09,2025,Monday
ORD102386,2025-01-24,North,Online,Consumer,Rep_14,Electronics,Laptop Stand,5,149.8,0.0,71.52,749.0,357.6,391.4,52.26,2025-01,2025,Friday
ORD101403,2024-02-26,North,Online,Consumer,Rep_05,Beauty,Face Serum,2,80.41,5.0,40.93,152.78,81.86,70.92,46.42,2024-02,2024,Monday
ORD102134,2025-03-18,West,Online,Consumer,Rep_06,Apparel,Backpack,5,103.18,0.0,67.44,515.9,337.2,178.7,34.64,2025-03,2025,Tuesday
ORD101206,2025-01-02,North,Online,Enterprise,Rep_09,Apparel,Winter Coat,3,108.43,0.0,50.41,325.29,151.23,174.06,53.51,2025-01,2025,Thursday
ORD100717,2024-03-04,East,Online,Consumer,Rep_14,Electronics,Power Bank,2,66.93,0.0,39.69,133.86,79.38,54.48,40.7,2024-03,2024,Monday
ORD100048,2024-11-08,West,Online,Small Business,Rep_08,Electronics,Smartwatch,7,212.5,5.0,123.48,1413.12,864.36,548.76,38.83,2024-11,2024,Friday
ORD100209,2024-09-23,East,Online,Small Business,Rep_07,Apparel,Winter Coat,2,71.11,5.0,37.72,135.11,75.44,59.67,44.16,2024-09,2024,Monday
ORD101491,2024-10-06,East,Online,Small Business,Rep_14,Electronics,Power Bank,5,129.69,5.0,81.39,616.03,406.95,209.08,33.94,2024-10,2024,Sunday
ORD100893,2024-06-06,North,Online,Consumer,Rep_04,Sports & Outdoors,Dumbbell Set,3,45.51,0.0,27.39,136.53,82.17,54.36,39.82,2024-06,2024,Thursday
ORD100153,2025-02-16,South,Online,Consumer,Rep_07,Apparel,Yoga Pants,4,100.87,5.0,50.93,383.31,203.72,179.59,46.85,2025-02,2025,Sunday
ORD101590,2025-11-10,North,In-Store,Consumer,Rep_06,Electronics,Wireless Earbuds,9,209.75,0.0,121.99,1887.75,1097.91,789.84,41.84,2025-11,2025,Monday
ORD100394,2025-10-17,East,Marketplace,Small Business,Rep_10,Electronics,Bluetooth Speaker,5,150.36,0.0,86.61,751.8,433.05,318.75,42.4,2025-10,2025,Friday
ORD101147,2025-06-23,North,Online,Consumer,Rep_01,Beauty,Hair Dryer,3,34.2,0.0,17.46,102.6,52.38,50.22,48.95,2025-06,2025,Monday
ORD101379,2025-01-15,East,Marketplace,Consumer,Rep_07,Apparel,Backpack,3,105.01,0.0,55.03,315.03,165.09,149.94,47.6,2025-01,2025,Wednesday
ORD101158,2025-04-26,West,Marketplace,Consumer,Rep_08,Electronics,Power Bank,5,155.28,0.0,95.23,776.4,476.15,300.25,38.67,2025-04,2025,Saturday
ORD100268,2024-04-20,North,In-Store,Consumer,Rep_13,Home & Kitchen,Blender,1,48.14,0.0,32.68,48.14,32.68,15.46,32.11,2024-04,2024,Saturday
ORD100385,2024-01-13,North,Marketplace,Consumer,Rep_08,Home & Kitchen,Blender,1,156.26,0.0,70.77,156.26,70.77,85.49,54.71,2024-01,2024,Saturday
ORD101244,2024-04-26,North,Online,Consumer,Rep_02,Electronics,Smartwatch,3,29.94,0.0,17.65,89.82,52.95,36.87,41.05,2024-04,2024,Friday
ORD100041,2025-07-26,North,Marketplace,Consumer,Rep_07,Apparel,Backpack,1,21.88,0.0,11.78,21.88,11.78,10.1,46.16,2025-07,2025,Saturday
ORD102646,2025-10-12,South,Online,Consumer,Rep_09,Apparel,Running Shoes,3,117.29,0.0,57.42,351.87,172.26,179.61,51.04,2025-10,2025,Sunday
ORD100597,2025-11-10,North,Online,Consumer,Rep_01,Sports & Outdoors,Yoga Mat,5,108.12,0.0,49.81,540.6,249.05,291.55,53.93,2025-11,2025,Monday
ORD101089,2024-08-04,South,Online,Consumer,Rep_08,Sports & Outdoors,Dumbbell Set,3,13.97,0.0,7.24,41.91,21.72,20.19,48.17,2024-08,2024,Sunday
ORD100680,2024-03-04,North,Online,Small Business,Rep_13,Electronics,Power Bank,3,85.37,0.0,47.32,256.11,141.96,114.15,44.57,2024-03,2024,Monday
ORD101902,2024-11-24,East,In-Store,Small Business,Rep_02,Beauty,Makeup Kit,5,56.89,0.0,35.35,284.45,176.75,107.7,37.86,2024-11,2024,Sunday
ORD100524,2025-10-29,South,Online,Enterprise,Rep_02,Electronics,Wireless Earbuds,1,115.5,0.0,70.72,115.5,70.72,44.78,38.77,2025-10,2025,Wednesday
ORD101851,2024-01-16,North,Online,Consumer,Rep_09,Home & Kitchen,Air Fryer,6,80.04,0.0,52.3,480.24,313.8,166.44,34.66,2024-01,2024,Tuesday
ORD101565,2024-06-20,East,In-Store,Consumer,Rep_08,Apparel,Yoga Pants,6,26.9,0.0,12.54,161.4,75.24,86.16,53.38,2024-06,2024,Thursday
ORD102630,2025-07-09,East,Online,Consumer,Rep_15,Sports & Outdoors,Yoga Mat,4,112.68,0.0,71.9,450.72,287.6,163.12,36.19,2025-07,2025,Wednesday
ORD101328,2024-01-30,South,Online,Consumer,Rep_11,Sports & Outdoors,Dumbbell Set,2,91.96,0.0,48.52,183.92,97.04,86.88,47.24,2024-01,2024,Tuesday
ORD101811,2025-03-07,West,In-Store,Consumer,Rep_08,Electronics,Smartwatch,1,28.26,0.0,16.17,28.26,16.17,12.09,42.78,2025-03,2025,Friday
ORD102603,2025-09-03,South,Online,Consumer,Rep_03,Electronics,Power Bank,4,40.23,10.0,27.21,144.83,108.84,35.99,24.85,2025-09,2025,Wednesday
ORD102450,2025-01-06,North,In-Store,Consumer,Rep_04,Sports & Outdoors,Water Bottle,1,136.57,0.0,91.47,136.57,91.47,45.1,33.02,2025-01,2025,Monday
ORD101518,2025-06-03,North,Online,Small Business,Rep_15,Sports & Outdoors,Camping Tent,4,94.05,0.0,43.07,376.2,172.28,203.92,54.21,2025-06,2025,Tuesday
ORD101016,2024-12-31,West,Online,Consumer,Rep_12,Home & Kitchen,Air Fryer,5,158.73,0.0,99.2,793.65,496.0,297.65,37.5,2024-12,2024,Tuesday
ORD102154,2025-07-25,South,Online,Small Business,Rep_15,Electronics,Wireless Earbuds,6,30.9,0.0,20.61,185.4,123.66,61.74,33.3,2025-07,2025,Friday
ORD101767,2025-10-11,West,In-Store,Enterprise,Rep_13,Electronics,Bluetooth Speaker,2,212.43,15.0,106.69,361.13,213.38,147.75,40.91,2025-10,2025,Saturday
ORD101916,2024-09-02,North,Online,Small Business,Unassigned,Sports & Outdoors,Water Bottle,4,36.56,0.0,18.92,146.24,75.68,70.56,48.25,2024-09,2024,Monday
ORD102170,2025-12-10,East,Online,Small Business,Rep_11,Electronics,Bluetooth Speaker,14,50.91,5.0,29.84,677.1,417.76,259.34,38.3,2025-12,2025,Wednesday
ORD100225,2025-01-16,East,In-Store,Small Business,Rep_06,Apparel,Running Shoes,3,68.69,0.0,41.34,206.07,124.02,82.05,39.82,2025-01,2025,Thursday
ORD102552,2025-07-29,North,In-Store,Consumer,Rep_13,Beauty,Hair Dryer,4,29.03,0.0,15.19,116.12,60.76,55.36,47.67,2025-07,2025,Tuesday
ORD102110,2025-08-18,East,In-Store,Consumer,Rep_05,Electronics,Bluetooth Speaker,3,207.09,0.0,128.03,621.27,384.09,237.18,38.18,2025-08,2025,Monday
ORD102559,2025-09-17,South,In-Store,Small Business,Rep_13,Electronics,Power Bank,2,107.76,0.0,70.25,215.52,140.5,75.02,34.81,2025-09,2025,Wednesday
ORD102347,2024-07-04,East,In-Store,Consumer,Rep_06,Apparel,Winter Coat,1,75.53,0.0,45.85,75.53,45.85,29.68,39.3,2024-07,2024,Thursday
ORD101360,2024-09-08,North,In-Store,Consumer,Rep_10,Electronics,Power Bank,3,73.26,5.0,35.17,208.79,105.51,103.28,49.47,2024-09,2024,Sunday
ORD101256,2025-02-18,West,In-Store,Consumer,Rep_15,Apparel,Running Shoes,6,44.07,0.0,25.68,264.42,154.08,110.34,41.73,2025-02,2025,Tuesday
ORD102617,2024-07-17,North,Online,Consumer,Rep_05,Beauty,Makeup Kit,4,60.44,0.0,38.4,241.76,153.6,88.16,36.47,2024-07,2024,Wednesday
ORD102078,2024-10-15,East,Online,Small Business,Rep_11,Home & Kitchen,Coffee Maker,1,126.2,0.0,74.31,126.2,74.31,51.89,41.12,2024-10,2024,Tuesday
ORD101492,2024-09-09,East,Marketplace,Enterprise,Rep_04,Home & Kitchen,Coffee Maker,5,94.57,5.0,47.39,449.21,236.95,212.26,47.25,2024-09,2024,Monday
ORD101661,2025-03-09,East,Online,Consumer,Rep_02,Beauty,Hair Dryer,3,69.69,0.0,33.02,209.07,99.06,110.01,52.62,2025-03,2025,Sunday
ORD102021,2025-11-29,North,Online,Small Business,Rep_08,Electronics,Wireless Earbuds,7,170.91,0.0,107.0,1196.37,749.0,447.37,37.39,2025-11,2025,Saturday
ORD102188,2024-12-03,North,Marketplace,Enterprise,Rep_13,Sports & Outdoors,Dumbbell Set,2,14.77,0.0,8.94,29.54,17.88,11.66,39.47,2024-12,2024,Tuesday
ORD101550,2025-11-26,North,In-Store,Consumer,Rep_08,Beauty,Face Serum,9,22.7,0.0,11.14,204.3,100.26,104.04,50.93,2025-11,2025,Wednesday
ORD101609,2024-04-30,South,Marketplace,Small Business,Rep_12,Apparel,Running Shoes,5,69.4,0.0,34.35,347.0,171.75,175.25,50.5,2024-04,2024,Tuesday
ORD100205,2024-12-16,West,In-Store,Small Business,Rep_03,Sports & Outdoors,Water Bottle,5,31.38,5.0,14.65,149.06,73.25,75.81,50.86,2024-12,2024,Monday
ORD101027,2025-11-01,West,In-Store,Enterprise,Rep_04,Apparel,Running Shoes,5,68.64,5.0,35.68,326.04,178.4,147.64,45.28,2025-11,2025,Saturday
ORD102432,2025-07-30,South,Online,Enterprise,Rep_12,Apparel,Running Shoes,3,76.53,15.0,46.42,195.15,139.26,55.89,28.64,2025-07,2025,Wednesday
ORD101801,2025-09-13,East,Online,Consumer,Rep_13,Apparel,Yoga Pants,3,95.58,0.0,54.0,286.74,162.0,124.74,43.5,2025-09,2025,Saturday
ORD101327,2024-08-30,East,In-Store,Enterprise,Rep_10,Beauty,Makeup Kit,1,37.03,20.0,20.31,29.62,20.31,9.31,31.43,2024-08,2024,Friday
ORD101510,2025-09-30,West,In-Store,Consumer,Rep_07,Electronics,Bluetooth Speaker,6,151.75,0.0,91.37,910.5,548.22,362.28,39.79,2025-09,2025,Tuesday
ORD101046,2025-12-03,North,In-Store,Small Business,Rep_06,Home & Kitchen,Vacuum Cleaner,4,35.06,0.0,23.27,140.24,93.08,47.16,33.63,2025-12,2025,Wednesday
ORD100693,2024-04-12,East,Online,Small Business,Rep_07,Electronics,Laptop Stand,3,111.42,0.0,54.7,334.26,164.1,170.16,50.91,2024-04,2024,Friday
ORD102114,2024-06-07,West,Online,Consumer,Rep_05,Electronics,Smartwatch,1,152.99,10.0,100.67,137.69,100.67,37.02,26.89,2024-06,2024,Friday
ORD101115,2025-04-04,South,Online,Consumer,Rep_15,Beauty,Perfume,2,56.37,5.0,35.26,107.1,70.52,36.58,34.15,2025-04,2025,Friday
ORD102237,2024-09-17,South,Online,Consumer,Rep_09,Electronics,Bluetooth Speaker,1,82.7,0.0,43.69,82.7,43.69,39.01,47.17,2024-09,2024,Tuesday
ORD101186,2025-03-07,South,Online,Small Business,Rep_02,Sports & Outdoors,Cycling Helmet,3,73.98,0.0,47.69,221.94,143.07,78.87,35.54,2025-03,2025,Friday
ORD101369,2024-08-01,West,In-Store,Small Business,Rep_15,Electronics,Smartwatch,1,34.32,0.0,18.1,34.32,18.1,16.22,47.26,2024-08,2024,Thursday
ORD101173,2025-12-08,East,Marketplace,Enterprise,Rep_15,Home & Kitchen,Vacuum Cleaner,7,143.91,0.0,72.9,1007.37,510.3,497.07,49.34,2025-12,2025,Monday
ORD102407,2025-09-20,West,In-Store,Consumer,Rep_05,Apparel,Denim Jacket,4,112.38,0.0,63.34,449.52,253.36,196.16,43.64,2025-09,2025,Saturday
ORD102304,2024-03-03,East,Online,Small Business,Rep_11,Electronics,Power Bank,7,33.82,0.0,21.71,236.74,151.97,84.77,35.81,2024-03,2024,Sunday
ORD102085,2025-03-19,South,Online,Small Business,Rep_15,Beauty,Perfume,4,59.95,0.0,39.79,239.8,159.16,80.64,33.63,2025-03,2025,Wednesday
ORD101860,2025-06-04,South,Online,Consumer,Rep_09,Beauty,Makeup Kit,6,29.98,0.0,16.73,179.88,100.38,79.5,44.2,2025-06,2025,Wednesday
ORD100157,2025-02-09,West,Online,Consumer,Rep_06,Beauty,Skincare Set,5,67.92,0.0,40.76,339.6,203.8,135.8,39.99,2025-02,2025,Sunday
ORD101849,2024-11-11,North,In-Store,Consumer,Rep_11,Home & Kitchen,Coffee Maker,2,80.29,5.0,46.63,152.55,93.26,59.29,38.87,2024-11,2024,Monday
ORD101940,2024-04-22,West,Online,Consumer,Rep_09,Sports & Outdoors,Dumbbell Set,1,73.49,10.0,34.31,66.14,34.31,31.83,48.13,2024-04,2024,Monday
ORD100712,2025-05-15,South,Online,Small Business,Rep_14,Apparel,Yoga Pants,2,19.89,5.0,10.99,37.79,21.98,15.81,41.84,2025-05,2025,Thursday
ORD101676,2025-10-07,West,Marketplace,Consumer,Rep_04,Home & Kitchen,Blender,3,93.58,0.0,47.08,280.74,141.24,139.5,49.69,2025-10,2025,Tuesday
ORD101184,2024-02-24,East,Online,Consumer,Rep_09,Home & Kitchen,Blender,1,113.38,0.0,62.99,113.38,62.99,50.39,44.44,2024-02,2024,Saturday
ORD100305,2025-10-30,East,Online,Consumer,Rep_07,Home & Kitchen,Vacuum Cleaner,6,151.5,5.0,88.56,863.55,531.36,332.19,38.47,2025-10,2025,Thursday
ORD100656,2025-12-19,North,Online,Consumer,Rep_15,Electronics,Laptop Stand,6,59.28,0.0,36.11,355.68,216.66,139.02,39.09,2025-12,2025,Friday
ORD101571,2025-07-13,North,Online,Small Business,Rep_14,Home & Kitchen,Coffee Maker,5,105.02,15.0,60.02,446.34,300.1,146.24,32.76,2025-07,2025,Sunday
ORD101419,2024-06-27,North,Online,Small Business,Rep_11,Apparel,Denim Jacket,4,44.77,5.0,27.6,170.13,110.4,59.73,35.11,2024-06,2024,Thursday
ORD100399,2024-10-19,West,Online,Small Business,Rep_15,Electronics,Bluetooth Speaker,1,104.52,0.0,68.81,104.52,68.81,35.71,34.17,2024-10,2024,Saturday
ORD100798,2025-01-04,East,Marketplace,Small Business,Rep_11,Beauty,Perfume,1,51.87,10.0,34.55,46.68,34.55,12.13,25.99,2025-01,2025,Saturday
ORD100618,2024-06-13,West,In-Store,Consumer,Rep_11,Apparel,Denim Jacket,3,67.15,0.0,45.51,201.45,136.53,64.92,32.23,2024-06,2024,Thursday
ORD101388,2025-05-13,North,Online,Small Business,Rep_05,Sports & Outdoors,Cycling Helmet,3,28.05,0.0,14.93,84.15,44.79,39.36,46.77,2025-05,2025,Tuesday
ORD100508,2025-09-04,East,Marketplace,Enterprise,Rep_11,Beauty,Perfume,4,52.48,5.0,31.34,199.42,125.36,74.06,37.14,2025-09,2025,Thursday
ORD100079,2024-01-30,South,Online,Consumer,Rep_07,Apparel,Denim Jacket,1,19.24,15.0,12.36,16.35,12.36,3.99,24.4,2024-01,2024,Tuesday
ORD100736,2024-09-08,West,Online,Consumer,Rep_15,Home & Kitchen,Vacuum Cleaner,2,35.03,0.0,16.72,70.06,33.44,36.62,52.27,2024-09,2024,Sunday
ORD102011,2024-12-11,West,Online,Small Business,Rep_14,Electronics,Laptop Stand,3,204.93,5.0,136.96,584.05,410.88,173.17,29.65,2024-12,2024,Wednesday
ORD100274,2024-04-27,South,Online,Enterprise,Rep_06,Sports & Outdoors,Camping Tent,3,40.9,0.0,22.57,122.7,67.71,54.99,44.82,2024-04,2024,Saturday
ORD101756,2025-12-27,West,In-Store,Consumer,Rep_14,Apparel,Denim Jacket,6,113.11,5.0,65.79,644.73,394.74,249.99,38.77,2025-12,2025,Saturday
ORD100867,2025-10-20,East,In-Store,Consumer,Rep_07,Beauty,Face Serum,3,23.61,0.0,15.93,70.83,47.79,23.04,32.53,2025-10,2025,Monday
ORD100459,2024-04-02,North,In-Store,Small Business,Rep_09,Electronics,Smartwatch,1,214.25,0.0,111.1,214.25,111.1,103.15,48.14,2024-04,2024,Tuesday
ORD100886,2024-04-24,South,In-Store,Consumer,Rep_08,Beauty,Face Serum,2,18.75,0.0,11.93,37.5,23.86,13.64,36.37,2024-04,2024,Wednesday
ORD100062,2024-08-10,South,Online,Small Business,Rep_05,Apparel,Denim Jacket,2,50.29,0.0,34.18,100.58,68.36,32.22,32.03,2024-08,2024,Saturday
ORD100599,2024-05-25,West,Online,Consumer,Rep_09,Home & Kitchen,Coffee Maker,2,107.86,0.0,60.66,215.72,121.32,94.4,43.76,2024-05,2024,Saturday
ORD101774,2024-08-23,North,In-Store,Consumer,Rep_14,Apparel,Denim Jacket,7,35.46,0.0,20.06,248.22,140.42,107.8,43.43,2024-08,2024,Friday
ORD100859,2025-01-12,East,Online,Consumer,Rep_15,Beauty,Face Serum,4,48.4,0.0,31.5,193.6,126.0,67.6,34.92,2025-01,2025,Sunday
ORD100457,2025-12-22,South,Marketplace,Consumer,Rep_12,Beauty,Hair Dryer,7,32.13,5.0,15.91,213.66,111.37,102.29,47.88,2025-12,2025,Monday
ORD101727,2025-10-11,North,Marketplace,Consumer,Rep_03,Home & Kitchen,Vacuum Cleaner,1,21.85,0.0,13.84,21.85,13.84,8.01,36.66,2025-10,2025,Saturday
ORD101502,2025-06-19,West,Marketplace,Small Business,Rep_07,Home & Kitchen,Vacuum Cleaner,5,179.64,0.0,118.41,898.2,592.05,306.15,34.08,2025-06,2025,Thursday
ORD102346,2025-04-15,West,Online,Consumer,Rep_04,Electronics,Smartwatch,4,130.61,15.0,83.69,444.07,334.76,109.31,24.62,2025-04,2025,Tuesday
ORD101117,2024-06-22,North,In-Store,Consumer,Rep_07,Electronics,Smartwatch,4,64.29,0.0,42.55,257.16,170.2,86.96,33.82,2024-06,2024,Saturday
ORD100870,2024-03-20,South,Online,Consumer,Rep_05,Beauty,Hair Dryer,5,34.36,0.0,22.22,171.8,111.1,60.7,35.33,2024-03,2024,Wednesday
ORD100790,2024-03-18,North,Marketplace,Consumer,Rep_10,Apparel,Running Shoes,1,79.5,20.0,35.94,63.6,35.94,27.66,43.49,2024-03,2024,Monday
ORD102570,2025-10-20,East,Online,Small Business,Rep_11,Home & Kitchen,Coffee Maker,3,140.61,0.0,79.52,421.83,238.56,183.27,43.45,2025-10,2025,Monday
ORD101306,2025-02-19,West,In-Store,Small Business,Rep_13,Apparel,Winter Coat,3,98.28,0.0,66.54,294.84,199.62,95.22,32.3,2025-02,2025,Wednesday
ORD102489,2025-10-10,North,Online,Consumer,Rep_07,Beauty,Face Serum,6,12.04,0.0,7.62,72.24,45.72,26.52,36.71,2025-10,2025,Friday
ORD101559,2025-08-20,North,In-Store,Small Business,Rep_10,Sports & Outdoors,Yoga Mat,3,53.0,0.0,26.19,159.0,78.57,80.43,50.58,2025-08,2025,Wednesday
ORD102410,2025-02-28,South,Marketplace,Small Business,Rep_03,Sports & Outdoors,Cycling Helmet,4,127.03,10.0,63.33,457.31,253.32,203.99,44.61,2025-02,2025,Friday
ORD101371,2024-06-23,South,In-Store,Small Business,Rep_07,Electronics,Wireless Earbuds,5,206.08,0.0,105.86,1030.4,529.3,501.1,48.63,2024-06,2024,Sunday
ORD102194,2025-10-20,West,Online,Consumer,Rep_10,Beauty,Hair Dryer,2,13.41,0.0,8.22,26.82,16.44,10.38,38.7,2025-10,2025,Monday
ORD102077,2024-07-04,North,Online,Small Business,Rep_14,Apparel,Backpack,3,108.45,0.0,49.46,325.35,148.38,176.97,54.39,2024-07,2024,Thursday
ORD101683,2024-08-21,North,Online,Small Business,Rep_07,Apparel,Denim Jacket,3,71.77,0.0,33.53,215.31,100.59,114.72,53.28,2024-08,2024,Wednesday
ORD100760,2025-02-06,South,In-Store,Consumer,Rep_07,Beauty,Hair Dryer,3,40.53,5.0,26.24,115.51,78.72,36.79,31.85,2025-02,2025,Thursday
ORD100954,2024-02-24,South,In-Store,Small Business,Rep_09,Electronics,Wireless Earbuds,4,117.86,0.0,61.56,471.44,246.24,225.2,47.77,2024-02,2024,Saturday
ORD101470,2024-12-31,North,In-Store,Small Business,Rep_04,Apparel,Yoga Pants,5,106.47,20.0,71.58,425.88,357.9,67.98,15.96,2024-12,2024,Tuesday
ORD100650,2024-06-27,North,In-Store,Consumer,Rep_06,Beauty,Face Serum,3,74.95,0.0,35.31,224.85,105.93,118.92,52.89,2024-06,2024,Thursday
ORD100733,2025-10-22,West,In-Store,Consumer,Rep_11,Sports & Outdoors,Cycling Helmet,5,50.88,5.0,23.01,241.68,115.05,126.63,52.4,2025-10,2025,Wednesday
ORD102517,2025-11-07,South,Online,Consumer,Rep_03,Apparel,Backpack,3,34.84,0.0,15.7,104.52,47.1,57.42,54.94,2025-11,2025,Friday
ORD100379,2024-11-18,West,Online,Consumer,Rep_09,Apparel,Backpack,4,64.29,0.0,33.99,257.16,135.96,121.2,47.13,2024-11,2024,Monday
ORD100564,2024-11-02,East,Online,Consumer,Unassigned,Electronics,Power Bank,4,54.87,5.0,32.42,208.51,129.68,78.83,37.81,2024-11,2024,Saturday
ORD101200,2025-03-13,West,In-Store,Consumer,Rep_14,Apparel,Yoga Pants,5,69.14,0.0,35.87,345.7,179.35,166.35,48.12,2025-03,2025,Thursday
ORD102558,2025-02-28,South,Online,Consumer,Rep_07,Electronics,Laptop Stand,3,178.45,0.0,115.29,535.35,345.87,189.48,35.39,2025-02,2025,Friday
ORD100956,2024-09-29,West,Online,Consumer,Rep_07,Apparel,Backpack,5,84.95,0.0,52.48,424.75,262.4,162.35,38.22,2024-09,2024,Sunday
ORD100741,2024-09-05,East,Online,Consumer,Rep_07,Apparel,Backpack,2,78.3,0.0,36.18,156.6,72.36,84.24,53.79,2024-09,2024,Thursday
ORD101740,2024-07-12,East,Marketplace,Small Business,Rep_11,Beauty,Face Serum,1,76.8,10.0,48.68,69.12,48.68,20.44,29.57,2024-07,2024,Friday
ORD100231,2024-02-22,South,Online,Consumer,Rep_02,Electronics,Power Bank,2,164.64,0.0,97.27,329.28,194.54,134.74,40.92,2024-02,2024,Thursday
ORD100659,2025-12-06,South,In-Store,Enterprise,Rep_14,Apparel,Winter Coat,3,81.31,0.0,53.39,243.93,160.17,83.76,34.34,2025-12,2025,Saturday
ORD100382,2024-11-14,West,Online,Consumer,Rep_08,Electronics,Laptop Stand,9,48.03,5.0,32.32,410.66,290.88,119.78,29.17,2024-11,2024,Thursday
ORD101703,2025-09-05,West,Online,Consumer,Rep_02,Apparel,Backpack,1,98.3,0.0,58.38,98.3,58.38,39.92,40.61,2025-09,2025,Friday
ORD102098,2024-04-18,East,Online,Consumer,Unassigned,Home & Kitchen,Blender,1,71.84,0.0,41.13,71.84,41.13,30.71,42.75,2024-04,2024,Thursday
ORD100072,2024-05-25,West,In-Store,Enterprise,Rep_07,Beauty,Skincare Set,3,56.15,20.0,30.18,134.76,90.54,44.22,32.81,2024-05,2024,Saturday
ORD102493,2024-02-11,North,In-Store,Small Business,Rep_04,Beauty,Makeup Kit,1,89.02,0.0,44.65,89.02,44.65,44.37,49.84,2024-02,2024,Sunday
ORD101907,2024-04-05,East,In-Store,Small Business,Rep_06,Beauty,Skincare Set,1,41.27,5.0,23.66,39.21,23.66,15.55,39.66,2024-04,2024,Friday
ORD100171,2025-08-21,East,Online,Consumer,Rep_01,Home & Kitchen,Blender,4,151.5,10.0,88.88,545.4,355.52,189.88,34.81,2025-08,2025,Thursday
ORD101820,2024-06-28,West,In-Store,Consumer,Rep_13,Home & Kitchen,Blender,2,166.82,0.0,103.02,333.64,206.04,127.6,38.24,2024-06,2024,Friday
ORD100168,2025-11-06,South,Online,Consumer,Rep_10,Apparel,Winter Coat,7,100.56,15.0,57.23,598.33,400.61,197.72,33.05,2025-11,2025,Thursday
ORD101517,2024-09-23,North,Online,Consumer,Rep_08,Apparel,Denim Jacket,1,89.86,0.0,47.15,89.86,47.15,42.71,47.53,2024-09,2024,Monday
ORD101806,2025-09-01,South,Marketplace,Small Business,Rep_14,Electronics,Wireless Earbuds,4,156.29,0.0,95.9,625.16,383.6,241.56,38.64,2025-09,2025,Monday
ORD101346,2024-07-19,North,Online,Small Business,Rep_12,Apparel,Backpack,2,96.98,0.0,50.84,193.96,101.68,92.28,47.58,2024-07,2024,Friday
ORD100272,2024-11-02,East,In-Store,Enterprise,Rep_15,Apparel,Yoga Pants,4,29.06,0.0,19.1,116.24,76.4,39.84,34.27,2024-11,2024,Saturday
ORD101215,2025-10-24,West,Marketplace,Consumer,Rep_15,Apparel,Denim Jacket,3,26.03,15.0,12.25,66.38,36.75,29.63,44.64,2025-10,2025,Friday
ORD100420,2024-05-16,North,In-Store,Consumer,Rep_08,Electronics,Wireless Earbuds,2,45.49,0.0,26.81,90.98,53.62,37.36,41.06,2024-05,2024,Thursday
ORD101118,2024-01-10,East,Online,Consumer,Rep_10,Home & Kitchen,Vacuum Cleaner,4,56.36,5.0,29.12,214.17,116.48,97.69,45.61,2024-01,2024,Wednesday
ORD102206,2024-06-14,East,Online,Small Business,Rep_14,Sports & Outdoors,Yoga Mat,4,34.87,0.0,18.3,139.48,73.2,66.28,47.52,2024-06,2024,Friday
ORD101747,2024-05-11,West,In-Store,Small Business,Rep_06,Apparel,Denim Jacket,4,24.89,0.0,15.6,99.56,62.4,37.16,37.32,2024-05,2024,Saturday
ORD100195,2025-01-05,North,Online,Small Business,Rep_07,Sports & Outdoors,Dumbbell Set,3,22.32,10.0,12.73,60.26,38.19,22.07,36.62,2025-01,2025,Sunday
ORD101066,2024-05-30,East,Online,Consumer,Rep_03,Sports & Outdoors,Camping Tent,4,86.6,0.0,45.19,346.4,180.76,165.64,47.82,2024-05,2024,Thursday
ORD100056,2024-04-14,South,Online,Enterprise,Rep_11,Beauty,Skincare Set,4,59.82,0.0,40.59,239.28,162.36,76.92,32.15,2024-04,2024,Sunday
ORD101127,2025-09-12,South,Marketplace,Small Business,Rep_05,Apparel,Backpack,7,114.99,10.0,71.9,724.44,503.3,221.14,30.53,2025-09,2025,Friday
ORD102581,2025-05-20,East,Marketplace,Enterprise,Rep_02,Home & Kitchen,Blender,4,52.42,0.0,31.3,209.68,125.2,84.48,40.29,2025-05,2025,Tuesday
ORD102056,2024-04-10,West,In-Store,Consumer,Rep_11,Sports & Outdoors,Water Bottle,3,45.82,0.0,26.01,137.46,78.03,59.43,43.23,2024-04,2024,Wednesday
ORD100644,2024-12-15,North,In-Store,Consumer,Rep_14,Beauty,Face Serum,5,59.01,0.0,28.0,295.05,140.0,155.05,52.55,2024-12,2024,Sunday
ORD102401,2025-12-10,North,Online,Enterprise,Rep_12,Electronics,Power Bank,5,204.99,5.0,104.02,973.7,520.1,453.6,46.59,2025-12,2025,Wednesday
ORD100038,2025-09-24,South,In-Store,Small Business,Rep_09,Electronics,Wireless Earbuds,5,82.79,0.0,38.53,413.95,192.65,221.3,53.46,2025-09,2025,Wednesday
ORD100306,2024-10-19,South,Online,Consumer,Rep_14,Sports & Outdoors,Yoga Mat,5,125.88,5.0,84.37,597.93,421.85,176.08,29.45,2024-10,2024,Saturday
ORD101793,2025-12-29,East,In-Store,Small Business,Rep_10,Electronics,Power Bank,4,132.91,0.0,65.35,531.64,261.4,270.24,50.83,2025-12,2025,Monday
ORD100006,2024-12-27,West,In-Store,Small Business,Rep_12,Home & Kitchen,Cookware Set,6,35.42,0.0,20.7,212.52,124.2,88.32,41.56,2024-12,2024,Friday
ORD101104,2025-02-21,East,In-Store,Small Business,Rep_01,Apparel,Backpack,4,25.65,10.0,14.94,92.34,59.76,32.58,35.28,2025-02,2025,Friday
ORD100782,2024-07-28,North,In-Store,Consumer,Rep_13,Electronics,Power Bank,5,151.92,0.0,77.59,759.6,387.95,371.65,48.93,2024-07,2024,Sunday
ORD100408,2025-01-27,North,In-Store,Consumer,Rep_13,Sports & Outdoors,Yoga Mat,3,148.17,0.0,87.11,444.51,261.33,183.18,41.21,2025-01,2025,Monday
ORD102263,2024-01-10,East,Marketplace,Consumer,Rep_14,Home & Kitchen,Blender,4,128.67,0.0,65.6,514.68,262.4,252.28,49.02,2024-01,2024,Wednesday
ORD100781,2024-08-29,South,In-Store,Consumer,Rep_10,Home & Kitchen,Blender,1,41.53,0.0,21.23,41.53,21.23,20.3,48.88,2024-08,2024,Thursday
ORD101190,2024-02-25,West,In-Store,Small Business,Rep_11,Electronics,Wireless Earbuds,3,120.34,0.0,80.74,361.02,242.22,118.8,32.91,2024-02,2024,Sunday
ORD100534,2025-09-27,East,Online,Consumer,Rep_15,Apparel,Backpack,1,46.83,0.0,30.8,46.83,30.8,16.03,34.23,2025-09,2025,Saturday
ORD100583,2024-08-09,West,Online,Small Business,Rep_10,Electronics,Laptop Stand,2,58.13,10.0,34.86,104.63,69.72,34.91,33.37,2024-08,2024,Friday
ORD102355,2025-07-23,North,In-Store,Consumer,Rep_11,Beauty,Hair Dryer,4,25.69,0.0,15.6,102.76,62.4,40.36,39.28,2025-07,2025,Wednesday
ORD102628,2024-05-06,West,Online,Small Business,Rep_13,Beauty,Perfume,2,46.54,0.0,24.57,93.08,49.14,43.94,47.21,2024-05,2024,Monday
ORD102257,2025-08-01,East,Marketplace,Enterprise,Rep_09,Electronics,Laptop Stand,1,70.83,10.0,36.2,63.75,36.2,27.55,43.22,2025-08,2025,Friday
ORD100846,2024-08-15,West,Marketplace,Small Business,Rep_04,Home & Kitchen,Cookware Set,7,124.71,0.0,77.24,872.97,540.68,332.29,38.06,2024-08,2024,Thursday
ORD101748,2025-01-22,West,In-Store,Consumer,Rep_05,Home & Kitchen,Cookware Set,1,161.09,0.0,103.6,161.09,103.6,57.49,35.69,2025-01,2025,Wednesday
ORD102453,2025-06-10,North,Online,Consumer,Rep_10,Sports & Outdoors,Cycling Helmet,6,120.56,0.0,57.64,723.36,345.84,377.52,52.19,2025-06,2025,Tuesday
ORD101957,2025-07-14,East,In-Store,Consumer,Rep_15,Apparel,Backpack,2,60.21,0.0,35.86,120.42,71.72,48.7,40.44,2025-07,2025,Monday
ORD101351,2024-09-22,North,Marketplace,Small Business,Rep_15,Home & Kitchen,Blender,3,103.99,0.0,64.8,311.97,194.4,117.57,37.69,2024-09,2024,Sunday
ORD102156,2025-02-17,West,Online,Enterprise,Rep_05,Apparel,Winter Coat,6,46.14,20.0,25.11,221.47,150.66,70.81,31.97,2025-02,2025,Monday
ORD100813,2024-11-27,East,Marketplace,Consumer,Rep_15,Sports & Outdoors,Water Bottle,6,64.13,0.0,34.32,384.78,205.92,178.86,46.48,2024-11,2024,Wednesday
ORD100316,2025-01-04,West,Online,Consumer,Rep_06,Electronics,Laptop Stand,3,184.65,0.0,114.84,553.95,344.52,209.43,37.81,2025-01,2025,Saturday
ORD102392,2024-01-09,East,Online,Small Business,Rep_05,Apparel,Backpack,2,95.39,0.0,47.15,190.78,94.3,96.48,50.57,2024-01,2024,Tuesday
ORD102490,2025-02-20,East,Online,Consumer,Rep_07,Beauty,Face Serum,2,63.82,0.0,42.22,127.64,84.44,43.2,33.85,2025-02,2025,Thursday
ORD100516,2025-07-31,East,Online,Consumer,Rep_06,Sports & Outdoors,Camping Tent,1,132.72,5.0,60.42,126.08,60.42,65.66,52.08,2025-07,2025,Thursday
ORD101890,2024-04-02,North,In-Store,Consumer,Rep_06,Sports & Outdoors,Camping Tent,8,129.38,0.0,81.91,1035.04,655.28,379.76,36.69,2024-04,2024,Tuesday
ORD100661,2024-11-30,West,In-Store,Small Business,Rep_07,Beauty,Skincare Set,3,72.93,5.0,39.07,207.85,117.21,90.64,43.61,2024-11,2024,Saturday
ORD100533,2025-05-22,North,Online,Consumer,Rep_06,Home & Kitchen,Air Fryer,1,175.58,0.0,92.15,175.58,92.15,83.43,47.52,2025-05,2025,Thursday
ORD101913,2024-07-07,West,Online,Enterprise,Rep_02,Apparel,Yoga Pants,2,72.57,0.0,44.22,145.14,88.44,56.7,39.07,2024-07,2024,Sunday
ORD101875,2025-07-22,East,In-Store,Small Business,Rep_01,Apparel,Running Shoes,1,18.69,5.0,12.52,17.76,12.52,5.24,29.5,2025-07,2025,Tuesday
ORD100271,2024-09-05,West,Online,Small Business,Rep_14,Electronics,Power Bank,5,168.74,0.0,101.88,843.7,509.4,334.3,39.62,2024-09,2024,Thursday
ORD100548,2025-04-29,North,Marketplace,Small Business,Rep_12,Home & Kitchen,Coffee Maker,1,137.89,0.0,81.22,137.89,81.22,56.67,41.1,2025-04,2025,Tuesday
ORD101692,2025-06-26,South,Online,Enterprise,Rep_09,Apparel,Winter Coat,3,84.04,10.0,40.79,226.91,122.37,104.54,46.07,2025-06,2025,Thursday
ORD101719,2025-09-14,South,Online,Enterprise,Rep_02,Sports & Outdoors,Dumbbell Set,8,56.14,0.0,36.26,449.12,290.08,159.04,35.41,2025-09,2025,Sunday
ORD101477,2024-03-05,South,Marketplace,Consumer,Rep_15,Electronics,Smartwatch,3,42.26,5.0,23.41,120.44,70.23,50.21,41.69,2024-03,2024,Tuesday
ORD100964,2024-09-10,North,In-Store,Consumer,Rep_05,Beauty,Face Serum,3,20.59,0.0,11.31,61.77,33.93,27.84,45.07,2024-09,2024,Tuesday
ORD102463,2024-06-09,North,Online,Consumer,Rep_09,Electronics,Bluetooth Speaker,5,189.51,5.0,102.48,900.17,512.4,387.77,43.08,2024-06,2024,Sunday
ORD102472,2024-05-12,East,Marketplace,Consumer,Rep_06,Sports & Outdoors,Dumbbell Set,8,74.34,15.0,49.34,505.51,394.72,110.79,21.92,2024-05,2024,Sunday
ORD102418,2024-05-24,South,In-Store,Consumer,Rep_04,Sports & Outdoors,Cycling Helmet,3,60.49,0.0,31.01,181.47,93.03,88.44,48.74,2024-05,2024,Friday
ORD100598,2025-08-29,West,Online,Enterprise,Rep_10,Apparel,Backpack,4,108.63,5.0,67.36,412.79,269.44,143.35,34.73,2025-08,2025,Friday
ORD101689,2025-07-14,East,Online,Consumer,Rep_07,Home & Kitchen,Air Fryer,4,157.53,10.0,106.73,567.11,426.92,140.19,24.72,2025-07,2025,Monday
ORD100894,2024-11-25,North,Online,Consumer,Rep_02,Apparel,Denim Jacket,7,97.9,0.0,65.26,685.3,456.82,228.48,33.34,2024-11,2024,Monday
ORD102328,2025-01-21,South,Online,Enterprise,Rep_14,Home & Kitchen,Air Fryer,4,98.79,0.0,56.06,395.16,224.24,170.92,43.25,2025-01,2025,Tuesday
ORD101775,2024-09-12,East,Marketplace,Consumer,Rep_13,Electronics,Power Bank,5,124.48,0.0,58.65,622.4,293.25,329.15,52.88,2024-09,2024,Thursday
ORD100570,2024-05-10,East,In-Store,Small Business,Rep_04,Electronics,Smartwatch,3,194.36,20.0,95.26,466.46,285.78,180.68,38.73,2024-05,2024,Friday
ORD100074,2024-10-07,East,Online,Consumer,Rep_02,Apparel,Yoga Pants,6,90.93,0.0,60.69,545.58,364.14,181.44,33.26,2024-10,2024,Monday
ORD100061,2025-03-21,West,Marketplace,Consumer,Rep_07,Apparel,Denim Jacket,9,81.38,0.0,42.04,732.42,378.36,354.06,48.34,2025-03,2025,Friday
ORD101247,2024-06-23,North,Marketplace,Consumer,Rep_09,Beauty,Face Serum,5,23.43,5.0,14.77,111.29,73.85,37.44,33.64,2024-06,2024,Sunday
ORD101560,2025-08-13,South,Online,Consumer,Rep_14,Electronics,Bluetooth Speaker,5,119.26,15.0,59.11,506.86,295.55,211.31,41.69,2025-08,2025,Wednesday
ORD100847,2025-10-30,South,Online,Consumer,Unassigned,Sports & Outdoors,Cycling Helmet,6,68.13,5.0,39.3,388.34,235.8,152.54,39.28,2025-10,2025,Thursday
ORD101259,2025-07-13,East,In-Store,Consumer,Rep_12,Electronics,Wireless Earbuds,6,72.02,0.0,39.99,432.12,239.94,192.18,44.47,2025-07,2025,Sunday
ORD100809,2025-11-26,East,Marketplace,Small Business,Rep_05,Sports & Outdoors,Dumbbell Set,9,121.21,0.0,65.4,1090.89,588.6,502.29,46.04,2025-11,2025,Wednesday
ORD100244,2025-08-24,East,Online,Consumer,Rep_07,Sports & Outdoors,Camping Tent,3,21.27,5.0,13.4,60.62,40.2,20.42,33.69,2025-08,2025,Sunday
ORD101049,2024-07-11,East,Marketplace,Consumer,Rep_15,Apparel,Winter Coat,3,59.09,0.0,29.71,177.27,89.13,88.14,49.72,2024-07,2024,Thursday
ORD101938,2025-01-24,North,In-Store,Consumer,Rep_07,Sports & Outdoors,Camping Tent,5,146.25,20.0,94.88,585.0,474.4,110.6,18.91,2025-01,2025,Friday
ORD101246,2025-11-01,South,In-Store,Enterprise,Rep_09,Electronics,Laptop Stand,4,142.07,0.0,84.53,568.28,338.12,230.16,40.5,2025-11,2025,Saturday
ORD100107,2025-09-19,South,In-Store,Consumer,Rep_10,Apparel,Yoga Pants,3,34.81,0.0,17.08,104.43,51.24,53.19,50.93,2025-09,2025,Friday
ORD100105,2024-12-26,East,Online,Enterprise,Rep_01,Beauty,Perfume,8,61.32,0.0,31.3,490.56,250.4,240.16,48.96,2024-12,2024,Thursday
ORD100673,2025-09-23,North,Marketplace,Consumer,Rep_11,Apparel,Winter Coat,2,34.97,0.0,19.94,69.94,39.88,30.06,42.98,2025-09,2025,Tuesday
ORD100642,2024-02-29,North,Online,Consumer,Rep_02,Sports & Outdoors,Camping Tent,3,71.56,10.0,37.59,193.21,112.77,80.44,41.63,2024-02,2024,Thursday
ORD100476,2024-06-24,South,Online,Small Business,Rep_14,Apparel,Yoga Pants,7,112.5,0.0,56.13,787.5,392.91,394.59,50.11,2024-06,2024,Monday
ORD100665,2024-07-05,South,Online,Small Business,Rep_01,Sports & Outdoors,Cycling Helmet,4,61.41,0.0,28.4,245.64,113.6,132.04,53.75,2024-07,2024,Friday
ORD100509,2024-09-19,North,In-Store,Consumer,Rep_10,Electronics,Power Bank,4,103.29,0.0,52.89,413.16,211.56,201.6,48.79,2024-09,2024,Thursday
ORD100131,2025-07-02,South,Online,Consumer,Rep_10,Sports & Outdoors,Cycling Helmet,4,117.46,0.0,60.94,469.84,243.76,226.08,48.12,2025-07,2025,Wednesday
ORD101640,2024-07-18,South,Online,Consumer,Rep_15,Beauty,Hair Dryer,3,63.01,0.0,31.33,189.03,93.99,95.04,50.28,2024-07,2024,Thursday
ORD100444,2025-11-23,East,Online,Consumer,Rep_15,Home & Kitchen,Vacuum Cleaner,5,171.63,0.0,114.7,858.15,573.5,284.65,33.17,2025-11,2025,Sunday
ORD102356,2024-08-01,East,Marketplace,Consumer,Rep_01,Beauty,Makeup Kit,3,83.71,0.0,42.14,251.13,126.42,124.71,49.66,2024-08,2024,Thursday
ORD101532,2025-10-13,South,Online,Small Business,Rep_10,Electronics,Wireless Earbuds,4,106.33,0.0,48.82,425.32,195.28,230.04,54.09,2025-10,2025,Monday
ORD100866,2025-04-19,North,Marketplace,Consumer,Rep_10,Home & Kitchen,Blender,5,103.56,0.0,58.2,517.8,291.0,226.8,43.8,2025-04,2025,Saturday
ORD101736,2025-08-04,South,In-Store,Consumer,Rep_06,Sports & Outdoors,Water Bottle,6,51.84,0.0,31.79,311.04,190.74,120.3,38.68,2025-08,2025,Monday
ORD101539,2025-01-18,South,Marketplace,Enterprise,Rep_05,Beauty,Skincare Set,1,23.38,15.0,13.3,19.87,13.3,6.57,33.06,2025-01,2025,Saturday
ORD101060,2024-10-21,South,Online,Small Business,Rep_12,Electronics,Bluetooth Speaker,4,76.45,10.0,42.93,275.22,171.72,103.5,37.61,2024-10,2024,Monday
ORD100208,2024-10-18,West,In-Store,Small Business,Rep_07,Apparel,Denim Jacket,7,116.25,0.0,78.12,813.75,546.84,266.91,32.8,2024-10,2024,Friday
ORD100057,2024-09-06,South,Online,Consumer,Rep_01,Home & Kitchen,Vacuum Cleaner,5,82.87,0.0,50.22,414.35,251.1,163.25,39.4,2024-09,2024,Friday
ORD100102,2024-11-04,West,Online,Small Business,Rep_10,Home & Kitchen,Air Fryer,7,142.4,0.0,86.79,996.8,607.53,389.27,39.05,2024-11,2024,Monday
ORD101873,2025-10-19,East,Marketplace,Consumer,Rep_08,Home & Kitchen,Cookware Set,5,120.8,5.0,66.89,573.8,334.45,239.35,41.71,2025-10,2025,Sunday
ORD101991,2025-09-19,West,Online,Small Business,Rep_09,Apparel,Denim Jacket,1,36.53,5.0,19.03,34.7,19.03,15.67,45.16,2025-09,2025,Friday
ORD101345,2024-06-12,South,Online,Small Business,Rep_05,Home & Kitchen,Blender,7,63.64,0.0,42.2,445.48,295.4,150.08,33.69,2024-06,2024,Wednesday
ORD102135,2024-01-23,West,Online,Consumer,Rep_07,Apparel,Backpack,1,61.85,10.0,35.33,55.66,35.33,20.33,36.53,2024-01,2024,Tuesday
ORD101930,2024-08-19,North,Marketplace,Consumer,Rep_13,Electronics,Laptop Stand,1,156.62,0.0,85.12,156.62,85.12,71.5,45.65,2024-08,2024,Monday
ORD102329,2024-01-27,South,In-Store,Consumer,Rep_07,Beauty,Skincare Set,4,83.84,0.0,38.22,335.36,152.88,182.48,54.41,2024-01,2024,Saturday
ORD100086,2024-12-26,North,Marketplace,Small Business,Rep_12,Apparel,Backpack,9,104.9,5.0,50.37,896.9,453.33,443.57,49.46,2024-12,2024,Thursday
ORD102582,2024-07-17,East,Marketplace,Enterprise,Rep_13,Home & Kitchen,Vacuum Cleaner,2,167.9,0.0,106.43,335.8,212.86,122.94,36.61,2024-07,2024,Wednesday
ORD102341,2025-05-12,West,Online,Small Business,Rep_12,Electronics,Laptop Stand,3,153.62,5.0,71.6,437.82,214.8,223.02,50.94,2025-05,2025,Monday
ORD100771,2024-09-04,South,In-Store,Consumer,Rep_15,Apparel,Backpack,7,40.21,0.0,20.47,281.47,143.29,138.18,49.09,2024-09,2024,Wednesday
ORD101358,2025-03-06,South,Marketplace,Consumer,Rep_11,Home & Kitchen,Cookware Set,4,23.23,0.0,15.47,92.92,61.88,31.04,33.41,2025-03,2025,Thursday
ORD102112,2025-05-28,South,Online,Small Business,Rep_01,Sports & Outdoors,Camping Tent,6,118.69,0.0,78.77,712.14,472.62,239.52,33.63,2025-05,2025,Wednesday
ORD101249,2025-10-04,West,In-Store,Consumer,Rep_07,Apparel,Backpack,3,82.38,0.0,50.81,247.14,152.43,94.71,38.32,2025-10,2025,Saturday
ORD102190,2025-08-12,North,Marketplace,Small Business,Rep_07,Sports & Outdoors,Water Bottle,5,26.35,10.0,14.78,118.58,73.9,44.68,37.68,2025-08,2025,Tuesday
ORD100708,2025-02-11,East,In-Store,Small Business,Rep_04,Home & Kitchen,Air Fryer,2,165.22,5.0,76.45,313.92,152.9,161.02,51.29,2025-02,2025,Tuesday
ORD101109,2025-04-22,North,In-Store,Consumer,Rep_02,Apparel,Yoga Pants,1,48.05,0.0,30.86,48.05,30.86,17.19,35.78,2025-04,2025,Tuesday
ORD102361,2024-05-10,North,In-Store,Consumer,Rep_08,Electronics,Bluetooth Speaker,6,175.62,10.0,87.82,948.35,526.92,421.43,44.44,2024-05,2024,Friday
ORD102130,2024-07-07,South,In-Store,Small Business,Rep_10,Home & Kitchen,Blender,1,30.03,0.0,15.4,30.03,15.4,14.63,48.72,2024-07,2024,Sunday
ORD100785,2025-04-29,East,Online,Consumer,Rep_13,Apparel,Backpack,2,26.12,15.0,15.19,44.4,30.38,14.02,31.58,2025-04,2025,Tuesday
ORD100429,2025-11-26,West,Online,Small Business,Rep_14,Beauty,Makeup Kit,6,21.67,0.0,13.69,130.02,82.14,47.88,36.83,2025-11,2025,Wednesday
ORD100538,2025-07-13,South,Online,Small Business,Rep_02,Electronics,Laptop Stand,4,212.4,10.0,107.39,764.64,429.56,335.08,43.82,2025-07,2025,Sunday
ORD100675,2024-04-16,North,Online,Consumer,Rep_04,Apparel,Denim Jacket,1,110.76,0.0,64.88,110.76,64.88,45.88,41.42,2024-04,2024,Tuesday
ORD102353,2024-07-04,North,Marketplace,Consumer,Rep_08,Electronics,Laptop Stand,3,145.4,0.0,84.44,436.2,253.32,182.88,41.93,2024-07,2024,Thursday
ORD102358,2024-03-30,East,In-Store,Small Business,Rep_10,Electronics,Power Bank,4,149.9,0.0,82.31,599.6,329.24,270.36,45.09,2024-03,2024,Saturday
ORD102164,2024-03-20,East,Online,Consumer,Rep_08,Beauty,Face Serum,4,68.93,0.0,34.03,275.72,136.12,139.6,50.63,2024-03,2024,Wednesday
ORD100418,2024-01-28,South,Online,Small Business,Rep_06,Home & Kitchen,Blender,4,108.62,0.0,49.02,434.48,196.08,238.4,54.87,2024-01,2024,Sunday
ORD101461,2024-07-12,East,In-Store,Small Business,Rep_01,Home & Kitchen,Vacuum Cleaner,1,44.8,0.0,22.18,44.8,22.18,22.62,50.49,2024-07,2024,Friday
ORD101484,2024-12-04,North,Online,Consumer,Rep_12,Sports & Outdoors,Camping Tent,1,17.2,5.0,7.8,16.34,7.8,8.54,52.26,2024-12,2024,Wednesday
ORD100497,2024-05-23,East,In-Store,Consumer,Rep_06,Sports & Outdoors,Water Bottle,4,122.28,0.0,79.62,489.12,318.48,170.64,34.89,2024-05,2024,Thursday
ORD101597,2024-03-30,East,Online,Enterprise,Rep_09,Electronics,Smartwatch,4,43.04,5.0,27.99,163.55,111.96,51.59,31.54,2024-03,2024,Saturday
ORD101073,2025-05-12,East,Marketplace,Consumer,Rep_02,Beauty,Face Serum,6,19.42,20.0,9.76,93.22,58.56,34.66,37.18,2025-05,2025,Monday
ORD102473,2024-07-14,North,In-Store,Consumer,Rep_02,Electronics,Smartwatch,3,154.04,15.0,90.71,392.8,272.13,120.67,30.72,2024-07,2024,Sunday
ORD102571,2025-08-06,West,In-Store,Small Business,Rep_05,Electronics,Smartwatch,2,177.79,0.0,103.37,355.58,206.74,148.84,41.86,2025-08,2025,Wednesday
ORD102144,2024-11-08,East,Online,Consumer,Rep_13,Electronics,Laptop Stand,7,130.21,0.0,62.5,911.47,437.5,473.97,52.0,2024-11,2024,Friday
ORD100851,2025-08-26,West,Marketplace,Small Business,Rep_13,Apparel,Yoga Pants,4,38.66,5.0,23.63,146.91,94.52,52.39,35.66,2025-08,2025,Tuesday
ORD101004,2025-12-05,West,Online,Consumer,Rep_13,Beauty,Face Serum,3,20.17,0.0,13.35,60.51,40.05,20.46,33.81,2025-12,2025,Friday
ORD101834,2025-07-14,East,Online,Consumer,Rep_05,Home & Kitchen,Air Fryer,3,45.47,0.0,24.93,136.41,74.79,61.62,45.17,2025-07,2025,Monday
ORD101759,2025-03-29,North,Online,Consumer,Rep_05,Apparel,Backpack,4,31.25,5.0,14.29,118.75,57.16,61.59,51.87,2025-03,2025,Saturday
ORD102106,2024-11-29,South,Online,Consumer,Rep_13,Electronics,Smartwatch,5,131.2,0.0,64.71,656.0,323.55,332.45,50.68,2024-11,2024,Friday
ORD101598,2024-03-29,East,In-Store,Consumer,Rep_09,Sports & Outdoors,Camping Tent,1,19.45,5.0,9.45,18.48,9.45,9.03,48.86,2024-03,2024,Friday
ORD100436,2025-09-08,North,Marketplace,Enterprise,Rep_05,Electronics,Wireless Earbuds,1,46.08,0.0,28.5,46.08,28.5,17.58,38.15,2025-09,2025,Monday
ORD101316,2024-10-17,North,In-Store,Consumer,Rep_10,Home & Kitchen,Coffee Maker,2,89.14,0.0,58.09,178.28,116.18,62.1,34.83,2024-10,2024,Thursday
ORD101279,2025-10-14,East,Marketplace,Small Business,Rep_04,Home & Kitchen,Blender,6,92.92,0.0,57.76,557.52,346.56,210.96,37.84,2025-10,2025,Tuesday
ORD101623,2024-09-06,East,In-Store,Small Business,Rep_06,Home & Kitchen,Vacuum Cleaner,5,109.24,10.0,58.33,491.58,291.65,199.93,40.67,2024-09,2024,Friday
ORD101480,2024-12-10,South,In-Store,Consumer,Rep_02,Apparel,Denim Jacket,13,79.44,5.0,44.98,981.08,584.74,396.34,40.4,2024-12,2024,Tuesday
ORD101785,2024-07-20,West,Online,Consumer,Rep_15,Electronics,Laptop Stand,5,128.98,0.0,77.95,644.9,389.75,255.15,39.56,2024-07,2024,Saturday
ORD101648,2024-11-01,North,Marketplace,Consumer,Rep_03,Apparel,Backpack,5,112.39,5.0,66.74,533.85,333.7,200.15,37.49,2024-11,2024,Friday
ORD101003,2024-05-21,West,Marketplace,Consumer,Rep_07,Apparel,Winter Coat,5,112.4,0.0,75.6,562.0,378.0,184.0,32.74,2024-05,2024,Tuesday
ORD101278,2024-04-04,South,Online,Consumer,Rep_05,Home & Kitchen,Vacuum Cleaner,1,168.82,10.0,79.05,151.94,79.05,72.89,47.97,2024-04,2024,Thursday
ORD101032,2025-08-10,West,Online,Consumer,Rep_02,Apparel,Winter Coat,3,59.74,5.0,38.72,170.26,116.16,54.1,31.77,2025-08,2025,Sunday
ORD102115,2024-06-12,East,Marketplace,Enterprise,Rep_06,Electronics,Bluetooth Speaker,4,161.24,5.0,76.18,612.71,304.72,307.99,50.27,2024-06,2024,Wednesday
ORD102158,2024-10-03,East,Marketplace,Consumer,Rep_08,Home & Kitchen,Blender,8,177.02,5.0,103.61,1345.35,828.88,516.47,38.39,2024-10,2024,Thursday
ORD102573,2025-09-19,East,In-Store,Small Business,Rep_12,Sports & Outdoors,Cycling Helmet,2,105.11,15.0,63.34,178.69,126.68,52.01,29.11,2025-09,2025,Friday
ORD101836,2025-01-26,West,In-Store,Consumer,Rep_12,Electronics,Bluetooth Speaker,2,122.58,0.0,59.13,245.16,118.26,126.9,51.76,2025-01,2025,Sunday
ORD102534,2025-09-05,West,Marketplace,Consumer,Rep_04,Home & Kitchen,Vacuum Cleaner,2,68.04,0.0,44.33,136.08,88.66,47.42,34.85,2025-09,2025,Friday
ORD100304,2025-11-13,North,Online,Small Business,Rep_01,Electronics,Wireless Earbuds,3,104.16,0.0,54.2,312.48,162.6,149.88,47.96,2025-11,2025,Thursday
ORD102326,2024-10-10,South,In-Store,Consumer,Rep_01,Apparel,Backpack,2,103.18,0.0,54.82,206.36,109.64,96.72,46.87,2024-10,2024,Thursday
ORD102055,2024-01-23,East,In-Store,Consumer,Rep_02,Home & Kitchen,Cookware Set,5,36.52,10.0,18.72,164.34,93.6,70.74,43.04,2024-01,2024,Tuesday
ORD101098,2025-08-01,North,Online,Consumer,Rep_11,Sports & Outdoors,Yoga Mat,4,92.31,10.0,47.08,332.32,188.32,144.0,43.33,2025-08,2025,Friday
ORD101441,2025-07-15,East,Online,Enterprise,Rep_05,Electronics,Laptop Stand,2,29.49,15.0,14.24,50.13,28.48,21.65,43.19,2025-07,2025,Tuesday
ORD101546,2024-09-14,East,In-Store,Consumer,Rep_15,Electronics,Bluetooth Speaker,6,85.77,0.0,46.1,514.62,276.6,238.02,46.25,2024-09,2024,Saturday
ORD100335,2025-07-29,North,Online,Enterprise,Rep_04,Apparel,Yoga Pants,5,64.35,0.0,32.26,321.75,161.3,160.45,49.87,2025-07,2025,Tuesday
ORD100995,2024-03-29,North,In-Store,Consumer,Rep_02,Beauty,Makeup Kit,4,30.65,5.0,16.01,116.47,64.04,52.43,45.02,2024-03,2024,Friday
ORD100569,2025-07-21,North,Marketplace,Consumer,Rep_06,Electronics,Smartwatch,1,48.56,0.0,22.5,48.56,22.5,26.06,53.67,2025-07,2025,Monday
ORD101614,2024-04-13,West,In-Store,Consumer,Rep_02,Home & Kitchen,Coffee Maker,4,139.56,0.0,93.22,558.24,372.88,185.36,33.2,2024-04,2024,Saturday
ORD100088,2024-10-11,North,In-Store,Small Business,Rep_03,Home & Kitchen,Coffee Maker,3,145.15,0.0,78.41,435.45,235.23,200.22,45.98,2024-10,2024,Friday
ORD100874,2025-05-27,East,Online,Small Business,Rep_10,Home & Kitchen,Air Fryer,4,43.48,15.0,26.68,147.83,106.72,41.11,27.81,2025-05,2025,Tuesday
ORD102423,2024-05-02,East,Online,Enterprise,Rep_12,Apparel,Denim Jacket,3,15.93,0.0,8.04,47.79,24.12,23.67,49.53,2024-05,2024,Thursday
ORD102497,2025-05-23,North,Online,Consumer,Rep_03,Beauty,Perfume,2,88.4,0.0,57.97,176.8,115.94,60.86,34.42,2025-05,2025,Friday
ORD101241,2025-04-13,West,Online,Consumer,Rep_11,Beauty,Makeup Kit,1,40.64,10.0,18.82,36.58,18.82,17.76,48.55,2025-04,2025,Sunday
ORD102336,2025-11-23,West,Online,Small Business,Rep_11,Apparel,Denim Jacket,5,113.33,5.0,60.09,538.32,300.45,237.87,44.19,2025-11,2025,Sunday
ORD101068,2024-02-04,North,In-Store,Consumer,Rep_14,Electronics,Wireless Earbuds,1,44.87,0.0,25.35,44.87,25.35,19.52,43.5,2024-02,2024,Sunday
ORD101880,2024-12-25,East,Online,Consumer,Rep_05,Electronics,Bluetooth Speaker,8,30.69,0.0,14.72,245.52,117.76,127.76,52.04,2024-12,2024,Wednesday
ORD101197,2025-03-31,North,Marketplace,Small Business,Rep_01,Apparel,Yoga Pants,3,71.17,0.0,40.69,213.51,122.07,91.44,42.83,2025-03,2025,Monday
ORD102579,2024-09-15,West,Marketplace,Consumer,Rep_12,Sports & Outdoors,Camping Tent,2,36.27,0.0,24.37,72.54,48.74,23.8,32.81,2024-09,2024,Sunday
ORD102216,2025-01-14,South,Online,Enterprise,Rep_07,Home & Kitchen,Air Fryer,5,155.79,0.0,93.51,778.95,467.55,311.4,39.98,2025-01,2025,Tuesday
ORD100221,2024-12-13,East,In-Store,Enterprise,Rep_10,Beauty,Skincare Set,5,28.9,10.0,15.91,130.05,79.55,50.5,38.83,2024-12,2024,Friday
ORD100319,2025-05-13,West,Marketplace,Consumer,Rep_14,Home & Kitchen,Air Fryer,4,139.34,0.0,70.87,557.36,283.48,273.88,49.14,2025-05,2025,Tuesday
ORD100519,2024-10-14,South,Online,Small Business,Rep_04,Home & Kitchen,Cookware Set,4,89.01,0.0,49.07,356.04,196.28,159.76,44.87,2024-10,2024,Monday
ORD100878,2024-10-15,West,Online,Enterprise,Rep_03,Home & Kitchen,Vacuum Cleaner,2,115.93,0.0,71.93,231.86,143.86,88.0,37.95,2024-10,2024,Tuesday
ORD100629,2024-06-16,West,Online,Consumer,Rep_06,Home & Kitchen,Cookware Set,3,65.14,0.0,39.57,195.42,118.71,76.71,39.25,2024-06,2024,Sunday
ORD100825,2025-10-02,North,In-Store,Consumer,Rep_14,Home & Kitchen,Vacuum Cleaner,1,91.32,0.0,42.5,91.32,42.5,48.82,53.46,2025-10,2025,Thursday
ORD101198,2024-03-26,East,In-Store,Small Business,Rep_05,Sports & Outdoors,Water Bottle,5,39.9,0.0,18.82,199.5,94.1,105.4,52.83,2024-03,2024,Tuesday
ORD101290,2024-09-03,East,Online,Enterprise,Unassigned,Electronics,Bluetooth Speaker,2,103.58,0.0,57.22,207.16,114.44,92.72,44.76,2024-09,2024,Tuesday
ORD101030,2024-02-07,South,Online,Consumer,Rep_03,Sports & Outdoors,Dumbbell Set,3,328.33,0.0,36.58,984.99,109.74,875.25,88.86,2024-02,2024,Wednesday
ORD101992,2025-10-16,South,Online,Consumer,Rep_11,Electronics,Laptop Stand,3,100.42,15.0,50.21,256.07,150.63,105.44,41.18,2025-10,2025,Thursday
ORD102287,2024-10-16,East,Online,Enterprise,Rep_12,Electronics,Bluetooth Speaker,1,122.62,0.0,75.85,122.62,75.85,46.77,38.14,2024-10,2024,Wednesday
ORD102268,2025-01-22,West,Online,Consumer,Rep_02,Apparel,Running Shoes,7,33.02,10.0,20.28,208.03,141.96,66.07,31.76,2025-01,2025,Wednesday
ORD100138,2025-12-09,North,In-Store,Consumer,Rep_04,Electronics,Bluetooth Speaker,8,171.85,0.0,98.19,1374.8,785.52,589.28,42.86,2025-12,2025,Tuesday
ORD100163,2024-09-28,South,In-Store,Consumer,Rep_06,Home & Kitchen,Cookware Set,3,170.33,0.0,92.9,510.99,278.7,232.29,45.46,2024-09,2024,Saturday
ORD101463,2025-08-27,North,Online,Consumer,Rep_09,Home & Kitchen,Vacuum Cleaner,2,161.76,5.0,81.08,307.34,162.16,145.18,47.24,2025-08,2025,Wednesday
ORD101618,2024-10-11,East,In-Store,Small Business,Rep_10,Apparel,Yoga Pants,2,84.6,0.0,38.26,169.2,76.52,92.68,54.78,2024-10,2024,Friday
ORD101678,2025-11-08,North,In-Store,Consumer,Rep_05,Sports & Outdoors,Yoga Mat,13,93.21,0.0,63.07,1211.73,819.91,391.82,32.34,2025-11,2025,Saturday
ORD100001,2025-12-13,East,Online,Enterprise,Rep_10,Beauty,Hair Dryer,7,47.34,0.0,26.48,331.38,185.36,146.02,44.06,2025-12,2025,Saturday
ORD101579,2025-08-24,West,Online,Small Business,Rep_04,Sports & Outdoors,Camping Tent,3,32.58,5.0,17.91,92.85,53.73,39.12,42.13,2025-08,2025,Sunday
ORD101791,2024-06-22,West,Marketplace,Consumer,Rep_09,Home & Kitchen,Cookware Set,9,147.88,15.0,94.35,1131.28,849.15,282.13,24.94,2024-06,2024,Saturday
ORD101045,2025-12-22,North,In-Store,Enterprise,Rep_01,Home & Kitchen,Air Fryer,8,124.1,20.0,62.39,794.24,499.12,295.12,37.16,2025-12,2025,Monday
ORD100960,2024-04-11,North,In-Store,Consumer,Rep_08,Home & Kitchen,Blender,1,176.35,0.0,108.61,176.35,108.61,67.74,38.41,2024-04,2024,Thursday
ORD102270,2025-11-25,East,Marketplace,Consumer,Rep_05,Home & Kitchen,Air Fryer,4,120.11,0.0,79.6,480.44,318.4,162.04,33.73,2025-11,2025,Tuesday
ORD101750,2025-01-03,North,Online,Small Business,Rep_15,Home & Kitchen,Cookware Set,4,118.07,5.0,69.96,448.67,279.84,168.83,37.63,2025-01,2025,Friday
ORD101547,2025-08-02,East,Online,Small Business,Rep_05,Home & Kitchen,Coffee Maker,7,120.63,0.0,72.9,844.41,510.3,334.11,39.57,2025-08,2025,Saturday
ORD102288,2025-04-17,North,In-Store,Small Business,Rep_13,Sports & Outdoors,Camping Tent,2,119.4,0.0,68.25,238.8,136.5,102.3,42.84,2025-04,2025,Thursday
ORD101830,2025-01-10,West,Marketplace,Consumer,Rep_14,Sports & Outdoors,Cycling Helmet,5,92.28,15.0,42.26,392.19,211.3,180.89,46.12,2025-01,2025,Friday
ORD101998,2024-07-03,North,In-Store,Consumer,Rep_11,Sports & Outdoors,Camping Tent,3,27.61,0.0,16.4,82.83,49.2,33.63,40.6,2024-07,2024,Wednesday
ORD101504,2025-03-22,South,Online,Consumer,Rep_07,Beauty,Perfume,2,43.27,0.0,26.7,86.54,53.4,33.14,38.29,2025-03,2025,Saturday
ORD101602,2025-03-21,South,Online,Consumer,Rep_10,Apparel,Backpack,1,105.54,5.0,49.51,100.26,49.51,50.75,50.62,2025-03,2025,Friday
ORD101869,2025-08-27,East,In-Store,Consumer,Rep_05,Electronics,Smartwatch,4,171.04,0.0,111.37,684.16,445.48,238.68,34.89,2025-08,2025,Wednesday
ORD102061,2025-02-03,West,Online,Consumer,Rep_15,Beauty,Makeup Kit,6,24.9,0.0,14.38,149.4,86.28,63.12,42.25,2025-02,2025,Monday
ORD102644,2025-12-09,West,Online,Consumer,Rep_02,Apparel,Backpack,6,16.83,0.0,7.78,100.98,46.68,54.3,53.77,2025-12,2025,Tuesday
ORD100962,2025-07-29,West,In-Store,Consumer,Rep_13,Beauty,Face Serum,4,51.0,0.0,24.45,204.0,97.8,106.2,52.06,2025-07,2025,Tuesday
ORD101059,2025-05-29,East,In-Store,Consumer,Rep_12,Home & Kitchen,Coffee Maker,2,91.83,20.0,44.36,146.93,88.72,58.21,39.62,2025-05,2025,Thursday
ORD100633,2024-07-09,South,Online,Consumer,Rep_13,Apparel,Winter Coat,2,63.7,0.0,31.04,127.4,62.08,65.32,51.27,2024-07,2024,Tuesday
ORD101242,2025-03-16,East,Online,Consumer,Rep_06,Apparel,Yoga Pants,8,57.84,20.0,33.84,370.18,270.72,99.46,26.87,2025-03,2025,Sunday
ORD101642,2024-02-20,West,Marketplace,Enterprise,Rep_14,Home & Kitchen,Coffee Maker,3,27.26,5.0,15.97,77.69,47.91,29.78,38.33,2024-02,2024,Tuesday
ORD102430,2024-06-07,East,Online,Consumer,Rep_11,Beauty,Makeup Kit,3,75.74,10.0,41.51,204.5,124.53,79.97,39.11,2024-06,2024,Friday
ORD100655,2024-05-28,West,Marketplace,Consumer,Rep_05,Sports & Outdoors,Cycling Helmet,10,88.12,0.0,44.92,881.2,449.2,432.0,49.02,2024-05,2024,Tuesday
ORD100016,2024-05-22,East,In-Store,Consumer,Rep_13,Electronics,Wireless Earbuds,2,123.38,0.0,56.92,246.76,113.84,132.92,53.87,2024-05,2024,Wednesday
ORD102414,2025-10-03,North,Online,Consumer,Rep_04,Apparel,Backpack,2,53.1,0.0,24.61,106.2,49.22,56.98,53.65,2025-10,2025,Friday
ORD102512,2025-06-23,North,In-Store,Consumer,Rep_04,Home & Kitchen,Coffee Maker,7,138.61,0.0,63.58,970.27,445.06,525.21,54.13,2025-06,2025,Monday
ORD100137,2025-01-15,North,Online,Small Business,Rep_03,Electronics,Smartwatch,2,217.5,0.0,147.46,435.0,294.92,140.08,32.2,2025-01,2025,Wednesday
ORD102105,2025-09-26,East,Online,Small Business,Rep_06,Home & Kitchen,Coffee Maker,5,97.85,0.0,62.97,489.25,314.85,174.4,35.65,2025-09,2025,Friday
ORD101581,2025-04-06,North,Online,Consumer,Rep_11,Electronics,Wireless Earbuds,2,194.06,0.0,89.94,388.12,179.88,208.24,53.65,2025-04,2025,Sunday
ORD100697,2025-03-26,North,Online,Consumer,Unassigned,Electronics,Power Bank,2,219.8,5.0,129.92,417.62,259.84,157.78,37.78,2025-03,2025,Wednesday
ORD101097,2025-07-31,North,Online,Consumer,Rep_01,Beauty,Perfume,3,73.54,0.0,48.8,220.62,146.4,74.22,33.64,2025-07,2025,Thursday
ORD102516,2025-12-10,North,In-Store,Enterprise,Rep_03,Home & Kitchen,Cookware Set,10,123.64,5.0,82.76,1174.58,827.6,346.98,29.54,2025-12,2025,Wednesday
ORD102334,2024-02-23,South,Online,Consumer,Rep_01,Apparel,Denim Jacket,3,34.56,0.0,15.97,103.68,47.91,55.77,53.79,2024-02,2024,Friday
ORD102402,2024-12-18,East,Marketplace,Consumer,Rep_05,Electronics,Smartwatch,5,103.4,0.0,63.2,517.0,316.0,201.0,38.88,2024-12,2024,Wednesday
ORD100448,2024-09-01,South,Online,Consumer,Rep_08,Home & Kitchen,Cookware Set,2,59.57,0.0,34.38,119.14,68.76,50.38,42.29,2024-09,2024,Sunday
ORD101392,2025-09-17,East,Marketplace,Consumer,Rep_15,Home & Kitchen,Cookware Set,1,36.98,0.0,19.96,36.98,19.96,17.02,46.02,2025-09,2025,Wednesday
ORD100035,2024-11-23,West,Marketplace,Consumer,Rep_10,Apparel,Backpack,7,51.38,0.0,32.6,359.66,228.2,131.46,36.55,2024-11,2024,Saturday
ORD101266,2025-04-18,North,Marketplace,Small Business,Rep_05,Home & Kitchen,Cookware Set,7,98.28,0.0,49.37,687.96,345.59,342.37,49.77,2025-04,2025,Friday
ORD100327,2025-06-02,North,In-Store,Small Business,Rep_10,Apparel,Running Shoes,2,46.88,5.0,23.93,89.07,47.86,41.21,46.27,2025-06,2025,Monday
ORD100317,2025-08-15,East,Online,Small Business,Rep_14,Electronics,Laptop Stand,3,62.42,0.0,35.53,187.26,106.59,80.67,43.08,2025-08,2025,Friday
ORD100135,2024-09-26,North,Marketplace,Consumer,Rep_01,Electronics,Bluetooth Speaker,3,131.91,0.0,86.25,395.73,258.75,136.98,34.61,2024-09,2024,Thursday
ORD101169,2024-01-05,South,Online,Small Business,Rep_14,Electronics,Laptop Stand,3,189.89,0.0,118.5,569.67,355.5,214.17,37.6,2024-01,2024,Friday
ORD101552,2024-03-29,East,In-Store,Consumer,Rep_04,Electronics,Power Bank,6,86.31,5.0,45.63,491.97,273.78,218.19,44.35,2024-03,2024,Friday
ORD100526,2024-06-04,North,Online,Consumer,Rep_08,Beauty,Perfume,2,33.11,0.0,15.96,66.22,31.92,34.3,51.8,2024-06,2024,Tuesday
ORD100087,2025-07-24,East,Marketplace,Consumer,Rep_10,Electronics,Bluetooth Speaker,5,46.59,0.0,22.55,232.95,112.75,120.2,51.6,2025-07,2025,Thursday
ORD101503,2024-01-06,West,Online,Consumer,Rep_06,Beauty,Makeup Kit,4,81.02,0.0,37.31,324.08,149.24,174.84,53.95,2024-01,2024,Saturday
ORD101362,2024-05-24,East,Online,Enterprise,Rep_02,Home & Kitchen,Coffee Maker,4,65.67,0.0,44.53,262.68,178.12,84.56,32.19,2024-05,2024,Friday
ORD102280,2025-11-09,North,Online,Consumer,Rep_01,Home & Kitchen,Air Fryer,5,61.65,15.0,40.85,262.01,204.25,57.76,22.04,2025-11,2025,Sunday
ORD102054,2025-03-26,East,In-Store,Consumer,Rep_14,Electronics,Laptop Stand,1,189.65,0.0,110.42,189.65,110.42,79.23,41.78,2025-03,2025,Wednesday
ORD101681,2024-01-19,East,Marketplace,Consumer,Rep_14,Sports & Outdoors,Cycling Helmet,1,130.72,0.0,76.7,130.72,76.7,54.02,41.32,2024-01,2024,Friday
ORD100148,2025-08-07,West,Online,Small Business,Rep_06,Electronics,Laptop Stand,5,62.95,0.0,41.55,314.75,207.75,107.0,34.0,2025-08,2025,Thursday
ORD100303,2024-05-04,South,Online,Consumer,Rep_14,Sports & Outdoors,Cycling Helmet,1,89.4,0.0,49.32,89.4,49.32,40.08,44.83,2024-05,2024,Saturday
ORD102420,2025-06-17,North,In-Store,Consumer,Rep_01,Apparel,Running Shoes,3,114.33,0.0,52.38,342.99,157.14,185.85,54.19,2025-06,2025,Tuesday
ORD101017,2025-03-29,East,In-Store,Enterprise,Rep_03,Beauty,Perfume,3,60.0,0.0,28.86,180.0,86.58,93.42,51.9,2025-03,2025,Saturday
ORD101924,2024-06-18,West,In-Store,Small Business,Rep_06,Sports & Outdoors,Cycling Helmet,3,126.87,20.0,84.82,304.49,254.46,50.03,16.43,2024-06,2024,Tuesday
ORD101052,2025-05-14,South,Marketplace,Consumer,Rep_07,Electronics,Laptop Stand,6,148.7,0.0,78.57,892.2,471.42,420.78,47.16,2025-05,2025,Wednesday
ORD102440,2024-07-12,East,In-Store,Enterprise,Rep_09,Electronics,Smartwatch,1,202.92,5.0,127.73,192.77,127.73,65.04,33.74,2024-07,2024,Friday
ORD100365,2025-08-31,South,Marketplace,Consumer,Rep_11,Electronics,Smartwatch,1,181.21,0.0,111.85,181.21,111.85,69.36,38.28,2025-08,2025,Sunday
ORD100589,2025-11-19,South,Marketplace,Consumer,Rep_02,Sports & Outdoors,Cycling Helmet,3,113.5,10.0,59.47,306.45,178.41,128.04,41.78,2025-11,2025,Wednesday
ORD102101,2024-09-22,East,Online,Consumer,Rep_04,Apparel,Running Shoes,5,56.92,0.0,36.59,284.6,182.95,101.65,35.72,2024-09,2024,Sunday
ORD101904,2024-11-09,East,Online,Consumer,Rep_08,Beauty,Skincare Set,5,83.55,0.0,48.41,417.75,242.05,175.7,42.06,2024-11,2024,Saturday
ORD100162,2024-05-27,East,In-Store,Consumer,Rep_08,Beauty,Skincare Set,2,45.06,0.0,28.23,90.12,56.46,33.66,37.35,2024-05,2024,Monday
ORD100198,2024-11-19,East,Online,Consumer,Rep_01,Electronics,Bluetooth Speaker,4,96.05,0.0,65.11,384.2,260.44,123.76,32.21,2024-11,2024,Tuesday
ORD101794,2024-07-03,East,Online,Small Business,Rep_15,Apparel,Winter Coat,1,70.6,0.0,38.71,70.6,38.71,31.89,45.17,2024-07,2024,Wednesday
ORD101526,2025-10-30,North,In-Store,Consumer,Rep_15,Apparel,Winter Coat,4,27.33,0.0,18.37,109.32,73.48,35.84,32.78,2025-10,2025,Thursday
ORD101768,2024-03-02,North,Online,Consumer,Rep_15,Electronics,Wireless Earbuds,1,181.23,5.0,88.85,172.17,88.85,83.32,48.39,2024-03,2024,Saturday
ORD102613,2025-05-02,West,Online,Consumer,Rep_14,Home & Kitchen,Air Fryer,3,138.7,0.0,89.82,416.1,269.46,146.64,35.24,2025-05,2025,Friday
ORD100192,2024-05-16,West,Online,Consumer,Rep_03,Apparel,Denim Jacket,4,25.87,0.0,11.87,103.48,47.48,56.0,54.12,2024-05,2024,Thursday
ORD100404,2024-07-16,East,Marketplace,Consumer,Rep_10,Apparel,Winter Coat,8,66.88,0.0,41.12,535.04,328.96,206.08,38.52,2024-07,2024,Tuesday
ORD102372,2025-06-03,West,Marketplace,Consumer,Rep_14,Sports & Outdoors,Dumbbell Set,7,42.16,0.0,23.34,295.12,163.38,131.74,44.64,2025-06,2025,Tuesday
ORD100250,2024-08-23,West,Marketplace,Consumer,Rep_10,Beauty,Face Serum,1,15.62,0.0,9.94,15.62,9.94,5.68,36.36,2024-08,2024,Friday
ORD101182,2024-02-16,South,In-Store,Consumer,Rep_03,Sports & Outdoors,Yoga Mat,4,119.8,10.0,67.4,431.28,269.6,161.68,37.49,2024-02,2024,Friday
ORD101339,2025-08-10,West,Online,Consumer,Rep_13,Apparel,Yoga Pants,3,19.29,20.0,12.45,46.3,37.35,8.95,19.33,2025-08,2025,Sunday
ORD101280,2024-03-19,West,Online,Consumer,Rep_10,Sports & Outdoors,Dumbbell Set,5,76.89,10.0,40.0,346.0,200.0,146.0,42.2,2024-03,2024,Tuesday
ORD101031,2024-10-14,North,Marketplace,Consumer,Rep_05,Electronics,Smartwatch,3,215.01,0.0,103.67,645.03,311.01,334.02,51.78,2024-10,2024,Monday
ORD101632,2024-10-18,South,Marketplace,Small Business,Rep_03,Apparel,Running Shoes,1,66.83,0.0,44.46,66.83,44.46,22.37,33.47,2024-10,2024,Friday
ORD100791,2024-08-06,East,In-Store,Enterprise,Rep_10,Beauty,Hair Dryer,4,34.48,5.0,17.22,131.02,68.88,62.14,47.43,2024-08,2024,Tuesday
ORD100799,2024-11-18,South,Online,Consumer,Rep_03,Home & Kitchen,Cookware Set,6,70.02,10.0,37.45,378.11,224.7,153.41,40.57,2024-11,2024,Monday
ORD100384,2025-07-17,North,Online,Consumer,Rep_09,Home & Kitchen,Coffee Maker,2,63.47,0.0,39.0,126.94,78.0,48.94,38.55,2025-07,2025,Thursday
ORD100750,2025-12-18,North,Marketplace,Consumer,Rep_09,Sports & Outdoors,Camping Tent,4,36.74,0.0,21.58,146.96,86.32,60.64,41.26,2025-12,2025,Thursday
ORD101201,2024-08-07,East,Online,Consumer,Rep_10,Sports & Outdoors,Camping Tent,4,87.49,15.0,52.67,297.47,210.68,86.79,29.18,2024-08,2024,Wednesday
ORD100422,2025-05-03,South,Marketplace,Small Business,Rep_06,Electronics,Smartwatch,1,197.38,0.0,130.26,197.38,130.26,67.12,34.01,2025-05,2025,Saturday
ORD101864,2024-05-15,East,Marketplace,Consumer,Rep_08,Electronics,Laptop Stand,2,77.63,0.0,35.53,155.26,71.06,84.2,54.23,2024-05,2024,Wednesday
ORD100314,2024-03-29,South,Online,Consumer,Rep_08,Beauty,Makeup Kit,1,25.1,15.0,12.15,21.34,12.15,9.19,43.06,2024-03,2024,Friday
ORD101021,2024-12-19,West,Online,Small Business,Rep_08,Electronics,Smartwatch,6,105.46,0.0,67.22,632.76,403.32,229.44,36.26,2024-12,2024,Thursday
ORD101381,2025-04-29,South,Marketplace,Consumer,Rep_05,Home & Kitchen,Cookware Set,2,76.6,0.0,46.9,153.2,93.8,59.4,38.77,2025-04,2025,Tuesday
ORD101883,2025-08-28,North,Online,Consumer,Rep_03,Home & Kitchen,Air Fryer,2,36.17,0.0,20.88,72.34,41.76,30.58,42.27,2025-08,2025,Thursday
ORD102640,2025-04-08,West,In-Store,Small Business,Rep_02,Home & Kitchen,Air Fryer,2,86.46,0.0,51.12,172.92,102.24,70.68,40.87,2025-04,2025,Tuesday
ORD101322,2024-12-17,South,In-Store,Consumer,Rep_01,Apparel,Running Shoes,6,15.63,10.0,7.42,84.4,44.52,39.88,47.25,2024-12,2024,Tuesday
ORD101479,2025-07-12,North,Marketplace,Consumer,Rep_08,Sports & Outdoors,Camping Tent,6,98.14,0.0,56.37,588.84,338.22,250.62,42.56,2025-07,2025,Saturday
ORD100543,2025-02-12,South,In-Store,Consumer,Rep_11,Electronics,Bluetooth Speaker,5,36.59,0.0,19.09,182.95,95.45,87.5,47.83,2025-02,2025,Wednesday
ORD100913,2025-12-25,East,Online,Consumer,Rep_12,Apparel,Winter Coat,6,68.99,5.0,35.36,393.24,212.16,181.08,46.05,2025-12,2025,Thursday
ORD101928,2024-01-17,East,In-Store,Consumer,Rep_03,Home & Kitchen,Blender,3,99.64,5.0,46.65,283.97,139.95,144.02,50.72,2024-01,2024,Wednesday
ORD100662,2024-08-19,North,Online,Small Business,Rep_03,Electronics,Smartwatch,3,209.69,0.0,98.08,629.07,294.24,334.83,53.23,2024-08,2024,Monday
ORD102388,2024-10-21,South,In-Store,Small Business,Rep_05,Home & Kitchen,Coffee Maker,2,61.69,0.0,38.92,123.38,77.84,45.54,36.91,2024-10,2024,Monday
ORD101529,2025-11-16,East,Marketplace,Consumer,Rep_01,Electronics,Smartwatch,8,104.7,0.0,56.08,837.6,448.64,388.96,46.44,2025-11,2025,Sunday
ORD100902,2025-08-01,East,In-Store,Small Business,Rep_07,Home & Kitchen,Cookware Set,8,59.81,0.0,40.01,478.48,320.08,158.4,33.1,2025-08,2025,Friday
ORD102648,2024-10-16,West,In-Store,Small Business,Rep_12,Beauty,Hair Dryer,5,67.87,0.0,35.71,339.35,178.55,160.8,47.38,2024-10,2024,Wednesday
ORD100685,2025-05-25,North,Online,Small Business,Rep_06,Apparel,Running Shoes,5,92.71,15.0,63.0,394.02,315.0,79.02,20.05,2025-05,2025,Sunday
ORD101551,2024-08-20,West,Online,Consumer,Rep_02,Home & Kitchen,Blender,5,173.3,0.0,112.16,866.5,560.8,305.7,35.28,2024-08,2024,Tuesday
ORD100433,2024-04-27,West,Marketplace,Small Business,Rep_04,Home & Kitchen,Air Fryer,3,44.65,0.0,24.39,133.95,73.17,60.78,45.38,2024-04,2024,Saturday
ORD100159,2024-11-21,North,Online,Small Business,Rep_03,Home & Kitchen,Blender,7,54.66,0.0,29.04,382.62,203.28,179.34,46.87,2024-11,2024,Thursday
ORD100999,2024-06-24,North,Online,Consumer,Rep_05,Apparel,Yoga Pants,6,101.07,5.0,56.33,576.1,337.98,238.12,41.33,2024-06,2024,Monday
ORD101823,2025-04-11,East,In-Store,Consumer,Rep_10,Electronics,Wireless Earbuds,4,91.77,0.0,56.62,367.08,226.48,140.6,38.3,2025-04,2025,Friday
ORD102178,2024-07-21,North,Online,Enterprise,Rep_03,Home & Kitchen,Vacuum Cleaner,2,164.82,0.0,88.97,329.64,177.94,151.7,46.02,2024-07,2024,Sunday
ORD101384,2024-06-05,South,Online,Consumer,Rep_02,Electronics,Power Bank,1,75.81,15.0,44.44,64.44,44.44,20.0,31.04,2024-06,2024,Wednesday
ORD102519,2024-05-05,North,In-Store,Consumer,Rep_06,Beauty,Perfume,2,28.86,0.0,14.76,57.72,29.52,28.2,48.86,2024-05,2024,Sunday
ORD100202,2024-01-22,West,In-Store,Consumer,Rep_08,Apparel,Yoga Pants,3,116.98,0.0,76.0,350.94,228.0,122.94,35.03,2024-01,2024,Monday
ORD101023,2025-11-30,East,Marketplace,Consumer,Rep_15,Beauty,Hair Dryer,2,44.6,10.0,22.14,80.28,44.28,36.0,44.84,2025-11,2025,Sunday
ORD100842,2025-10-05,North,In-Store,Enterprise,Rep_08,Home & Kitchen,Coffee Maker,2,161.42,15.0,95.41,274.41,190.82,83.59,30.46,2025-10,2025,Sunday
ORD102437,2024-02-16,West,Marketplace,Consumer,Rep_06,Electronics,Smartwatch,3,78.79,5.0,49.46,224.55,148.38,76.17,33.92,2024-02,2024,Friday
ORD102067,2025-02-19,East,In-Store,Consumer,Rep_06,Sports & Outdoors,Dumbbell Set,3,94.69,0.0,48.18,284.07,144.54,139.53,49.12,2025-02,2025,Wednesday
ORD100112,2025-11-15,East,Online,Small Business,Rep_11,Home & Kitchen,Cookware Set,7,155.84,0.0,100.94,1090.88,706.58,384.3,35.23,2025-11,2025,Saturday
ORD102543,2024-09-25,North,Online,Consumer,Rep_13,Beauty,Hair Dryer,5,41.1,0.0,26.76,205.5,133.8,71.7,34.89,2024-09,2024,Wednesday
ORD101446,2025-05-19,East,In-Store,Consumer,Rep_02,Apparel,Denim Jacket,3,34.48,5.0,18.53,98.27,55.59,42.68,43.43,2025-05,2025,Monday
ORD101952,2024-03-19,North,Online,Consumer,Rep_07,Home & Kitchen,Cookware Set,4,172.0,15.0,103.69,584.8,414.76,170.04,29.08,2024-03,2024,Tuesday
ORD100922,2025-03-22,West,Marketplace,Consumer,Rep_14,Sports & Outdoors,Camping Tent,3,99.46,10.0,49.72,268.54,149.16,119.38,44.46,2025-03,2025,Saturday
ORD101624,2024-07-13,South,In-Store,Small Business,Rep_10,Home & Kitchen,Blender,1,142.22,0.0,88.94,142.22,88.94,53.28,37.46,2024-07,2024,Saturday
ORD102301,2025-10-01,East,Online,Consumer,Rep_02,Electronics,Wireless Earbuds,2,178.43,0.0,97.71,356.86,195.42,161.44,45.24,2025-10,2025,Wednesday
ORD101319,2025-11-03,North,Online,Consumer,Rep_07,Apparel,Running Shoes,5,67.1,0.0,36.28,335.5,181.4,154.1,45.93,2025-11,2025,Monday
ORD101663,2025-08-30,South,In-Store,Small Business,Rep_13,Sports & Outdoors,Dumbbell Set,2,134.17,0.0,72.15,268.34,144.3,124.04,46.22,2025-08,2025,Saturday
ORD100815,2025-05-19,North,Marketplace,Enterprise,Rep_13,Sports & Outdoors,Water Bottle,2,143.22,0.0,76.85,286.44,153.7,132.74,46.34,2025-05,2025,Monday
ORD101473,2025-07-25,North,In-Store,Consumer,Rep_13,Apparel,Running Shoes,1,79.78,0.0,44.98,79.78,44.98,34.8,43.62,2025-07,2025,Friday
ORD101773,2025-04-19,North,In-Store,Consumer,Rep_04,Home & Kitchen,Vacuum Cleaner,6,80.26,5.0,48.22,457.48,289.32,168.16,36.76,2025-04,2025,Saturday
ORD100679,2025-09-25,East,In-Store,Small Business,Rep_11,Sports & Outdoors,Water Bottle,2,28.32,0.0,16.99,56.64,33.98,22.66,40.01,2025-09,2025,Thursday
ORD102281,2025-08-14,South,In-Store,Consumer,Rep_10,Home & Kitchen,Coffee Maker,2,90.5,0.0,51.77,181.0,103.54,77.46,42.8,2025-08,2025,Thursday
ORD101093,2025-02-05,East,Online,Consumer,Rep_08,Electronics,Power Bank,2,48.94,0.0,29.25,97.88,58.5,39.38,40.23,2025-02,2025,Wednesday
ORD100080,2025-10-27,West,Online,Consumer,Rep_02,Electronics,Wireless Earbuds,2,135.65,20.0,63.98,217.04,127.96,89.08,41.04,2025-10,2025,Monday
ORD101950,2024-03-18,North,Online,Small Business,Rep_06,Apparel,Yoga Pants,2,66.08,0.0,36.53,132.16,73.06,59.1,44.72,2024-03,2024,Monday
ORD101239,2024-07-25,North,Online,Small Business,Rep_10,Apparel,Running Shoes,5,22.84,0.0,15.48,114.2,77.4,36.8,32.22,2024-07,2024,Thursday
ORD100329,2025-07-26,West,In-Store,Consumer,Rep_04,Home & Kitchen,Vacuum Cleaner,4,86.96,10.0,51.44,313.06,205.76,107.3,34.27,2025-07,2025,Saturday
ORD100242,2025-11-22,East,In-Store,Small Business,Rep_14,Electronics,Smartwatch,6,126.23,0.0,69.83,757.38,418.98,338.4,44.68,2025-11,2025,Saturday
ORD100641,2025-06-06,East,Online,Consumer,Rep_05,Sports & Outdoors,Camping Tent,4,46.98,5.0,23.47,178.52,93.88,84.64,47.41,2025-06,2025,Friday
ORD100696,2024-05-02,North,Online,Small Business,Rep_06,Beauty,Face Serum,3,89.28,0.0,59.8,267.84,179.4,88.44,33.02,2024-05,2024,Thursday
ORD100753,2025-10-30,West,Marketplace,Consumer,Rep_06,Electronics,Bluetooth Speaker,1,38.56,5.0,22.75,36.63,22.75,13.88,37.89,2025-10,2025,Thursday
ORD100435,2024-03-23,North,In-Store,Consumer,Rep_09,Beauty,Hair Dryer,6,48.41,0.0,24.73,290.46,148.38,142.08,48.92,2024-03,2024,Saturday
ORD101563,2024-06-20,West,Online,Consumer,Rep_06,Electronics,Bluetooth Speaker,4,77.17,0.0,36.15,308.68,144.6,164.08,53.16,2024-06,2024,Thursday
ORD101934,2025-06-11,East,Online,Consumer,Rep_04,Beauty,Hair Dryer,3,19.36,0.0,12.88,58.08,38.64,19.44,33.47,2025-06,2025,Wednesday
ORD102468,2025-11-18,North,Marketplace,Consumer,Rep_07,Sports & Outdoors,Water Bottle,5,23.98,10.0,11.11,107.91,55.55,52.36,48.52,2025-11,2025,Tuesday
ORD101712,2025-06-27,West,Marketplace,Consumer,Rep_14,Sports & Outdoors,Water Bottle,6,35.47,0.0,19.98,212.82,119.88,92.94,43.67,2025-06,2025,Friday
ORD100551,2025-01-19,North,Online,Consumer,Rep_14,Sports & Outdoors,Camping Tent,2,88.75,0.0,41.62,177.5,83.24,94.26,53.1,2025-01,2025,Sunday
ORD102324,2025-08-28,South,Marketplace,Enterprise,Rep_04,Sports & Outdoors,Yoga Mat,7,49.07,0.0,24.36,343.49,170.52,172.97,50.36,2025-08,2025,Thursday
ORD100601,2025-01-06,South,Marketplace,Consumer,Rep_14,Home & Kitchen,Air Fryer,4,50.2,15.0,27.11,170.68,108.44,62.24,36.47,2025-01,2025,Monday
ORD101964,2024-10-12,North,In-Store,Consumer,Rep_12,Sports & Outdoors,Water Bottle,1,119.43,0.0,61.26,119.43,61.26,58.17,48.71,2024-10,2024,Saturday
ORD101013,2024-03-11,East,In-Store,Consumer,Rep_05,Sports & Outdoors,Dumbbell Set,1,95.71,0.0,56.43,95.71,56.43,39.28,41.04,2024-03,2024,Monday
ORD102498,2025-02-13,East,In-Store,Consumer,Rep_06,Apparel,Winter Coat,4,41.0,0.0,23.44,164.0,93.76,70.24,42.83,2025-02,2025,Thursday
ORD101427,2025-07-21,North,In-Store,Consumer,Rep_08,Beauty,Makeup Kit,4,49.88,5.0,25.52,189.54,102.08,87.46,46.14,2025-07,2025,Monday
ORD102012,2024-07-05,North,Online,Enterprise,Rep_04,Electronics,Power Bank,4,93.31,0.0,42.91,373.24,171.64,201.6,54.01,2024-07,2024,Friday
ORD101386,2025-05-12,North,In-Store,Consumer,Rep_14,Sports & Outdoors,Dumbbell Set,1,54.94,0.0,30.67,54.94,30.67,24.27,44.18,2025-05,2025,Monday
ORD101295,2024-03-06,West,Online,Small Business,Rep_10,Home & Kitchen,Cookware Set,4,119.99,0.0,69.0,479.96,276.0,203.96,42.5,2024-03,2024,Wednesday
ORD100466,2024-03-28,South,Online,Enterprise,Rep_15,Electronics,Bluetooth Speaker,7,200.06,0.0,101.11,1400.42,707.77,692.65,49.46,2024-03,2024,Thursday
ORD101499,2025-04-16,South,In-Store,Consumer,Rep_13,Beauty,Face Serum,1,53.52,0.0,25.31,53.52,25.31,28.21,52.71,2025-04,2025,Wednesday
ORD102292,2024-10-11,North,Online,Small Business,Rep_13,Home & Kitchen,Air Fryer,6,31.8,10.0,16.32,171.72,97.92,73.8,42.98,2024-10,2024,Friday
ORD102647,2025-07-16,South,In-Store,Enterprise,Rep_07,Sports & Outdoors,Dumbbell Set,2,84.52,0.0,51.26,169.04,102.52,66.52,39.35,2025-07,2025,Wednesday
ORD100277,2024-10-17,East,Marketplace,Small Business,Rep_14,Sports & Outdoors,Water Bottle,1,79.77,0.0,53.42,79.77,53.42,26.35,33.03,2024-10,2024,Thursday
ORD101069,2024-11-27,West,Online,Enterprise,Rep_11,Home & Kitchen,Coffee Maker,10,130.14,15.0,65.03,1106.19,650.3,455.89,41.21,2024-11,2024,Wednesday
ORD101548,2025-08-03,West,Online,Consumer,Rep_02,Electronics,Bluetooth Speaker,6,55.89,0.0,27.55,335.34,165.3,170.04,50.71,2025-08,2025,Sunday
ORD101024,2024-11-26,South,Online,Consumer,Rep_12,Apparel,Winter Coat,6,92.54,0.0,56.75,555.24,340.5,214.74,38.68,2024-11,2024,Tuesday
ORD101465,2025-07-04,North,Online,Consumer,Rep_05,Home & Kitchen,Vacuum Cleaner,6,41.62,5.0,24.62,237.23,147.72,89.51,37.73,2025-07,2025,Friday
ORD100940,2025-01-11,East,In-Store,Small Business,Rep_12,Electronics,Bluetooth Speaker,6,149.66,0.0,96.72,897.96,580.32,317.64,35.37,2025-01,2025,Saturday
ORD101466,2025-10-28,North,Online,Consumer,Rep_15,Home & Kitchen,Coffee Maker,3,114.42,0.0,73.5,343.26,220.5,122.76,35.76,2025-10,2025,Tuesday
ORD101323,2024-05-02,North,Marketplace,Small Business,Rep_04,Apparel,Winter Coat,5,38.73,0.0,25.3,193.65,126.5,67.15,34.68,2024-05,2024,Thursday
ORD101399,2024-07-02,East,Online,Consumer,Rep_01,Sports & Outdoors,Camping Tent,3,12.87,5.0,6.0,36.68,18.0,18.68,50.93,2024-07,2024,Tuesday
ORD102207,2024-09-20,West,In-Store,Enterprise,Rep_03,Home & Kitchen,Air Fryer,2,32.09,0.0,18.16,64.18,36.32,27.86,43.41,2024-09,2024,Friday
ORD101449,2025-10-25,West,Online,Small Business,Rep_11,Beauty,Face Serum,1,69.87,10.0,33.88,62.88,33.88,29.0,46.12,2025-10,2025,Saturday
ORD100906,2024-08-04,North,In-Store,Consumer,Rep_12,Beauty,Hair Dryer,5,51.95,0.0,23.81,259.75,119.05,140.7,54.17,2024-08,2024,Sunday
ORD102389,2025-07-08,West,In-Store,Consumer,Rep_01,Apparel,Denim Jacket,3,328.33,5.0,25.26,935.74,75.78,859.96,91.9,2025-07,2025,Tuesday
ORD101895,2025-04-30,East,Marketplace,Small Business,Rep_11,Apparel,Running Shoes,1,77.59,0.0,44.26,77.59,44.26,33.33,42.96,2025-04,2025,Wednesday
ORD100388,2025-06-06,West,Online,Small Business,Rep_12,Electronics,Laptop Stand,4,118.01,10.0,54.08,424.84,216.32,208.52,49.08,2025-06,2025,Friday
ORD102070,2024-11-21,West,In-Store,Consumer,Rep_15,Apparel,Backpack,8,78.0,0.0,50.17,624.0,401.36,222.64,35.68,2024-11,2024,Thursday
ORD100880,2024-05-30,West,In-Store,Consumer,Rep_06,Home & Kitchen,Coffee Maker,1,26.3,0.0,13.67,26.3,13.67,12.63,48.02,2024-05,2024,Thursday
ORD102442,2025-04-25,West,In-Store,Small Business,Rep_06,Apparel,Running Shoes,1,64.63,15.0,42.83,54.94,42.83,12.11,22.04,2025-04,2025,Friday
ORD100050,2024-01-08,South,Online,Consumer,Rep_06,Sports & Outdoors,Cycling Helmet,1,143.78,5.0,93.84,136.59,93.84,42.75,31.3,2024-01,2024,Monday
ORD101887,2024-02-09,North,Online,Consumer,Rep_04,Electronics,Laptop Stand,1,35.46,0.0,22.13,35.46,22.13,13.33,37.59,2024-02,2024,Friday
ORD101702,2025-06-26,West,Online,Consumer,Rep_10,Apparel,Backpack,2,82.66,10.0,44.7,148.79,89.4,59.39,39.92,2025-06,2025,Thursday
ORD100133,2025-11-23,North,In-Store,Consumer,Rep_05,Home & Kitchen,Air Fryer,5,25.21,0.0,13.53,126.05,67.65,58.4,46.33,2025-11,2025,Sunday
ORD101105,2025-12-21,East,Online,Consumer,Rep_05,Home & Kitchen,Coffee Maker,7,130.26,5.0,75.06,866.23,525.42,340.81,39.34,2025-12,2025,Sunday
ORD100703,2024-11-05,North,In-Store,Consumer,Rep_12,Home & Kitchen,Cookware Set,7,135.09,10.0,76.82,851.07,537.74,313.33,36.82,2024-11,2024,Tuesday
ORD100482,2025-01-15,South,Online,Consumer,Rep_10,Apparel,Yoga Pants,2,51.68,5.0,28.19,98.19,56.38,41.81,42.58,2025-01,2025,Wednesday
ORD101145,2024-08-09,West,In-Store,Consumer,Rep_05,Electronics,Smartwatch,2,149.74,0.0,89.3,299.48,178.6,120.88,40.36,2024-08,2024,Friday
ORD102038,2024-04-03,North,Online,Consumer,Rep_08,Apparel,Winter Coat,1,43.82,5.0,23.88,41.63,23.88,17.75,42.64,2024-04,2024,Wednesday
ORD100066,2025-01-07,South,In-Store,Consumer,Rep_06,Electronics,Wireless Earbuds,3,185.51,5.0,94.46,528.7,283.38,245.32,46.4,2025-01,2025,Tuesday
ORD102352,2024-07-23,South,Online,Consumer,Rep_14,Beauty,Face Serum,4,20.35,0.0,12.21,81.4,48.84,32.56,40.0,2024-07,2024,Tuesday
ORD100907,2025-04-01,North,Marketplace,Consumer,Rep_06,Home & Kitchen,Blender,3,145.55,0.0,73.06,436.65,219.18,217.47,49.8,2025-04,2025,Tuesday
ORD100031,2025-08-26,North,Online,Small Business,Rep_08,Electronics,Power Bank,2,217.88,5.0,119.78,413.97,239.56,174.41,42.13,2025-08,2025,Tuesday
ORD102531,2025-05-30,North,Online,Consumer,Rep_08,Home & Kitchen,Air Fryer,1,51.35,15.0,32.07,43.65,32.07,11.58,26.53,2025-05,2025,Friday
ORD100010,2025-12-24,North,Online,Enterprise,Rep_03,Electronics,Laptop Stand,5,170.98,15.0,86.42,726.66,432.1,294.56,40.54,2025-12,2025,Wednesday
ORD100064,2024-06-26,East,Marketplace,Enterprise,Rep_01,Beauty,Makeup Kit,2,35.47,0.0,22.39,70.94,44.78,26.16,36.88,2024-06,2024,Wednesday
ORD100776,2025-03-18,South,Marketplace,Consumer,Rep_13,Electronics,Wireless Earbuds,1,103.67,5.0,68.97,98.49,68.97,29.52,29.97,2025-03,2025,Tuesday
ORD100077,2025-07-19,East,Online,Consumer,Rep_15,Apparel,Winter Coat,2,98.45,0.0,54.8,196.9,109.6,87.3,44.34,2025-07,2025,Saturday
ORD100491,2025-07-30,West,Online,Consumer,Rep_07,Home & Kitchen,Blender,2,37.67,0.0,25.2,75.34,50.4,24.94,33.1,2025-07,2025,Wednesday
ORD102113,2024-07-17,West,Online,Consumer,Rep_05,Apparel,Yoga Pants,4,20.32,0.0,13.66,81.28,54.64,26.64,32.78,2024-07,2024,Wednesday
ORD102465,2025-02-16,South,In-Store,Consumer,Rep_15,Apparel,Winter Coat,6,54.43,0.0,35.05,326.58,210.3,116.28,35.61,2025-02,2025,Sunday
ORD100591,2024-10-31,East,Online,Enterprise,Rep_06,Apparel,Denim Jacket,3,108.74,5.0,51.16,309.91,153.48,156.43,50.48,2024-10,2024,Thursday
ORD101285,2025-09-29,South,Marketplace,Consumer,Rep_13,Beauty,Perfume,2,19.48,5.0,10.05,37.01,20.1,16.91,45.69,2025-09,2025,Monday
ORD102241,2025-06-26,South,Online,Consumer,Rep_12,Sports & Outdoors,Camping Tent,6,108.6,0.0,57.92,651.6,347.52,304.08,46.67,2025-06,2025,Thursday
ORD100724,2025-04-09,South,Online,Consumer,Rep_12,Beauty,Skincare Set,7,12.58,10.0,7.35,79.25,51.45,27.8,35.08,2025-04,2025,Wednesday
ORD101212,2024-03-01,South,Online,Consumer,Rep_04,Home & Kitchen,Cookware Set,4,59.05,0.0,33.39,236.2,133.56,102.64,43.45,2024-03,2024,Friday
ORD102296,2024-10-10,East,Marketplace,Consumer,Rep_02,Apparel,Yoga Pants,4,97.0,0.0,60.94,388.0,243.76,144.24,37.18,2024-10,2024,Thursday
ORD101637,2024-11-25,South,Online,Consumer,Rep_13,Apparel,Running Shoes,7,94.96,0.0,51.42,664.72,359.94,304.78,45.85,2024-11,2024,Monday
ORD102549,2025-01-05,East,Online,Consumer,Rep_07,Apparel,Backpack,3,67.54,0.0,39.04,202.62,117.12,85.5,42.2,2025-01,2025,Sunday
ORD102622,2024-02-05,East,In-Store,Consumer,Rep_10,Beauty,Hair Dryer,1,52.54,0.0,25.31,52.54,25.31,27.23,51.83,2024-02,2024,Monday
ORD100982,2025-08-08,West,In-Store,Consumer,Rep_06,Electronics,Laptop Stand,6,208.25,0.0,116.4,1249.5,698.4,551.1,44.11,2025-08,2025,Friday
ORD100706,2025-08-03,North,Online,Enterprise,Rep_10,Electronics,Power Bank,5,144.44,0.0,91.89,722.2,459.45,262.75,36.38,2025-08,2025,Sunday
ORD101687,2025-08-10,North,Online,Small Business,Rep_08,Electronics,Power Bank,5,182.9,0.0,110.91,914.5,554.55,359.95,39.36,2025-08,2025,Sunday
ORD102335,2025-01-20,West,Marketplace,Consumer,Rep_11,Apparel,Backpack,3,71.02,0.0,39.83,213.06,119.49,93.57,43.92,2025-01,2025,Monday
ORD100273,2024-11-20,South,In-Store,Consumer,Rep_03,Apparel,Running Shoes,3,72.02,0.0,39.2,216.06,117.6,98.46,45.57,2024-11,2024,Wednesday
ORD101709,2025-06-21,East,Online,Consumer,Rep_11,Home & Kitchen,Coffee Maker,8,49.69,0.0,33.08,397.52,264.64,132.88,33.43,2025-06,2025,Saturday
ORD102445,2025-08-11,West,In-Store,Consumer,Rep_08,Home & Kitchen,Vacuum Cleaner,7,118.99,0.0,76.42,832.93,534.94,297.99,35.78,2025-08,2025,Monday
ORD100963,2025-10-07,North,Marketplace,Consumer,Rep_10,Electronics,Laptop Stand,8,30.03,5.0,18.1,228.23,144.8,83.43,36.56,2025-10,2025,Tuesday
ORD102236,2025-11-21,North,Marketplace,Consumer,Rep_14,Home & Kitchen,Cookware Set,1,127.31,0.0,74.68,127.31,74.68,52.63,41.34,2025-11,2025,Friday
ORD102548,2024-12-22,North,In-Store,Consumer,Rep_13,Home & Kitchen,Air Fryer,7,97.1,0.0,48.66,679.7,340.62,339.08,49.89,2024-12,2024,Sunday
ORD100373,2025-07-08,North,In-Store,Consumer,Rep_15,Beauty,Perfume,2,85.74,10.0,52.21,154.33,104.42,49.91,32.34,2025-07,2025,Tuesday
ORD102371,2025-03-15,North,Marketplace,Small Business,Rep_01,Home & Kitchen,Vacuum Cleaner,4,145.72,10.0,82.99,524.59,331.96,192.63,36.72,2025-03,2025,Saturday
ORD102276,2025-12-15,South,Online,Consumer,Rep_10,Apparel,Backpack,9,21.48,0.0,9.88,193.32,88.92,104.4,54.0,2025-12,2025,Monday
ORD101452,2025-04-10,West,In-Store,Consumer,Rep_09,Beauty,Makeup Kit,1,38.69,15.0,18.35,32.89,18.35,14.54,44.21,2025-04,2025,Thursday
ORD100149,2024-02-26,West,Marketplace,Consumer,Rep_07,Electronics,Bluetooth Speaker,3,155.14,10.0,99.05,418.88,297.15,121.73,29.06,2024-02,2024,Monday
ORD101757,2025-10-11,East,In-Store,Consumer,Rep_11,Home & Kitchen,Cookware Set,1,107.24,0.0,56.56,107.24,56.56,50.68,47.26,2025-10,2025,Saturday
ORD100218,2024-01-10,North,Online,Consumer,Rep_02,Home & Kitchen,Coffee Maker,2,144.54,0.0,70.28,289.08,140.56,148.52,51.38,2024-01,2024,Wednesday
ORD100239,2025-10-09,West,Online,Consumer,Rep_11,Sports & Outdoors,Cycling Helmet,3,16.31,0.0,8.98,48.93,26.94,21.99,44.94,2025-10,2025,Thursday
ORD101131,2024-06-16,West,Online,Small Business,Rep_03,Apparel,Yoga Pants,4,116.29,0.0,78.58,465.16,314.32,150.84,32.43,2024-06,2024,Sunday
ORD102413,2025-10-04,East,Online,Consumer,Rep_08,Apparel,Running Shoes,4,71.14,0.0,45.41,284.56,181.64,102.92,36.17,2025-10,2025,Saturday
ORD101253,2024-12-06,South,In-Store,Small Business,Rep_10,Home & Kitchen,Coffee Maker,5,83.67,0.0,48.04,418.35,240.2,178.15,42.58,2024-12,2024,Friday
ORD101053,2024-08-20,East,In-Store,Enterprise,Rep_05,Apparel,Winter Coat,1,92.83,20.0,57.06,74.26,57.06,17.2,23.16,2024-08,2024,Tuesday
ORD101668,2024-10-25,North,Online,Consumer,Rep_08,Sports & Outdoors,Water Bottle,1,33.23,5.0,15.07,31.57,15.07,16.5,52.26,2024-10,2024,Friday
ORD102265,2024-04-09,North,Online,Enterprise,Rep_10,Electronics,Smartwatch,3,133.36,0.0,66.72,400.08,200.16,199.92,49.97,2024-04,2024,Tuesday
ORD101357,2025-03-01,East,In-Store,Small Business,Rep_07,Home & Kitchen,Blender,1,70.6,15.0,32.49,60.01,32.49,27.52,45.86,2025-03,2025,Saturday
ORD100775,2025-01-07,North,Marketplace,Small Business,Rep_01,Electronics,Laptop Stand,5,177.71,0.0,83.72,888.55,418.6,469.95,52.89,2025-01,2025,Tuesday
ORD102338,2024-04-18,West,In-Store,Consumer,Rep_06,Electronics,Power Bank,4,67.15,20.0,38.33,214.88,153.32,61.56,28.65,2024-04,2024,Thursday
ORD100839,2025-10-27,North,Online,Consumer,Rep_10,Beauty,Skincare Set,4,21.33,0.0,13.46,85.32,53.84,31.48,36.9,2025-10,2025,Monday
ORD100627,2025-03-03,North,Online,Enterprise,Rep_03,Beauty,Face Serum,4,21.73,0.0,12.75,86.92,51.0,35.92,41.33,2025-03,2025,Monday
ORD100323,2024-01-01,West,Online,Consumer,Rep_10,Electronics,Bluetooth Speaker,2,155.72,5.0,75.67,295.87,151.34,144.53,48.85,2024-01,2024,Monday
ORD102631,2025-09-20,West,In-Store,Consumer,Rep_09,Electronics,Wireless Earbuds,4,96.6,5.0,44.68,367.08,178.72,188.36,51.31,2025-09,2025,Saturday
ORD101867,2024-10-12,North,In-Store,Small Business,Rep_03,Apparel,Backpack,1,36.16,15.0,17.07,30.74,17.07,13.67,44.47,2024-10,2024,Saturday
ORD101160,2025-02-21,East,Marketplace,Small Business,Rep_01,Beauty,Skincare Set,4,29.59,0.0,19.17,118.36,76.68,41.68,35.21,2025-02,2025,Friday
ORD101076,2024-05-27,South,Online,Small Business,Rep_01,Apparel,Winter Coat,3,38.88,0.0,22.87,116.64,68.61,48.03,41.18,2024-05,2024,Monday
ORD100437,2025-07-10,East,In-Store,Enterprise,Rep_07,Electronics,Bluetooth Speaker,2,190.41,0.0,123.8,380.82,247.6,133.22,34.98,2025-07,2025,Thursday
ORD100119,2024-02-07,West,Online,Consumer,Rep_08,Home & Kitchen,Coffee Maker,3,82.69,5.0,46.08,235.67,138.24,97.43,41.34,2024-02,2024,Wednesday
ORD102359,2024-12-07,West,Marketplace,Consumer,Rep_03,Home & Kitchen,Air Fryer,5,121.2,5.0,71.85,575.7,359.25,216.45,37.6,2024-12,2024,Saturday
ORD102200,2025-02-07,East,In-Store,Enterprise,Rep_11,Apparel,Denim Jacket,6,68.58,0.0,32.69,411.48,196.14,215.34,52.33,2025-02,2025,Friday
ORD101814,2025-09-22,East,In-Store,Small Business,Rep_13,Electronics,Laptop Stand,5,167.03,5.0,98.5,793.39,492.5,300.89,37.92,2025-09,2025,Monday
ORD101839,2024-02-20,East,Online,Consumer,Rep_03,Apparel,Running Shoes,1,87.83,10.0,54.28,79.05,54.28,24.77,31.33,2024-02,2024,Tuesday
ORD101026,2024-05-31,West,In-Store,Consumer,Rep_10,Electronics,Wireless Earbuds,2,93.58,10.0,50.8,168.44,101.6,66.84,39.68,2024-05,2024,Friday
ORD100076,2025-10-04,East,Online,Consumer,Rep_07,Home & Kitchen,Vacuum Cleaner,4,105.84,10.0,59.36,381.02,237.44,143.58,37.68,2025-10,2025,Saturday
ORD100900,2024-10-19,North,In-Store,Consumer,Rep_02,Beauty,Hair Dryer,3,73.84,15.0,46.4,188.29,139.2,49.09,26.07,2024-10,2024,Saturday
ORD100371,2025-04-11,South,Marketplace,Consumer,Rep_04,Home & Kitchen,Cookware Set,3,132.92,0.0,65.98,398.76,197.94,200.82,50.36,2025-04,2025,Friday
ORD101204,2025-12-14,West,Online,Consumer,Rep_01,Electronics,Wireless Earbuds,5,173.1,0.0,113.62,865.5,568.1,297.4,34.36,2025-12,2025,Sunday
ORD102271,2025-10-01,West,Online,Consumer,Rep_10,Electronics,Bluetooth Speaker,6,111.54,0.0,69.32,669.24,415.92,253.32,37.85,2025-10,2025,Wednesday
ORD100941,2024-11-15,West,Online,Small Business,Rep_07,Electronics,Smartwatch,2,121.47,0.0,69.6,242.94,139.2,103.74,42.7,2024-11,2024,Friday
ORD100552,2025-10-30,East,In-Store,Consumer,Rep_15,Sports & Outdoors,Camping Tent,5,115.31,15.0,75.36,490.07,376.8,113.27,23.11,2025-10,2025,Thursday
ORD100406,2025-10-12,West,In-Store,Consumer,Rep_11,Home & Kitchen,Coffee Maker,4,145.77,0.0,65.77,583.08,263.08,320.0,54.88,2025-10,2025,Sunday
ORD102117,2025-06-30,North,Online,Small Business,Rep_09,Apparel,Backpack,2,89.33,0.0,47.69,178.66,95.38,83.28,46.61,2025-06,2025,Monday
ORD101613,2025-09-29,East,Online,Consumer,Rep_15,Beauty,Hair Dryer,4,19.61,10.0,12.7,70.6,50.8,19.8,28.05,2025-09,2025,Monday
ORD100968,2024-03-05,South,Online,Consumer,Rep_12,Sports & Outdoors,Yoga Mat,3,102.32,0.0,58.78,306.96,176.34,130.62,42.55,2024-03,2024,Tuesday
ORD101746,2024-12-01,East,In-Store,Consumer,Rep_11,Apparel,Running Shoes,6,119.94,20.0,54.4,575.71,326.4,249.31,43.3,2024-12,2024,Sunday
ORD100689,2024-06-11,East,Online,Consumer,Rep_10,Electronics,Bluetooth Speaker,7,98.49,5.0,44.58,654.96,312.06,342.9,52.35,2024-06,2024,Tuesday
ORD101738,2025-11-09,North,Online,Consumer,Rep_10,Apparel,Running Shoes,11,52.53,0.0,27.55,577.83,303.05,274.78,47.55,2025-11,2025,Sunday
ORD100236,2024-03-18,West,In-Store,Consumer,Rep_03,Apparel,Denim Jacket,2,95.31,0.0,57.94,190.62,115.88,74.74,39.21,2024-03,2024,Monday
ORD102564,2025-02-02,East,Online,Consumer,Rep_13,Sports & Outdoors,Water Bottle,1,35.82,15.0,16.69,30.45,16.69,13.76,45.19,2025-02,2025,Sunday
ORD101986,2024-05-18,South,Online,Consumer,Rep_06,Electronics,Laptop Stand,2,49.55,0.0,24.24,99.1,48.48,50.62,51.08,2024-05,2024,Saturday
ORD101983,2024-02-21,East,Online,Consumer,Rep_08,Apparel,Yoga Pants,2,16.29,10.0,8.88,29.32,17.76,11.56,39.43,2024-02,2024,Wednesday
ORD100499,2024-09-25,South,In-Store,Consumer,Rep_09,Electronics,Smartwatch,2,190.44,10.0,105.69,342.79,211.38,131.41,38.34,2024-09,2024,Wednesday
ORD100822,2024-08-06,West,Online,Consumer,Unassigned,Apparel,Yoga Pants,4,48.48,5.0,29.85,184.22,119.4,64.82,35.19,2024-08,2024,Tuesday
ORD100794,2025-09-25,South,In-Store,Consumer,Rep_02,Apparel,Backpack,3,90.83,0.0,55.25,272.49,165.75,106.74,39.17,2025-09,2025,Thursday
ORD100990,2024-02-06,South,Online,Enterprise,Rep_05,Beauty,Hair Dryer,3,51.23,10.0,31.82,138.32,95.46,42.86,30.99,2024-02,2024,Tuesday
ORD100567,2025-03-06,East,Online,Small Business,Rep_01,Home & Kitchen,Vacuum Cleaner,4,32.24,5.0,19.65,122.51,78.6,43.91,35.84,2025-03,2025,Thursday
ORD100390,2024-09-26,South,Online,Small Business,Rep_09,Home & Kitchen,Blender,2,119.68,0.0,58.19,239.36,116.38,122.98,51.38,2024-09,2024,Thursday
ORD100743,2025-06-20,West,Online,Consumer,Rep_10,Electronics,Bluetooth Speaker,8,149.17,0.0,74.22,1193.36,593.76,599.6,50.24,2025-06,2025,Friday
ORD101217,2025-01-17,West,In-Store,Consumer,Unassigned,Apparel,Winter Coat,5,98.3,0.0,46.81,491.5,234.05,257.45,52.38,2025-01,2025,Friday
ORD100235,2025-11-24,East,Marketplace,Consumer,Rep_05,Beauty,Perfume,5,23.99,0.0,14.82,119.95,74.1,45.85,38.22,2025-11,2025,Monday
ORD102474,2024-02-25,East,Marketplace,Small Business,Rep_15,Home & Kitchen,Vacuum Cleaner,4,32.45,0.0,21.96,129.8,87.84,41.96,32.33,2024-02,2024,Sunday
ORD100480,2024-01-28,North,In-Store,Small Business,Rep_02,Home & Kitchen,Air Fryer,1,142.7,10.0,95.06,128.43,95.06,33.37,25.98,2024-01,2024,Sunday
ORD102042,2025-04-27,West,In-Store,Small Business,Rep_15,Sports & Outdoors,Yoga Mat,4,95.53,0.0,51.83,382.12,207.32,174.8,45.74,2025-04,2025,Sunday
ORD101677,2024-11-30,South,Online,Small Business,Rep_08,Electronics,Smartwatch,5,182.62,0.0,119.31,913.1,596.55,316.55,34.67,2024-11,2024,Saturday
ORD102455,2024-06-29,West,In-Store,Consumer,Rep_09,Sports & Outdoors,Water Bottle,5,91.56,0.0,43.4,457.8,217.0,240.8,52.6,2024-06,2024,Saturday
ORD102591,2025-02-01,North,Online,Small Business,Rep_07,Sports & Outdoors,Yoga Mat,2,47.44,0.0,23.62,94.88,47.24,47.64,50.21,2025-02,2025,Saturday
ORD102312,2024-04-09,West,Online,Consumer,Rep_10,Home & Kitchen,Coffee Maker,1,46.04,10.0,30.75,41.44,30.75,10.69,25.8,2024-04,2024,Tuesday
ORD102366,2024-05-23,South,Marketplace,Consumer,Rep_09,Sports & Outdoors,Camping Tent,2,61.63,5.0,41.01,117.1,82.02,35.08,29.96,2024-05,2024,Thursday
ORD100120,2025-04-21,East,Online,Enterprise,Rep_07,Sports & Outdoors,Camping Tent,5,115.1,20.0,60.84,460.4,304.2,156.2,33.93,2025-04,2025,Monday
ORD101272,2025-02-24,North,In-Store,Consumer,Rep_08,Electronics,Wireless Earbuds,3,105.78,0.0,70.47,317.34,211.41,105.93,33.38,2025-02,2025,Monday
ORD100926,2024-07-26,North,Online,Consumer,Rep_08,Apparel,Backpack,2,62.82,20.0,28.75,100.51,57.5,43.01,42.79,2024-07,2024,Friday
ORD101594,2024-03-10,North,Marketplace,Consumer,Rep_14,Home & Kitchen,Cookware Set,1,89.12,5.0,44.08,84.66,44.08,40.58,47.93,2024-03,2024,Sunday
ORD100223,2024-09-07,West,Online,Consumer,Rep_01,Home & Kitchen,Coffee Maker,1,166.34,20.0,107.35,133.07,107.35,25.72,19.33,2024-09,2024,Saturday
ORD100766,2024-01-22,East,Marketplace,Small Business,Rep_07,Home & Kitchen,Coffee Maker,4,152.47,15.0,94.1,518.4,376.4,142.0,27.39,2024-01,2024,Monday
ORD100613,2025-07-01,South,In-Store,Small Business,Rep_03,Beauty,Hair Dryer,5,47.87,0.0,31.72,239.35,158.6,80.75,33.74,2025-07,2025,Tuesday
ORD101245,2025-04-05,West,In-Store,Enterprise,Rep_14,Apparel,Backpack,2,23.14,5.0,14.92,43.97,29.84,14.13,32.14,2025-04,2025,Saturday
ORD101540,2025-09-05,East,In-Store,Consumer,Rep_14,Apparel,Denim Jacket,2,111.74,0.0,73.51,223.48,147.02,76.46,34.21,2025-09,2025,Friday
ORD100052,2024-08-08,West,Marketplace,Enterprise,Rep_09,Sports & Outdoors,Water Bottle,3,128.72,0.0,83.15,386.16,249.45,136.71,35.4,2024-08,2024,Thursday
ORD100529,2024-09-18,North,Online,Consumer,Rep_06,Apparel,Yoga Pants,2,101.1,0.0,50.67,202.2,101.34,100.86,49.88,2024-09,2024,Wednesday
ORD101899,2025-08-09,West,Online,Enterprise,Rep_01,Electronics,Wireless Earbuds,2,107.02,10.0,60.83,192.64,121.66,70.98,36.85,2025-08,2025,Saturday
ORD102633,2025-12-29,East,In-Store,Consumer,Rep_02,Apparel,Yoga Pants,3,60.84,15.0,29.05,155.14,87.15,67.99,43.82,2025-12,2025,Monday
ORD100818,2025-12-25,South,In-Store,Consumer,Rep_12,Electronics,Power Bank,8,128.16,0.0,69.56,1025.28,556.48,468.8,45.72,2025-12,2025,Thursday
ORD100155,2025-10-01,North,Online,Small Business,Rep_04,Sports & Outdoors,Yoga Mat,4,88.8,5.0,55.99,337.44,223.96,113.48,33.63,2025-10,2025,Wednesday
ORD102580,2025-12-15,North,Online,Enterprise,Rep_09,Sports & Outdoors,Dumbbell Set,2,112.98,0.0,59.8,225.96,119.6,106.36,47.07,2025-12,2025,Monday
ORD100248,2025-01-13,South,In-Store,Consumer,Rep_05,Home & Kitchen,Vacuum Cleaner,2,134.22,15.0,79.77,228.17,159.54,68.63,30.08,2025-01,2025,Monday
ORD101894,2024-10-27,West,Online,Small Business,Rep_15,Electronics,Laptop Stand,3,55.43,0.0,26.85,166.29,80.55,85.74,51.56,2024-10,2024,Sunday
ORD102029,2025-03-20,East,In-Store,Consumer,Rep_14,Electronics,Power Bank,5,35.82,0.0,16.94,179.1,84.7,94.4,52.71,2025-03,2025,Thursday
ORD101130,2024-03-08,West,Online,Consumer,Rep_10,Home & Kitchen,Coffee Maker,4,131.39,10.0,79.73,473.0,318.92,154.08,32.58,2024-03,2024,Friday
ORD100542,2025-02-02,South,In-Store,Consumer,Rep_11,Sports & Outdoors,Water Bottle,2,134.39,5.0,69.21,255.34,138.42,116.92,45.79,2025-02,2025,Sunday
ORD100793,2025-06-23,South,Online,Enterprise,Rep_06,Electronics,Wireless Earbuds,10,119.2,0.0,68.73,1192.0,687.3,504.7,42.34,2025-06,2025,Monday
ORD101725,2024-12-02,South,In-Store,Small Business,Rep_08,Home & Kitchen,Blender,8,118.43,10.0,53.89,852.7,431.12,421.58,49.44,2024-12,2024,Monday
ORD100628,2024-04-17,East,Online,Consumer,Rep_09,Apparel,Running Shoes,1,76.45,5.0,47.18,72.63,47.18,25.45,35.04,2024-04,2024,Wednesday
ORD102198,2025-06-02,North,Online,Small Business,Rep_07,Apparel,Backpack,2,96.04,0.0,55.61,192.08,111.22,80.86,42.1,2025-06,2025,Monday
ORD102422,2024-07-17,West,In-Store,Consumer,Rep_11,Sports & Outdoors,Yoga Mat,5,72.16,0.0,38.81,360.8,194.05,166.75,46.22,2024-07,2024,Wednesday
ORD102554,2024-11-27,East,Online,Small Business,Rep_01,Sports & Outdoors,Yoga Mat,4,77.37,5.0,49.23,294.01,196.92,97.09,33.02,2024-11,2024,Wednesday
ORD101367,2025-01-14,South,In-Store,Small Business,Rep_15,Beauty,Makeup Kit,3,64.48,0.0,38.25,193.44,114.75,78.69,40.68,2025-01,2025,Tuesday
ORD101620,2025-07-07,West,In-Store,Consumer,Rep_07,Electronics,Bluetooth Speaker,4,100.35,5.0,56.69,381.33,226.76,154.57,40.53,2025-07,2025,Monday
ORD102500,2025-12-25,North,In-Store,Small Business,Rep_05,Apparel,Yoga Pants,5,69.12,0.0,31.98,345.6,159.9,185.7,53.73,2025-12,2025,Thursday
ORD101071,2025-08-26,South,Online,Small Business,Rep_06,Home & Kitchen,Blender,5,62.86,15.0,36.5,267.16,182.5,84.66,31.69,2025-08,2025,Tuesday
ORD100554,2024-04-26,North,In-Store,Consumer,Rep_08,Home & Kitchen,Blender,1,77.69,0.0,36.49,77.69,36.49,41.2,53.03,2024-04,2024,Friday
ORD101828,2025-12-25,North,Marketplace,Small Business,Rep_15,Home & Kitchen,Cookware Set,5,48.05,0.0,25.38,240.25,126.9,113.35,47.18,2025-12,2025,Thursday
ORD100826,2025-03-08,South,In-Store,Consumer,Rep_02,Electronics,Laptop Stand,1,25.84,15.0,17.27,21.96,17.27,4.69,21.36,2025-03,2025,Saturday
ORD101984,2024-08-10,North,Marketplace,Consumer,Rep_04,Apparel,Yoga Pants,4,21.04,5.0,13.86,79.95,55.44,24.51,30.66,2024-08,2024,Saturday
ORD101837,2025-03-22,North,Marketplace,Consumer,Rep_05,Apparel,Denim Jacket,5,102.88,20.0,53.39,411.52,266.95,144.57,35.13,2025-03,2025,Saturday
ORD100535,2025-03-22,South,In-Store,Consumer,Rep_08,Sports & Outdoors,Yoga Mat,6,116.0,0.0,59.1,696.0,354.6,341.4,49.05,2025-03,2025,Saturday
ORD102394,2025-03-28,North,Online,Consumer,Rep_02,Electronics,Power Bank,3,40.83,10.0,27.1,110.24,81.3,28.94,26.25,2025-03,2025,Friday
ORD100154,2025-06-25,East,Marketplace,Consumer,Rep_01,Home & Kitchen,Cookware Set,9,159.98,0.0,95.64,1439.82,860.76,579.06,40.22,2025-06,2025,Wednesday
ORD102310,2025-12-21,West,Marketplace,Consumer,Rep_14,Sports & Outdoors,Dumbbell Set,6,66.73,0.0,41.46,400.38,248.76,151.62,37.87,2025-12,2025,Sunday
ORD102522,2024-07-24,East,Online,Small Business,Rep_05,Home & Kitchen,Cookware Set,1,52.74,20.0,25.64,42.19,25.64,16.55,39.23,2024-07,2024,Wednesday
ORD100322,2024-10-28,South,In-Store,Consumer,Rep_12,Beauty,Skincare Set,5,57.99,0.0,30.77,289.95,153.85,136.1,46.94,2024-10,2024,Monday
ORD101710,2024-03-21,East,Online,Consumer,Rep_12,Electronics,Power Bank,4,147.31,0.0,97.55,589.24,390.2,199.04,33.78,2024-03,2024,Thursday
ORD100014,2024-07-01,East,In-Store,Small Business,Rep_12,Electronics,Power Bank,2,105.45,5.0,67.26,200.36,134.52,65.84,32.86,2024-07,2024,Monday
ORD101798,2025-11-15,East,Online,Enterprise,Rep_04,Home & Kitchen,Blender,6,83.49,0.0,51.8,500.94,310.8,190.14,37.96,2025-11,2025,Saturday
ORD102525,2025-08-29,South,In-Store,Consumer,Rep_01,Electronics,Wireless Earbuds,4,60.31,0.0,37.82,241.24,151.28,89.96,37.29,2025-08,2025,Friday
ORD100082,2025-06-12,South,Marketplace,Consumer,Rep_02,Beauty,Face Serum,3,27.5,0.0,12.78,82.5,38.34,44.16,53.53,2025-06,2025,Thursday
ORD101943,2025-10-19,East,Online,Enterprise,Rep_09,Electronics,Laptop Stand,1,148.93,0.0,96.8,148.93,96.8,52.13,35.0,2025-10,2025,Sunday
ORD101988,2025-07-19,East,In-Store,Small Business,Rep_14,Apparel,Denim Jacket,5,39.59,5.0,20.8,188.05,104.0,84.05,44.7,2025-07,2025,Saturday
ORD101383,2025-01-11,North,Online,Small Business,Rep_09,Apparel,Yoga Pants,2,69.29,20.0,33.26,110.86,66.52,44.34,40.0,2025-01,2025,Saturday
ORD101574,2025-12-25,West,Online,Consumer,Rep_13,Apparel,Denim Jacket,6,59.63,0.0,27.29,357.78,163.74,194.04,54.23,2025-12,2025,Thursday
ORD102058,2025-11-24,East,Marketplace,Small Business,Rep_01,Sports & Outdoors,Yoga Mat,7,110.61,0.0,62.65,774.27,438.55,335.72,43.36,2025-11,2025,Monday
ORD101494,2025-01-21,East,Online,Consumer,Rep_03,Electronics,Power Bank,4,95.48,0.0,49.72,381.92,198.88,183.04,47.93,2025-01,2025,Tuesday
ORD100831,2025-03-29,North,Online,Consumer,Rep_10,Electronics,Wireless Earbuds,3,49.04,0.0,26.45,147.12,79.35,67.77,46.06,2025-03,2025,Saturday
ORD102080,2025-10-09,South,Online,Enterprise,Rep_12,Sports & Outdoors,Dumbbell Set,1,131.24,0.0,61.92,131.24,61.92,69.32,52.82,2025-10,2025,Thursday
ORD101174,2025-09-20,West,Marketplace,Consumer,Rep_13,Home & Kitchen,Cookware Set,2,36.22,0.0,20.32,72.44,40.64,31.8,43.9,2025-09,2025,Saturday
ORD100413,2025-04-06,South,Online,Consumer,Rep_01,Electronics,Power Bank,3,37.15,5.0,21.26,105.88,63.78,42.1,39.76,2025-04,2025,Sunday
ORD101817,2025-05-22,West,Marketplace,Consumer,Rep_13,Electronics,Power Bank,4,207.37,0.0,103.6,829.48,414.4,415.08,50.04,2025-05,2025,Thursday
ORD100165,2025-03-29,East,Online,Consumer,Rep_05,Apparel,Denim Jacket,5,28.32,0.0,15.48,141.6,77.4,64.2,45.34,2025-03,2025,Saturday
ORD102610,2024-12-25,North,Online,Small Business,Rep_11,Sports & Outdoors,Cycling Helmet,8,105.79,0.0,50.06,846.32,400.48,445.84,52.68,2024-12,2024,Wednesday
ORD102624,2025-06-15,West,In-Store,Consumer,Rep_10,Beauty,Skincare Set,3,24.74,0.0,13.06,74.22,39.18,35.04,47.21,2025-06,2025,Sunday
ORD100614,2024-05-23,North,In-Store,Enterprise,Rep_04,Sports & Outdoors,Camping Tent,3,83.57,0.0,53.59,250.71,160.77,89.94,35.87,2024-05,2024,Thursday
ORD101014,2025-04-10,East,Online,Consumer,Rep_11,Electronics,Laptop Stand,3,168.41,0.0,93.42,505.23,280.26,224.97,44.53,2025-04,2025,Thursday
ORD102137,2025-06-23,East,Online,Enterprise,Rep_10,Sports & Outdoors,Yoga Mat,7,25.98,15.0,15.84,154.58,110.88,43.7,28.27,2025-06,2025,Monday
ORD102464,2024-10-26,East,Online,Small Business,Rep_09,Apparel,Backpack,2,20.86,0.0,10.05,41.72,20.1,21.62,51.82,2024-10,2024,Saturday
ORD101237,2024-02-24,East,Marketplace,Small Business,Rep_08,Home & Kitchen,Vacuum Cleaner,5,123.27,20.0,82.36,493.08,411.8,81.28,16.48,2024-02,2024,Saturday
ORD102181,2025-10-09,South,In-Store,Consumer,Rep_12,Sports & Outdoors,Yoga Mat,7,67.41,0.0,44.2,471.87,309.4,162.47,34.43,2025-10,2025,Thursday
ORD100555,2025-11-12,North,In-Store,Consumer,Rep_08,Apparel,Running Shoes,7,116.04,0.0,68.17,812.28,477.19,335.09,41.25,2025-11,2025,Wednesday
ORD101211,2024-05-26,South,Online,Consumer,Rep_15,Home & Kitchen,Vacuum Cleaner,3,109.54,5.0,50.03,312.19,150.09,162.1,51.92,2024-05,2024,Sunday
ORD102499,2025-11-12,North,In-Store,Small Business,Rep_02,Beauty,Makeup Kit,7,12.31,5.0,8.24,81.86,57.68,24.18,29.54,2025-11,2025,Wednesday
ORD100634,2025-01-27,South,Online,Consumer,Rep_12,Home & Kitchen,Coffee Maker,7,149.52,0.0,89.74,1046.64,628.18,418.46,39.98,2025-01,2025,Monday
ORD101055,2025-10-29,West,Online,Consumer,Rep_13,Apparel,Denim Jacket,3,57.87,0.0,27.38,173.61,82.14,91.47,52.69,2025-10,2025,Wednesday
ORD101708,2024-01-14,South,In-Store,Consumer,Rep_03,Electronics,Bluetooth Speaker,1,132.02,15.0,70.95,112.22,70.95,41.27,36.78,2024-01,2024,Sunday
ORD100796,2024-09-27,West,Online,Consumer,Rep_13,Apparel,Running Shoes,2,83.11,0.0,41.94,166.22,83.88,82.34,49.54,2024-09,2024,Friday
ORD102477,2024-11-02,East,Online,Consumer,Rep_09,Home & Kitchen,Vacuum Cleaner,3,164.54,0.0,75.11,493.62,225.33,268.29,54.35,2024-11,2024,Saturday
ORD100174,2024-04-04,North,Online,Small Business,Rep_14,Apparel,Winter Coat,5,61.98,0.0,39.05,309.9,195.25,114.65,37.0,2024-04,2024,Thursday
ORD100245,2024-07-05,East,In-Store,Consumer,Rep_08,Beauty,Face Serum,1,74.02,0.0,47.71,74.02,47.71,26.31,35.54,2024-07,2024,Friday
ORD101080,2025-12-10,North,In-Store,Consumer,Rep_11,Beauty,Makeup Kit,4,27.89,10.0,17.61,100.4,70.44,29.96,29.84,2025-12,2025,Wednesday
ORD101654,2025-04-05,East,Online,Consumer,Rep_04,Beauty,Skincare Set,3,21.92,0.0,12.18,65.76,36.54,29.22,44.43,2025-04,2025,Saturday
ORD100103,2025-09-17,North,Online,Consumer,Rep_11,Apparel,Yoga Pants,7,61.3,0.0,36.07,429.1,252.49,176.61,41.16,2025-09,2025,Wednesday
ORD100144,2025-10-04,North,Online,Consumer,Rep_05,Home & Kitchen,Blender,4,56.27,15.0,37.0,191.32,148.0,43.32,22.64,2025-10,2025,Saturday
ORD100145,2025-09-02,East,In-Store,Small Business,Rep_10,Beauty,Hair Dryer,1,72.52,0.0,41.09,72.52,41.09,31.43,43.34,2025-09,2025,Tuesday
ORD100090,2025-02-27,South,In-Store,Consumer,Rep_10,Apparel,Yoga Pants,4,98.27,0.0,65.44,393.08,261.76,131.32,33.41,2025-02,2025,Thursday
ORD100682,2025-12-24,South,In-Store,Small Business,Rep_01,Electronics,Bluetooth Speaker,5,146.23,0.0,97.26,731.15,486.3,244.85,33.49,2025-12,2025,Wednesday
ORD100310,2024-07-23,East,Marketplace,Consumer,Rep_14,Beauty,Perfume,6,33.85,5.0,22.27,192.95,133.62,59.33,30.75,2024-07,2024,Tuesday
ORD100093,2025-12-05,East,In-Store,Consumer,Rep_04,Electronics,Bluetooth Speaker,9,102.07,5.0,63.65,872.7,572.85,299.85,34.36,2025-12,2025,Friday
ORD102369,2024-06-01,South,Online,Consumer,Rep_02,Home & Kitchen,Air Fryer,3,166.85,5.0,86.69,475.52,260.07,215.45,45.31,2024-06,2024,Saturday
ORD101956,2025-01-22,North,In-Store,Consumer,Rep_14,Sports & Outdoors,Cycling Helmet,3,84.69,5.0,44.86,241.37,134.58,106.79,44.24,2025-01,2025,Wednesday
ORD100924,2024-06-28,West,In-Store,Small Business,Rep_05,Electronics,Bluetooth Speaker,1,103.9,0.0,52.65,103.9,52.65,51.25,49.33,2024-06,2024,Friday
ORD101909,2025-04-09,North,Online,Consumer,Rep_02,Home & Kitchen,Vacuum Cleaner,6,105.4,5.0,58.15,600.78,348.9,251.88,41.93,2025-04,2025,Wednesday
ORD101035,2025-04-04,North,In-Store,Consumer,Rep_02,Sports & Outdoors,Dumbbell Set,3,52.26,10.0,33.33,141.1,99.99,41.11,29.14,2025-04,2025,Friday
ORD101400,2024-11-20,North,Online,Consumer,Rep_09,Beauty,Perfume,3,37.6,0.0,24.5,112.8,73.5,39.3,34.84,2024-11,2024,Wednesday
ORD102291,2024-11-16,North,Online,Consumer,Rep_08,Home & Kitchen,Blender,3,167.36,0.0,88.63,502.08,265.89,236.19,47.04,2024-11,2024,Saturday
ORD101500,2024-02-17,South,In-Store,Small Business,Rep_01,Home & Kitchen,Air Fryer,3,100.46,15.0,46.19,256.17,138.57,117.6,45.91,2024-02,2024,Saturday
ORD102262,2024-02-06,North,Marketplace,Consumer,Rep_04,Electronics,Smartwatch,2,207.49,15.0,130.02,352.73,260.04,92.69,26.28,2024-02,2024,Tuesday
ORD101468,2025-08-19,East,Online,Consumer,Rep_08,Apparel,Winter Coat,2,27.82,0.0,16.44,55.64,32.88,22.76,40.91,2025-08,2025,Tuesday
ORD100998,2024-02-03,South,In-Store,Consumer,Rep_07,Electronics,Laptop Stand,6,76.2,0.0,46.76,457.2,280.56,176.64,38.64,2024-02,2024,Saturday
ORD100853,2025-04-24,East,In-Store,Consumer,Rep_01,Apparel,Winter Coat,3,38.68,15.0,21.78,98.63,65.34,33.29,33.75,2025-04,2025,Thursday
ORD102204,2024-10-09,East,In-Store,Consumer,Rep_02,Home & Kitchen,Coffee Maker,1,75.38,0.0,43.31,75.38,43.31,32.07,42.54,2024-10,2024,Wednesday
ORD101142,2024-06-02,North,Marketplace,Consumer,Rep_05,Home & Kitchen,Cookware Set,6,30.73,5.0,13.86,175.16,83.16,92.0,52.52,2024-06,2024,Sunday
ORD101143,2024-06-03,North,In-Store,Small Business,Rep_10,Electronics,Power Bank,3,37.42,0.0,18.92,112.26,56.76,55.5,49.44,2024-06,2024,Monday
ORD102274,2024-05-05,East,In-Store,Small Business,Rep_02,Home & Kitchen,Cookware Set,7,75.79,0.0,41.11,530.53,287.77,242.76,45.76,2024-05,2024,Sunday
ORD102048,2024-12-17,North,Online,Consumer,Rep_04,Apparel,Winter Coat,2,99.17,0.0,65.67,198.34,131.34,67.0,33.78,2024-12,2024,Tuesday
ORD100401,2024-02-01,North,In-Store,Consumer,Rep_02,Apparel,Backpack,4,115.49,0.0,56.07,461.96,224.28,237.68,51.45,2024-02,2024,Thursday
ORD101103,2024-12-12,East,Online,Consumer,Rep_09,Apparel,Yoga Pants,5,34.07,0.0,15.44,170.35,77.2,93.15,54.68,2024-12,2024,Thursday
ORD100084,2025-03-29,West,In-Store,Consumer,Rep_10,Home & Kitchen,Vacuum Cleaner,2,127.66,0.0,72.06,255.32,144.12,111.2,43.55,2025-03,2025,Saturday
ORD102210,2024-10-14,South,Online,Consumer,Rep_08,Home & Kitchen,Blender,7,50.71,0.0,23.05,354.97,161.35,193.62,54.55,2024-10,2024,Monday
ORD102586,2024-02-26,West,Online,Small Business,Rep_06,Home & Kitchen,Air Fryer,2,35.75,20.0,17.5,57.2,35.0,22.2,38.81,2024-02,2024,Monday
ORD100114,2024-04-12,West,In-Store,Small Business,Rep_01,Home & Kitchen,Coffee Maker,1,124.13,5.0,57.21,117.92,57.21,60.71,51.48,2024-04,2024,Friday
ORD102339,2025-12-29,West,Marketplace,Consumer,Rep_08,Beauty,Skincare Set,4,86.55,0.0,53.75,346.2,215.0,131.2,37.9,2025-12,2025,Monday
ORD101585,2025-06-14,North,Online,Consumer,Rep_03,Electronics,Wireless Earbuds,2,38.39,0.0,19.96,76.78,39.92,36.86,48.01,2025-06,2025,Saturday
ORD101567,2024-01-11,West,In-Store,Enterprise,Rep_14,Electronics,Laptop Stand,4,197.08,0.0,127.01,788.32,508.04,280.28,35.55,2024-01,2024,Thursday
ORD101501,2025-11-06,North,Online,Consumer,Rep_10,Sports & Outdoors,Yoga Mat,4,148.5,0.0,89.95,594.0,359.8,234.2,39.43,2025-11,2025,Thursday
ORD101660,2025-02-15,South,Marketplace,Consumer,Rep_04,Home & Kitchen,Blender,6,101.61,0.0,51.48,609.66,308.88,300.78,49.34,2025-02,2025,Saturday
ORD101556,2024-03-29,North,In-Store,Consumer,Rep_05,Apparel,Winter Coat,3,18.73,20.0,9.63,44.95,28.89,16.06,35.73,2024-03,2024,Friday
ORD102007,2025-03-29,North,Online,Small Business,Rep_06,Electronics,Bluetooth Speaker,4,152.01,0.0,68.59,608.04,274.36,333.68,54.88,2025-03,2025,Saturday
ORD100625,2024-10-03,East,Online,Small Business,Rep_03,Beauty,Makeup Kit,3,24.82,0.0,13.62,74.46,40.86,33.6,45.12,2024-10,2024,Thursday
ORD101885,2024-01-23,East,In-Store,Enterprise,Unassigned,Sports & Outdoors,Cycling Helmet,3,137.23,0.0,66.23,411.69,198.69,213.0,51.74,2024-01,2024,Tuesday
ORD101866,2024-12-18,North,Marketplace,Small Business,Rep_02,Beauty,Hair Dryer,5,20.31,0.0,9.72,101.55,48.6,52.95,52.14,2024-12,2024,Wednesday
ORD100952,2024-12-28,South,In-Store,Consumer,Rep_11,Apparel,Yoga Pants,2,78.91,0.0,35.9,157.82,71.8,86.02,54.51,2024-12,2024,Saturday
ORD100624,2025-01-26,South,Online,Small Business,Rep_10,Apparel,Denim Jacket,4,17.9,0.0,9.15,71.6,36.6,35.0,48.88,2025-01,2025,Sunday
ORD100234,2025-01-16,North,Online,Small Business,Rep_07,Home & Kitchen,Coffee Maker,6,107.55,0.0,51.34,645.3,308.04,337.26,52.26,2025-01,2025,Thursday
ORD102183,2025-03-20,West,In-Store,Enterprise,Rep_01,Sports & Outdoors,Camping Tent,2,118.36,0.0,70.89,236.72,141.78,94.94,40.11,2025-03,2025,Thursday
ORD102034,2025-11-25,North,In-Store,Consumer,Rep_09,Electronics,Smartwatch,4,158.83,0.0,99.95,635.32,399.8,235.52,37.07,2025-11,2025,Tuesday
ORD101826,2024-11-25,East,Online,Consumer,Rep_02,Beauty,Perfume,5,64.75,0.0,31.63,323.75,158.15,165.6,51.15,2024-11,2024,Monday
ORD102546,2025-07-28,South,In-Store,Consumer,Rep_10,Beauty,Hair Dryer,8,75.87,10.0,35.81,546.26,286.48,259.78,47.56,2025-07,2025,Monday
ORD101314,2024-10-08,West,Marketplace,Consumer,Rep_05,Home & Kitchen,Blender,1,100.49,10.0,52.31,90.44,52.31,38.13,42.16,2024-10,2024,Tuesday
ORD101525,2024-12-02,North,Online,Consumer,Rep_01,Sports & Outdoors,Yoga Mat,9,141.83,0.0,84.18,1276.47,757.62,518.85,40.65,2024-12,2024,Monday
ORD101562,2024-06-24,North,Online,Consumer,Rep_15,Home & Kitchen,Air Fryer,6,78.77,0.0,40.79,472.62,244.74,227.88,48.22,2024-06,2024,Monday
ORD101752,2024-09-13,West,Marketplace,Small Business,Rep_10,Electronics,Wireless Earbuds,4,186.98,5.0,107.02,710.52,428.08,282.44,39.75,2024-09,2024,Friday
ORD101605,2024-06-10,South,In-Store,Consumer,Rep_05,Beauty,Face Serum,6,58.66,0.0,33.96,351.96,203.76,148.2,42.11,2024-06,2024,Monday
ORD100343,2024-01-31,North,Marketplace,Consumer,Rep_08,Sports & Outdoors,Dumbbell Set,2,99.69,20.0,47.26,159.5,94.52,64.98,40.74,2024-01,2024,Wednesday
ORD102226,2025-07-14,North,In-Store,Consumer,Rep_01,Apparel,Yoga Pants,5,73.96,5.0,37.57,351.31,187.85,163.46,46.53,2025-07,2025,Monday
ORD100996,2024-02-08,East,In-Store,Consumer,Rep_11,Electronics,Laptop Stand,1,45.85,10.0,26.64,41.26,26.64,14.62,35.43,2024-02,2024,Thursday
ORD102062,2024-09-11,South,Marketplace,Consumer,Rep_09,Beauty,Makeup Kit,2,65.35,0.0,29.99,130.7,59.98,70.72,54.11,2024-09,2024,Wednesday
ORD101110,2024-09-11,North,In-Store,Consumer,Rep_10,Home & Kitchen,Air Fryer,1,104.98,5.0,64.24,99.73,64.24,35.49,35.59,2024-09,2024,Wednesday
ORD102213,2025-04-28,East,Online,Small Business,Rep_08,Beauty,Makeup Kit,3,89.3,0.0,52.05,267.9,156.15,111.75,41.71,2025-04,2025,Monday
ORD101359,2024-04-15,East,Online,Consumer,Rep_06,Home & Kitchen,Blender,2,155.39,0.0,77.62,310.78,155.24,155.54,50.05,2024-04,2024,Monday
ORD102107,2025-11-02,North,Marketplace,Small Business,Rep_14,Beauty,Skincare Set,8,31.01,0.0,18.09,248.08,144.72,103.36,41.66,2025-11,2025,Sunday
ORD100709,2025-07-02,South,Online,Consumer,Rep_13,Apparel,Backpack,3,87.58,0.0,49.68,262.74,149.04,113.7,43.27,2025-07,2025,Wednesday
ORD101878,2024-06-16,West,Online,Consumer,Rep_10,Electronics,Power Bank,2,68.42,0.0,32.56,136.84,65.12,71.72,52.41,2024-06,2024,Sunday
ORD101378,2025-08-27,East,Marketplace,Consumer,Rep_04,Apparel,Denim Jacket,1,77.78,0.0,49.28,77.78,49.28,28.5,36.64,2025-08,2025,Wednesday
ORD100424,2024-04-17,West,Online,Consumer,Rep_13,Sports & Outdoors,Water Bottle,3,101.17,0.0,56.14,303.51,168.42,135.09,44.51,2024-04,2024,Wednesday
ORD100292,2024-03-21,North,In-Store,Consumer,Rep_04,Sports & Outdoors,Yoga Mat,1,45.22,0.0,22.91,45.22,22.91,22.31,49.34,2024-03,2024,Thursday
ORD101065,2025-08-13,South,Online,Consumer,Rep_09,Beauty,Face Serum,1,19.57,0.0,9.46,19.57,9.46,10.11,51.66,2025-08,2025,Wednesday
ORD101638,2024-08-26,South,In-Store,Consumer,Rep_13,Electronics,Laptop Stand,3,173.62,0.0,112.37,520.86,337.11,183.75,35.28,2024-08,2024,Monday
ORD101012,2025-02-15,East,In-Store,Small Business,Rep_09,Sports & Outdoors,Camping Tent,2,98.3,5.0,49.04,186.77,98.08,88.69,47.49,2025-02,2025,Saturday
ORD102127,2024-12-15,South,In-Store,Consumer,Rep_07,Sports & Outdoors,Cycling Helmet,8,17.34,0.0,7.98,138.72,63.84,74.88,53.98,2024-12,2024,Sunday
ORD101717,2025-09-11,North,Online,Consumer,Rep_04,Apparel,Yoga Pants,3,84.1,5.0,45.17,239.68,135.51,104.17,43.46,2025-09,2025,Thursday
ORD100937,2024-03-07,North,In-Store,Consumer,Rep_03,Sports & Outdoors,Cycling Helmet,3,47.73,0.0,31.53,143.19,94.59,48.6,33.94,2024-03,2024,Thursday
ORD100834,2024-04-30,South,In-Store,Consumer,Rep_12,Sports & Outdoors,Cycling Helmet,1,68.22,5.0,37.31,64.81,37.31,27.5,42.43,2024-04,2024,Tuesday
ORD100254,2025-01-27,East,In-Store,Consumer,Rep_09,Beauty,Hair Dryer,1,72.26,0.0,40.3,72.26,40.3,31.96,44.23,2025-01,2025,Monday
ORD101482,2025-07-21,East,Online,Consumer,Rep_08,Electronics,Wireless Earbuds,1,188.59,0.0,85.18,188.59,85.18,103.41,54.83,2025-07,2025,Monday
ORD101407,2025-12-28,West,Online,Consumer,Rep_02,Sports & Outdoors,Water Bottle,1,132.18,15.0,76.58,112.35,76.58,35.77,31.84,2025-12,2025,Sunday
ORD102606,2024-04-29,East,Online,Consumer,Rep_01,Beauty,Face Serum,3,80.86,0.0,53.8,242.58,161.4,81.18,33.47,2024-04,2024,Monday
ORD102184,2025-05-23,West,Online,Consumer,Rep_15,Apparel,Running Shoes,1,112.27,0.0,63.75,112.27,63.75,48.52,43.22,2025-05,2025,Friday
ORD100723,2025-12-12,West,Online,Consumer,Rep_10,Apparel,Yoga Pants,5,89.2,0.0,41.76,446.0,208.8,237.2,53.18,2025-12,2025,Friday
ORD100969,2025-07-27,South,In-Store,Consumer,Rep_08,Electronics,Laptop Stand,3,54.94,10.0,30.18,148.34,90.54,57.8,38.96,2025-07,2025,Sunday
ORD100950,2025-10-30,South,Online,Consumer,Rep_10,Electronics,Laptop Stand,2,152.0,0.0,88.77,304.0,177.54,126.46,41.6,2025-10,2025,Thursday
ORD100805,2025-10-02,South,Online,Consumer,Rep_13,Home & Kitchen,Air Fryer,5,117.84,0.0,60.39,589.2,301.95,287.25,48.75,2025-10,2025,Thursday
ORD101829,2025-04-14,West,In-Store,Enterprise,Rep_12,Home & Kitchen,Vacuum Cleaner,4,56.4,0.0,38.18,225.6,152.72,72.88,32.3,2025-04,2025,Monday
ORD102177,2025-05-10,South,Online,Small Business,Rep_09,Home & Kitchen,Cookware Set,7,152.16,10.0,78.51,958.61,549.57,409.04,42.67,2025-05,2025,Saturday
ORD101739,2024-09-05,West,Online,Consumer,Rep_01,Apparel,Backpack,3,74.0,0.0,40.47,222.0,121.41,100.59,45.31,2024-09,2024,Thursday
ORD100337,2025-12-27,West,In-Store,Consumer,Rep_08,Apparel,Winter Coat,6,94.83,5.0,58.3,540.53,349.8,190.73,35.29,2025-12,2025,Saturday
ORD100730,2024-10-07,East,Marketplace,Small Business,Rep_02,Apparel,Backpack,2,59.35,0.0,36.96,118.7,73.92,44.78,37.73,2024-10,2024,Monday
ORD100608,2024-06-15,South,Marketplace,Small Business,Rep_05,Home & Kitchen,Air Fryer,3,144.84,5.0,73.54,412.79,220.62,192.17,46.55,2024-06,2024,Saturday
ORD101148,2024-10-29,South,Marketplace,Small Business,Rep_09,Home & Kitchen,Air Fryer,2,124.99,0.0,63.08,249.98,126.16,123.82,49.53,2024-10,2024,Tuesday
ORD102243,2025-10-09,East,Marketplace,Consumer,Rep_08,Home & Kitchen,Blender,3,144.73,0.0,70.91,434.19,212.73,221.46,51.01,2025-10,2025,Thursday
ORD101713,2024-11-25,North,In-Store,Small Business,Rep_14,Beauty,Hair Dryer,7,49.92,0.0,29.55,349.44,206.85,142.59,40.81,2024-11,2024,Monday
ORD100909,2025-10-22,West,Online,Small Business,Rep_03,Electronics,Wireless Earbuds,3,167.87,0.0,113.12,503.61,339.36,164.25,32.61,2025-10,2025,Wednesday
ORD102151,2024-11-20,South,Online,Consumer,Rep_09,Sports & Outdoors,Dumbbell Set,7,131.72,0.0,65.46,922.04,458.22,463.82,50.3,2024-11,2024,Wednesday
ORD102010,2025-12-22,West,Online,Consumer,Rep_02,Home & Kitchen,Air Fryer,6,55.13,0.0,36.8,330.78,220.8,109.98,33.25,2025-12,2025,Monday
ORD101810,2025-07-23,East,Online,Consumer,Rep_15,Home & Kitchen,Vacuum Cleaner,3,177.0,0.0,84.37,531.0,253.11,277.89,52.33,2025-07,2025,Wednesday
ORD101994,2025-05-23,North,Marketplace,Consumer,Rep_06,Apparel,Denim Jacket,3,25.22,0.0,12.86,75.66,38.58,37.08,49.01,2025-05,2025,Friday
ORD100719,2024-06-20,South,In-Store,Consumer,Rep_12,Home & Kitchen,Air Fryer,4,81.06,0.0,43.49,324.24,173.96,150.28,46.35,2024-06,2024,Thursday
ORD101569,2025-12-12,South,In-Store,Consumer,Rep_13,Beauty,Perfume,9,73.04,5.0,39.5,624.49,355.5,268.99,43.07,2025-12,2025,Friday
ORD102275,2024-03-05,South,Marketplace,Small Business,Rep_12,Apparel,Winter Coat,3,104.46,0.0,52.93,313.38,158.79,154.59,49.33,2024-03,2024,Tuesday
ORD100434,2024-03-16,East,In-Store,Small Business,Rep_13,Sports & Outdoors,Cycling Helmet,1,137.06,0.0,67.36,137.06,67.36,69.7,50.85,2024-03,2024,Saturday
ORD101299,2025-04-11,North,Marketplace,Consumer,Rep_13,Electronics,Smartwatch,4,54.66,0.0,29.63,218.64,118.52,100.12,45.79,2025-04,2025,Friday
ORD102174,2025-03-18,East,Online,Consumer,Rep_05,Beauty,Makeup Kit,4,82.14,0.0,48.03,328.56,192.12,136.44,41.53,2025-03,2025,Tuesday
ORD100405,2024-02-19,East,Online,Enterprise,Rep_05,Apparel,Denim Jacket,3,75.52,0.0,47.42,226.56,142.26,84.3,37.21,2024-02,2024,Monday
ORD100821,2025-02-19,East,Marketplace,Consumer,Rep_13,Beauty,Perfume,6,18.16,0.0,9.12,108.96,54.72,54.24,49.78,2025-02,2025,Wednesday
ORD101789,2024-11-04,West,Online,Consumer,Rep_04,Sports & Outdoors,Yoga Mat,3,26.49,5.0,13.67,75.5,41.01,34.49,45.68,2024-11,2024,Monday
ORD102351,2024-09-30,West,Online,Consumer,Rep_10,Sports & Outdoors,Camping Tent,1,130.73,15.0,63.8,111.12,63.8,47.32,42.58,2024-09,2024,Monday
ORD102315,2024-11-15,North,Online,Small Business,Rep_01,Apparel,Backpack,6,77.55,0.0,47.41,465.3,284.46,180.84,38.87,2024-11,2024,Friday
ORD101858,2024-11-16,South,In-Store,Enterprise,Rep_14,Apparel,Yoga Pants,6,36.0,5.0,23.42,205.2,140.52,64.68,31.52,2024-11,2024,Saturday
ORD101557,2025-10-10,North,In-Store,Small Business,Rep_11,Home & Kitchen,Air Fryer,2,128.01,0.0,77.03,256.02,154.06,101.96,39.83,2025-10,2025,Friday
ORD100545,2025-02-25,North,Online,Small Business,Rep_02,Apparel,Winter Coat,4,42.57,20.0,24.77,136.22,99.08,37.14,27.26,2025-02,2025,Tuesday
ORD100212,2024-02-15,South,Online,Consumer,Rep_12,Electronics,Power Bank,2,92.86,5.0,50.83,176.43,101.66,74.77,42.38,2024-02,2024,Thursday
ORD100896,2024-12-27,South,In-Store,Consumer,Rep_12,Home & Kitchen,Coffee Maker,2,151.05,0.0,90.74,302.1,181.48,120.62,39.93,2024-12,2024,Friday
ORD101941,2025-05-31,West,Marketplace,Enterprise,Rep_10,Apparel,Denim Jacket,1,44.12,0.0,25.75,44.12,25.75,18.37,41.64,2025-05,2025,Saturday
ORD101891,2024-12-05,West,Online,Consumer,Rep_04,Sports & Outdoors,Yoga Mat,4,128.25,0.0,64.86,513.0,259.44,253.56,49.43,2024-12,2024,Thursday
ORD100916,2025-06-22,East,Marketplace,Enterprise,Rep_02,Beauty,Makeup Kit,8,67.36,0.0,33.39,538.88,267.12,271.76,50.43,2025-06,2025,Sunday
ORD101289,2025-08-15,West,Online,Small Business,Rep_03,Sports & Outdoors,Yoga Mat,1,52.93,0.0,27.32,52.93,27.32,25.61,48.38,2025-08,2025,Friday
ORD100814,2024-07-22,East,In-Store,Consumer,Rep_06,Beauty,Makeup Kit,3,64.92,10.0,40.01,175.28,120.03,55.25,31.52,2024-07,2024,Monday
ORD101265,2024-04-23,North,In-Store,Consumer,Rep_14,Apparel,Yoga Pants,1,73.09,0.0,33.03,73.09,33.03,40.06,54.81,2024-04,2024,Tuesday
ORD100342,2024-05-29,West,Marketplace,Consumer,Rep_06,Electronics,Bluetooth Speaker,3,75.81,5.0,36.15,216.06,108.45,107.61,49.81,2024-05,2024,Wednesday
ORD101410,2024-08-05,South,In-Store,Enterprise,Rep_04,Home & Kitchen,Cookware Set,5,155.56,0.0,96.32,777.8,481.6,296.2,38.08,2024-08,2024,Monday
ORD101214,2025-01-24,East,Online,Small Business,Rep_06,Electronics,Smartwatch,7,110.97,0.0,70.49,776.79,493.43,283.36,36.48,2025-01,2025,Friday
ORD100966,2025-01-12,South,Online,Enterprise,Rep_05,Apparel,Denim Jacket,4,27.08,0.0,15.4,108.32,61.6,46.72,43.13,2025-01,2025,Sunday
ORD101230,2025-12-07,East,Online,Consumer,Rep_05,Apparel,Backpack,4,71.41,0.0,42.44,285.64,169.76,115.88,40.57,2025-12,2025,Sunday
ORD102343,2024-02-17,North,Marketplace,Consumer,Rep_11,Beauty,Face Serum,4,70.07,0.0,41.82,280.28,167.28,113.0,40.32,2024-02,2024,Saturday
ORD100695,2024-08-03,West,Online,Consumer,Rep_04,Apparel,Winter Coat,4,33.77,10.0,18.01,121.57,72.04,49.53,40.74,2024-08,2024,Saturday
ORD102121,2024-02-10,South,Marketplace,Consumer,Rep_10,Sports & Outdoors,Water Bottle,4,103.33,15.0,52.66,351.32,210.64,140.68,40.04,2024-02,2024,Saturday
ORD100605,2025-03-15,North,Online,Consumer,Rep_14,Beauty,Makeup Kit,2,63.75,0.0,36.29,127.5,72.58,54.92,43.07,2025-03,2025,Saturday
ORD100645,2024-11-11,South,Online,Consumer,Rep_10,Home & Kitchen,Coffee Maker,3,127.02,0.0,59.63,381.06,178.89,202.17,53.05,2024-11,2024,Monday
ORD101404,2025-12-14,West,Marketplace,Consumer,Rep_09,Beauty,Skincare Set,5,29.01,5.0,14.53,137.8,72.65,65.15,47.28,2025-12,2025,Sunday
ORD100494,2025-10-17,East,In-Store,Consumer,Rep_03,Sports & Outdoors,Dumbbell Set,4,34.35,15.0,22.25,116.79,89.0,27.79,23.79,2025-10,2025,Friday
ORD101019,2025-10-09,East,In-Store,Consumer,Rep_03,Apparel,Running Shoes,3,16.13,0.0,10.96,48.39,32.88,15.51,32.05,2025-10,2025,Thursday
ORD100091,2025-09-02,South,Online,Consumer,Rep_09,Home & Kitchen,Vacuum Cleaner,2,171.89,0.0,113.46,343.78,226.92,116.86,33.99,2025-09,2025,Tuesday
ORD101112,2024-08-15,North,In-Store,Consumer,Rep_02,Home & Kitchen,Cookware Set,3,155.4,5.0,75.12,442.89,225.36,217.53,49.12,2024-08,2024,Thursday
ORD100908,2024-05-25,West,Marketplace,Consumer,Rep_06,Apparel,Winter Coat,3,98.93,0.0,56.7,296.79,170.1,126.69,42.69,2024-05,2024,Saturday
ORD101474,2024-11-20,East,Online,Consumer,Rep_10,Apparel,Winter Coat,2,93.27,0.0,51.22,186.54,102.44,84.1,45.08,2024-11,2024,Wednesday
ORD101741,2025-02-20,East,In-Store,Small Business,Rep_11,Electronics,Wireless Earbuds,3,73.67,0.0,49.91,221.01,149.73,71.28,32.25,2025-02,2025,Thursday
ORD102150,2024-09-23,East,In-Store,Consumer,Rep_02,Electronics,Bluetooth Speaker,1,190.3,10.0,105.39,171.27,105.39,65.88,38.47,2024-09,2024,Monday
ORD100238,2024-09-15,South,Marketplace,Small Business,Rep_09,Home & Kitchen,Vacuum Cleaner,6,179.44,0.0,101.51,1076.64,609.06,467.58,43.43,2024-09,2024,Sunday
ORD100942,2025-12-02,West,Online,Small Business,Rep_11,Home & Kitchen,Air Fryer,5,48.38,15.0,24.88,205.62,124.4,81.22,39.5,2025-12,2025,Tuesday
ORD101270,2024-08-09,North,Online,Small Business,Rep_14,Apparel,Denim Jacket,1,62.78,0.0,32.1,62.78,32.1,30.68,48.87,2024-08,2024,Friday
ORD100938,2025-10-25,East,Online,Enterprise,Rep_09,Beauty,Perfume,4,12.26,0.0,8.31,49.04,33.24,15.8,32.22,2025-10,2025,Saturday
ORD101424,2025-08-17,West,Online,Consumer,Rep_08,Electronics,Power Bank,3,130.28,0.0,68.12,390.84,204.36,186.48,47.71,2025-08,2025,Sunday
ORD101862,2024-11-05,West,In-Store,Small Business,Rep_03,Sports & Outdoors,Dumbbell Set,2,73.35,0.0,38.94,146.7,77.88,68.82,46.91,2024-11,2024,Tuesday
ORD101669,2024-11-10,West,In-Store,Small Business,Rep_08,Sports & Outdoors,Yoga Mat,4,93.74,0.0,52.25,374.96,209.0,165.96,44.26,2024-11,2024,Sunday
ORD100005,2024-07-24,East,Online,Small Business,Rep_03,Apparel,Winter Coat,1,46.66,20.0,30.75,37.33,30.75,6.58,17.63,2024-07,2024,Wednesday
ORD100247,2025-12-01,East,Online,Consumer,Rep_05,Sports & Outdoors,Water Bottle,4,137.55,0.0,80.56,550.2,322.24,227.96,41.43,2025-12,2025,Monday
ORD100018,2025-12-06,South,In-Store,Consumer,Rep_01,Apparel,Backpack,7,39.42,0.0,25.43,275.94,178.01,97.93,35.49,2025-12,2025,Saturday
ORD102169,2024-11-14,North,In-Store,Consumer,Rep_13,Beauty,Skincare Set,3,45.13,0.0,29.22,135.39,87.66,47.73,35.25,2024-11,2024,Thursday
ORD101970,2025-11-28,North,Online,Consumer,Rep_06,Electronics,Bluetooth Speaker,6,26.03,20.0,14.2,124.94,85.2,39.74,31.81,2025-11,2025,Friday
ORD102232,2025-01-04,North,In-Store,Small Business,Rep_12,Apparel,Winter Coat,5,27.55,0.0,18.08,137.75,90.4,47.35,34.37,2025-01,2025,Saturday
ORD102322,2025-06-03,East,Marketplace,Consumer,Rep_15,Home & Kitchen,Blender,4,148.7,0.0,100.26,594.8,401.04,193.76,32.58,2025-06,2025,Tuesday
ORD100811,2024-12-19,West,Marketplace,Enterprise,Rep_04,Beauty,Face Serum,4,66.13,5.0,29.77,251.29,119.08,132.21,52.61,2024-12,2024,Thursday
ORD101300,2024-05-04,East,Online,Consumer,Rep_05,Beauty,Perfume,2,28.49,0.0,16.79,56.98,33.58,23.4,41.07,2024-05,2024,Saturday
ORD101335,2025-07-23,North,Marketplace,Consumer,Rep_06,Beauty,Face Serum,3,30.97,5.0,20.49,88.26,61.47,26.79,30.35,2025-07,2025,Wednesday
ORD102596,2024-02-20,West,In-Store,Enterprise,Rep_14,Apparel,Running Shoes,3,107.63,0.0,63.91,322.89,191.73,131.16,40.62,2024-02,2024,Tuesday
ORD100260,2025-09-25,North,Online,Consumer,Rep_15,Sports & Outdoors,Water Bottle,3,74.79,0.0,36.88,224.37,110.64,113.73,50.69,2025-09,2025,Thursday
ORD101804,2025-04-29,South,In-Store,Consumer,Rep_15,Electronics,Wireless Earbuds,2,154.31,0.0,100.15,308.62,200.3,108.32,35.1,2025-04,2025,Tuesday
ORD101570,2024-08-17,North,Online,Small Business,Rep_10,Electronics,Bluetooth Speaker,3,218.82,0.0,106.41,656.46,319.23,337.23,51.37,2024-08,2024,Saturday
ORD102229,2024-06-13,East,Online,Consumer,Rep_11,Electronics,Power Bank,4,53.75,0.0,31.46,215.0,125.84,89.16,41.47,2024-06,2024,Thursday
ORD100184,2024-08-14,East,Marketplace,Consumer,Rep_02,Sports & Outdoors,Water Bottle,4,108.78,0.0,55.97,435.12,223.88,211.24,48.55,2024-08,2024,Wednesday
ORD102454,2025-02-19,West,Online,Consumer,Rep_08,Electronics,Wireless Earbuds,6,187.34,0.0,95.66,1124.04,573.96,550.08,48.94,2025-02,2025,Wednesday
ORD101743,2025-01-17,North,Online,Consumer,Rep_11,Apparel,Running Shoes,2,99.81,0.0,55.75,199.62,111.5,88.12,44.14,2025-01,2025,Friday
ORD101630,2025-02-24,West,Marketplace,Small Business,Rep_05,Home & Kitchen,Cookware Set,4,85.28,0.0,50.93,341.12,203.72,137.4,40.28,2025-02,2025,Monday
ORD101716,2025-01-17,North,Marketplace,Small Business,Rep_14,Beauty,Face Serum,2,83.36,5.0,56.64,158.38,113.28,45.1,28.48,2025-01,2025,Friday
ORD100520,2025-03-27,West,Online,Consumer,Rep_14,Beauty,Makeup Kit,1,74.76,0.0,49.7,74.76,49.7,25.06,33.52,2025-03,2025,Thursday
ORD102428,2025-11-25,East,In-Store,Small Business,Rep_05,Sports & Outdoors,Cycling Helmet,4,140.5,5.0,65.02,533.9,260.08,273.82,51.29,2025-11,2025,Tuesday
ORD102016,2024-12-17,North,Online,Small Business,Rep_05,Electronics,Bluetooth Speaker,2,170.45,0.0,98.26,340.9,196.52,144.38,42.35,2024-12,2024,Tuesday
ORD101658,2024-11-09,South,Online,Enterprise,Rep_01,Electronics,Laptop Stand,3,179.8,5.0,108.22,512.43,324.66,187.77,36.64,2024-11,2024,Saturday
ORD101612,2025-11-20,West,Online,Consumer,Rep_14,Apparel,Backpack,8,44.45,10.0,22.67,320.04,181.36,138.68,43.33,2025-11,2025,Thursday
ORD102126,2025-02-22,North,In-Store,Small Business,Rep_08,Apparel,Winter Coat,2,70.62,0.0,39.84,141.24,79.68,61.56,43.59,2025-02,2025,Saturday
ORD100935,2025-01-22,South,Online,Consumer,Rep_14,Beauty,Skincare Set,3,25.94,15.0,14.96,66.15,44.88,21.27,32.15,2025-01,2025,Wednesday
ORD100607,2025-06-13,South,Online,Consumer,Rep_10,Electronics,Laptop Stand,5,219.27,10.0,102.9,986.72,514.5,472.22,47.86,2025-06,2025,Friday
ORD100230,2024-09-28,East,Online,Consumer,Rep_04,Home & Kitchen,Air Fryer,1,94.68,0.0,47.78,94.68,47.78,46.9,49.54,2024-09,2024,Saturday
ORD100331,2024-04-30,East,Online,Consumer,Rep_14,Beauty,Face Serum,1,19.91,10.0,9.4,17.92,9.4,8.52,47.54,2024-04,2024,Tuesday
ORD101440,2025-10-09,West,In-Store,Consumer,Rep_02,Electronics,Smartwatch,3,32.37,0.0,21.12,97.11,63.36,33.75,34.75,2025-10,2025,Thursday
ORD101927,2025-01-23,North,Online,Consumer,Rep_03,Apparel,Running Shoes,4,23.86,0.0,13.44,95.44,53.76,41.68,43.67,2025-01,2025,Thursday
ORD101091,2024-12-24,East,In-Store,Consumer,Rep_07,Home & Kitchen,Coffee Maker,4,112.36,0.0,71.23,449.44,284.92,164.52,36.61,2024-12,2024,Tuesday
ORD101101,2024-12-19,West,Online,Small Business,Rep_03,Electronics,Power Bank,3,106.32,0.0,61.2,318.96,183.6,135.36,42.44,2024-12,2024,Thursday
ORD101129,2024-04-22,South,Marketplace,Small Business,Rep_14,Apparel,Yoga Pants,2,100.61,20.0,61.04,160.98,122.08,38.9,24.16,2024-04,2024,Monday
ORD100461,2024-03-16,East,Online,Enterprise,Rep_13,Apparel,Backpack,1,106.7,15.0,58.52,90.7,58.52,32.18,35.48,2024-03,2024,Saturday
ORD100958,2024-06-20,South,Online,Consumer,Rep_13,Electronics,Laptop Stand,3,39.61,10.0,21.47,106.95,64.41,42.54,39.78,2024-06,2024,Thursday
ORD101662,2024-05-31,West,Online,Small Business,Rep_08,Sports & Outdoors,Yoga Mat,3,31.15,5.0,17.56,88.78,52.68,36.1,40.66,2024-05,2024,Friday
ORD100559,2025-09-15,East,Online,Small Business,Rep_09,Beauty,Makeup Kit,6,50.54,0.0,22.86,303.24,137.16,166.08,54.77,2025-09,2025,Monday
ORD102513,2025-08-07,West,In-Store,Consumer,Rep_10,Beauty,Skincare Set,7,84.99,15.0,49.18,505.69,344.26,161.43,31.92,2025-08,2025,Thursday
ORD101519,2025-11-06,West,Online,Consumer,Rep_04,Beauty,Skincare Set,6,38.79,0.0,24.89,232.74,149.34,83.4,35.83,2025-11,2025,Thursday
ORD102140,2024-12-07,South,In-Store,Consumer,Rep_14,Electronics,Laptop Stand,4,68.93,0.0,41.15,275.72,164.6,111.12,40.3,2024-12,2024,Saturday
ORD102595,2025-11-04,West,In-Store,Enterprise,Rep_07,Home & Kitchen,Air Fryer,8,64.9,0.0,29.97,519.2,239.76,279.44,53.82,2025-11,2025,Tuesday
ORD102032,2024-04-09,North,Marketplace,Enterprise,Rep_07,Beauty,Perfume,4,34.29,0.0,19.2,137.16,76.8,60.36,44.01,2024-04,2024,Tuesday
ORD102484,2024-08-09,North,In-Store,Consumer,Rep_15,Beauty,Face Serum,2,44.49,0.0,28.35,88.98,56.7,32.28,36.28,2024-08,2024,Friday
ORD101157,2024-03-08,South,Marketplace,Small Business,Rep_01,Apparel,Winter Coat,1,119.25,0.0,77.47,119.25,77.47,41.78,35.04,2024-03,2024,Friday
ORD102097,2025-03-01,North,Online,Enterprise,Rep_07,Electronics,Power Bank,6,117.81,0.0,65.9,706.86,395.4,311.46,44.06,2025-03,2025,Saturday
ORD102541,2024-01-13,North,In-Store,Small Business,Rep_05,Apparel,Yoga Pants,5,42.89,0.0,27.81,214.45,139.05,75.4,35.16,2024-01,2024,Saturday
ORD100069,2025-09-30,South,In-Store,Small Business,Rep_04,Apparel,Winter Coat,2,43.42,0.0,21.66,86.84,43.32,43.52,50.12,2025-09,2025,Tuesday
ORD101572,2024-10-21,South,Online,Consumer,Rep_12,Home & Kitchen,Coffee Maker,6,126.68,5.0,69.06,722.08,414.36,307.72,42.62,2024-10,2024,Monday
ORD100808,2025-11-16,North,In-Store,Consumer,Rep_01,Apparel,Backpack,8,60.13,5.0,32.8,456.99,262.4,194.59,42.58,2025-11,2025,Sunday
ORD100011,2025-10-12,North,Online,Consumer,Rep_13,Electronics,Wireless Earbuds,2,195.54,0.0,93.92,391.08,187.84,203.24,51.97,2025-10,2025,Sunday
ORD102025,2024-12-01,East,Online,Consumer,Rep_12,Apparel,Running Shoes,10,57.54,5.0,38.25,546.63,382.5,164.13,30.03,2024-12,2024,Sunday
ORD102192,2025-05-26,North,Online,Consumer,Rep_12,Beauty,Hair Dryer,5,57.33,0.0,28.27,286.65,141.35,145.3,50.69,2025-05,2025,Monday
ORD100917,2024-05-18,South,Marketplace,Consumer,Rep_10,Apparel,Running Shoes,4,58.98,0.0,32.43,235.92,129.72,106.2,45.02,2024-05,2024,Saturday
ORD101451,2025-01-30,North,Marketplace,Small Business,Rep_09,Electronics,Laptop Stand,1,26.72,10.0,17.66,24.05,17.66,6.39,26.57,2025-01,2025,Thursday
ORD100176,2024-08-19,West,In-Store,Small Business,Rep_01,Sports & Outdoors,Yoga Mat,3,42.63,0.0,21.2,127.89,63.6,64.29,50.27,2024-08,2024,Monday
ORD100994,2025-08-15,West,Online,Consumer,Rep_11,Sports & Outdoors,Cycling Helmet,7,149.42,0.0,91.91,1045.94,643.37,402.57,38.49,2025-08,2025,Friday
ORD102488,2024-06-02,West,In-Store,Consumer,Rep_15,Sports & Outdoors,Yoga Mat,5,92.01,0.0,43.34,460.05,216.7,243.35,52.9,2024-06,2024,Sunday
ORD101255,2025-04-16,South,Online,Consumer,Rep_10,Beauty,Hair Dryer,2,71.82,0.0,46.31,143.64,92.62,51.02,35.52,2025-04,2025,Wednesday
ORD101664,2025-07-18,East,In-Store,Consumer,Rep_02,Home & Kitchen,Vacuum Cleaner,5,164.42,0.0,98.07,822.1,490.35,331.75,40.35,2025-07,2025,Friday
ORD102191,2025-05-12,East,Online,Consumer,Rep_13,Apparel,Yoga Pants,3,99.54,0.0,59.25,298.62,177.75,120.87,40.48,2025-05,2025,Monday
ORD101790,2024-07-31,West,In-Store,Consumer,Rep_07,Electronics,Smartwatch,5,115.94,5.0,52.44,550.72,262.2,288.52,52.39,2024-07,2024,Wednesday
ORD102476,2025-07-12,West,Online,Small Business,Rep_02,Home & Kitchen,Coffee Maker,2,24.25,0.0,15.78,48.5,31.56,16.94,34.93,2025-07,2025,Saturday
ORD100156,2024-08-12,West,Online,Consumer,Rep_03,Home & Kitchen,Air Fryer,2,63.53,10.0,31.15,114.35,62.3,52.05,45.52,2024-08,2024,Monday
ORD101460,2024-09-29,North,Marketplace,Consumer,Rep_07,Home & Kitchen,Blender,1,42.17,10.0,23.92,37.95,23.92,14.03,36.97,2024-09,2024,Sunday
ORD102046,2025-10-30,East,Online,Consumer,Rep_06,Electronics,Power Bank,4,49.28,5.0,24.62,187.26,98.48,88.78,47.41,2025-10,2025,Thursday
ORD101850,2024-07-26,West,Online,Consumer,Rep_11,Apparel,Denim Jacket,5,68.03,0.0,44.04,340.15,220.2,119.95,35.26,2024-07,2024,Friday
ORD102509,2025-06-10,West,Online,Small Business,Rep_14,Apparel,Yoga Pants,2,107.86,0.0,63.68,215.72,127.36,88.36,40.96,2025-06,2025,Tuesday
ORD102303,2025-12-17,West,Marketplace,Consumer,Rep_03,Apparel,Denim Jacket,5,69.2,15.0,34.91,294.1,174.55,119.55,40.65,2025-12,2025,Wednesday
ORD102005,2024-07-01,North,In-Store,Consumer,Rep_13,Apparel,Winter Coat,4,36.76,0.0,19.33,147.04,77.32,69.72,47.42,2024-07,2024,Monday
ORD101185,2024-08-07,East,Marketplace,Enterprise,Rep_04,Sports & Outdoors,Dumbbell Set,6,119.42,0.0,77.86,716.52,467.16,249.36,34.8,2024-08,2024,Wednesday
ORD101006,2024-10-07,East,Marketplace,Consumer,Rep_12,Electronics,Smartwatch,2,146.41,15.0,66.58,248.9,133.16,115.74,46.5,2024-10,2024,Monday
ORD100560,2025-05-20,East,Online,Small Business,Rep_06,Apparel,Running Shoes,6,88.57,0.0,51.49,531.42,308.94,222.48,41.87,2025-05,2025,Tuesday
ORD102256,2025-09-20,West,Marketplace,Enterprise,Rep_05,Home & Kitchen,Vacuum Cleaner,4,172.44,0.0,104.48,689.76,417.92,271.84,39.41,2025-09,2025,Saturday
ORD100910,2025-05-07,South,In-Store,Small Business,Rep_10,Electronics,Wireless Earbuds,4,215.35,0.0,145.25,861.4,581.0,280.4,32.55,2025-05,2025,Wednesday
ORD101311,2024-01-04,South,Online,Consumer,Rep_06,Apparel,Running Shoes,6,56.0,0.0,32.43,336.0,194.58,141.42,42.09,2024-01,2024,Thursday
ORD102049,2024-12-17,West,In-Store,Consumer,Rep_02,Beauty,Perfume,4,61.2,5.0,41.56,232.56,166.24,66.32,28.52,2024-12,2024,Tuesday
ORD100269,2024-09-05,South,Online,Small Business,Rep_04,Sports & Outdoors,Yoga Mat,3,132.07,5.0,87.27,376.4,261.81,114.59,30.44,2024-09,2024,Thursday
ORD101993,2024-10-26,East,Online,Enterprise,Rep_07,Sports & Outdoors,Water Bottle,4,114.34,0.0,70.67,457.36,282.68,174.68,38.19,2024-10,2024,Saturday
ORD100265,2025-12-23,North,Online,Small Business,Rep_14,Home & Kitchen,Air Fryer,13,151.42,0.0,102.2,1968.46,1328.6,639.86,32.51,2025-12,2025,Tuesday
ORD100914,2024-07-07,South,Online,Consumer,Unassigned,Sports & Outdoors,Camping Tent,1,144.29,5.0,68.87,137.08,68.87,68.21,49.76,2024-07,2024,Sunday
ORD102278,2024-08-01,East,Online,Consumer,Rep_06,Sports & Outdoors,Camping Tent,4,94.17,5.0,50.34,357.85,201.36,156.49,43.73,2024-08,2024,Thursday
ORD102231,2025-04-14,East,Online,Small Business,Rep_13,Beauty,Skincare Set,1,12.17,0.0,6.77,12.17,6.77,5.4,44.37,2025-04,2025,Monday
ORD102093,2024-03-25,West,In-Store,Consumer,Rep_07,Beauty,Hair Dryer,3,68.38,5.0,44.55,194.88,133.65,61.23,31.42,2024-03,2024,Monday
ORD102446,2024-08-20,East,Online,Small Business,Rep_14,Beauty,Hair Dryer,3,28.67,0.0,15.34,86.01,46.02,39.99,46.49,2024-08,2024,Tuesday
ORD100475,2025-03-02,North,Online,Consumer,Rep_09,Home & Kitchen,Blender,4,130.1,10.0,77.26,468.36,309.04,159.32,34.02,2025-03,2025,Sunday
ORD101652,2024-08-16,North,Online,Consumer,Rep_13,Apparel,Denim Jacket,1,91.24,5.0,44.83,86.68,44.83,41.85,48.28,2024-08,2024,Friday
ORD101960,2024-02-16,South,Marketplace,Consumer,Rep_14,Beauty,Face Serum,4,21.64,15.0,10.07,73.58,40.28,33.3,45.26,2024-02,2024,Friday
ORD100045,2025-09-12,North,Online,Consumer,Unassigned,Beauty,Face Serum,6,11.52,0.0,7.02,69.12,42.12,27.0,39.06,2025-09,2025,Friday
ORD100161,2025-03-10,East,Online,Consumer,Rep_01,Electronics,Smartwatch,7,109.75,0.0,61.07,768.25,427.49,340.76,44.36,2025-03,2025,Monday
ORD100288,2025-02-20,North,Online,Consumer,Rep_09,Electronics,Bluetooth Speaker,3,146.14,10.0,96.48,394.58,289.44,105.14,26.65,2025-02,2025,Thursday
ORD101000,2024-02-13,South,In-Store,Small Business,Rep_08,Home & Kitchen,Blender,3,112.52,0.0,61.95,337.56,185.85,151.71,44.94,2024-02,2024,Tuesday
ORD101948,2025-11-09,East,Marketplace,Small Business,Rep_07,Apparel,Winter Coat,6,80.52,15.0,39.82,410.65,238.92,171.73,41.82,2025-11,2025,Sunday
ORD100575,2025-04-24,West,In-Store,Small Business,Rep_04,Home & Kitchen,Coffee Maker,7,166.42,0.0,102.16,1164.94,715.12,449.82,38.61,2025-04,2025,Thursday
ORD100850,2025-04-30,North,Online,Consumer,Rep_15,Apparel,Winter Coat,3,63.3,5.0,30.34,180.4,91.02,89.38,49.55,2025-04,2025,Wednesday
ORD100911,2025-07-05,West,Online,Consumer,Rep_01,Home & Kitchen,Coffee Maker,3,116.7,10.0,72.69,315.09,218.07,97.02,30.79,2025-07,2025,Saturday
ORD101254,2025-01-18,South,Online,Consumer,Rep_03,Home & Kitchen,Air Fryer,5,144.24,0.0,69.26,721.2,346.3,374.9,51.98,2025-01,2025,Saturday
ORD101833,2024-06-07,North,Online,Consumer,Rep_06,Home & Kitchen,Blender,5,114.86,20.0,66.81,459.44,334.05,125.39,27.29,2024-06,2024,Friday
ORD101722,2024-10-25,West,Online,Small Business,Rep_05,Beauty,Makeup Kit,2,44.82,5.0,23.07,85.16,46.14,39.02,45.82,2024-10,2024,Friday
ORD102133,2024-02-16,West,Marketplace,Enterprise,Rep_05,Beauty,Hair Dryer,1,53.31,10.0,35.53,47.98,35.53,12.45,25.95,2024-02,2024,Friday
ORD101735,2024-04-14,West,In-Store,Small Business,Rep_05,Electronics,Wireless Earbuds,4,37.28,0.0,22.2,149.12,88.8,60.32,40.45,2024-04,2024,Sunday
ORD101100,2024-12-16,North,In-Store,Consumer,Rep_09,Electronics,Bluetooth Speaker,2,214.23,0.0,126.29,428.46,252.58,175.88,41.05,2024-12,2024,Monday
ORD101207,2024-10-13,East,Online,Enterprise,Rep_14,Sports & Outdoors,Water Bottle,3,105.46,20.0,66.85,253.1,200.55,52.55,20.76,2024-10,2024,Sunday
ORD102295,2024-08-24,North,Online,Enterprise,Rep_04,Home & Kitchen,Air Fryer,2,177.55,10.0,94.89,319.59,189.78,129.81,40.62,2024-08,2024,Saturday
ORD101843,2024-07-31,North,Online,Consumer,Rep_15,Apparel,Yoga Pants,4,117.92,15.0,66.8,400.93,267.2,133.73,33.35,2024-07,2024,Wednesday
ORD101848,2025-09-21,East,Online,Consumer,Rep_10,Apparel,Backpack,7,79.83,0.0,51.67,558.81,361.69,197.12,35.27,2025-09,2025,Sunday
ORD102524,2024-03-08,West,Online,Consumer,Rep_13,Sports & Outdoors,Camping Tent,6,44.52,0.0,21.49,267.12,128.94,138.18,51.73,2024-03,2024,Friday
ORD101694,2024-07-17,East,Online,Consumer,Rep_03,Beauty,Hair Dryer,3,15.57,0.0,9.71,46.71,29.13,17.58,37.64,2024-07,2024,Wednesday
ORD100085,2024-08-22,South,Marketplace,Consumer,Rep_08,Apparel,Running Shoes,1,22.02,20.0,12.28,17.62,12.28,5.34,30.31,2024-08,2024,Thursday
ORD100469,2024-05-04,East,Online,Consumer,Rep_14,Beauty,Makeup Kit,3,20.2,0.0,11.18,60.6,33.54,27.06,44.65,2024-05,2024,Saturday
ORD102273,2024-01-24,East,Online,Consumer,Rep_04,Apparel,Running Shoes,2,35.56,10.0,22.95,64.01,45.9,18.11,28.29,2024-01,2024,Wednesday
ORD102379,2024-12-23,North,Marketplace,Consumer,Rep_03,Home & Kitchen,Air Fryer,6,60.99,10.0,39.06,329.35,234.36,94.99,28.84,2024-12,2024,Monday
ORD100233,2025-02-04,West,Online,Consumer,Rep_08,Apparel,Winter Coat,5,28.02,15.0,15.71,119.08,78.55,40.53,34.04,2025-02,2025,Tuesday
ORD102523,2025-04-21,South,Online,Consumer,Rep_15,Electronics,Laptop Stand,1,27.7,0.0,18.49,27.7,18.49,9.21,33.25,2025-04,2025,Monday
ORD101675,2025-02-05,North,In-Store,Consumer,Rep_13,Apparel,Yoga Pants,1,91.0,0.0,54.68,91.0,54.68,36.32,39.91,2025-02,2025,Wednesday
ORD102469,2024-01-11,West,In-Store,Small Business,Rep_15,Sports & Outdoors,Dumbbell Set,3,75.64,5.0,51.04,215.57,153.12,62.45,28.97,2024-01,2024,Thursday
ORD101711,2024-03-05,South,Marketplace,Consumer,Rep_05,Beauty,Skincare Set,8,56.56,0.0,34.03,452.48,272.24,180.24,39.83,2024-03,2024,Tuesday
ORD100182,2025-08-08,East,In-Store,Enterprise,Rep_08,Sports & Outdoors,Cycling Helmet,3,82.0,0.0,38.42,246.0,115.26,130.74,53.15,2025-08,2025,Friday
ORD100988,2024-10-24,West,Online,Consumer,Rep_01,Electronics,Laptop Stand,5,79.38,10.0,46.08,357.21,230.4,126.81,35.5,2024-10,2024,Thursday
ORD101641,2025-05-16,West,In-Store,Small Business,Rep_12,Beauty,Makeup Kit,3,30.36,5.0,13.88,86.53,41.64,44.89,51.88,2025-05,2025,Friday
ORD101356,2024-02-09,West,Online,Small Business,Rep_15,Electronics,Wireless Earbuds,6,124.69,0.0,70.17,748.14,421.02,327.12,43.72,2024-02,2024,Friday
ORD101462,2025-06-14,East,Online,Consumer,Rep_10,Beauty,Perfume,8,27.47,0.0,14.13,219.76,113.04,106.72,48.56,2025-06,2025,Saturday
ORD100049,2024-04-19,West,In-Store,Consumer,Rep_14,Electronics,Power Bank,4,64.86,0.0,35.29,259.44,141.16,118.28,45.59,2024-04,2024,Friday
ORD101258,2024-07-05,West,Online,Enterprise,Rep_15,Apparel,Backpack,5,64.38,0.0,35.22,321.9,176.1,145.8,45.29,2024-07,2024,Friday
ORD100486,2024-10-26,North,In-Store,Small Business,Unassigned,Beauty,Skincare Set,4,23.74,5.0,12.51,90.21,50.04,40.17,44.53,2024-10,2024,Saturday
ORD102545,2024-07-28,North,Marketplace,Consumer,Rep_12,Apparel,Running Shoes,4,19.93,0.0,11.29,79.72,45.16,34.56,43.35,2024-07,2024,Sunday
ORD101908,2024-12-25,West,Online,Consumer,Rep_10,Apparel,Winter Coat,4,110.92,0.0,64.08,443.68,256.32,187.36,42.23,2024-12,2024,Wednesday
ORD100106,2025-04-11,West,In-Store,Small Business,Rep_11,Sports & Outdoors,Dumbbell Set,6,53.84,0.0,31.17,323.04,187.02,136.02,42.11,2025-04,2025,Friday
ORD100443,2024-04-16,East,Marketplace,Enterprise,Rep_08,Sports & Outdoors,Yoga Mat,5,118.03,5.0,72.83,560.64,364.15,196.49,35.05,2024-04,2024,Tuesday
ORD101954,2024-10-08,North,Online,Consumer,Rep_01,Beauty,Skincare Set,2,56.98,0.0,27.24,113.96,54.48,59.48,52.19,2024-10,2024,Tuesday
ORD100646,2025-12-08,South,Online,Enterprise,Rep_06,Home & Kitchen,Cookware Set,3,157.88,0.0,95.84,473.64,287.52,186.12,39.3,2025-12,2025,Monday
ORD101762,2024-03-28,South,Marketplace,Consumer,Rep_14,Beauty,Makeup Kit,3,86.93,15.0,55.01,221.67,165.03,56.64,25.55,2024-03,2024,Thursday
ORD100726,2024-04-21,East,Online,Small Business,Rep_15,Sports & Outdoors,Camping Tent,4,47.6,0.0,23.64,190.4,94.56,95.84,50.34,2024-04,2024,Sunday
ORD102238,2024-08-11,North,Online,Small Business,Rep_01,Home & Kitchen,Cookware Set,5,74.78,0.0,37.27,373.9,186.35,187.55,50.16,2024-08,2024,Sunday
ORD101856,2025-11-21,West,Online,Consumer,Rep_10,Electronics,Wireless Earbuds,7,125.03,0.0,63.58,875.21,445.06,430.15,49.15,2025-11,2025,Friday
ORD102330,2025-08-01,West,Online,Consumer,Rep_08,Apparel,Winter Coat,3,27.98,0.0,18.81,83.94,56.43,27.51,32.77,2025-08,2025,Friday
ORD100029,2024-11-01,West,Marketplace,Consumer,Rep_12,Apparel,Backpack,2,48.02,0.0,24.71,96.04,49.42,46.62,48.54,2024-11,2024,Friday
ORD100169,2024-01-09,North,Online,Enterprise,Rep_03,Home & Kitchen,Cookware Set,2,175.17,0.0,86.21,350.34,172.42,177.92,50.78,2024-01,2024,Tuesday
ORD101001,2024-08-20,East,Marketplace,Consumer,Rep_02,Apparel,Winter Coat,1,21.03,15.0,10.3,17.88,10.3,7.58,42.39,2024-08,2024,Tuesday
ORD102148,2025-07-10,East,Online,Consumer,Rep_01,Home & Kitchen,Coffee Maker,6,176.03,0.0,90.39,1056.18,542.34,513.84,48.65,2025-07,2025,Thursday
ORD100197,2025-01-04,South,Online,Consumer,Rep_10,Home & Kitchen,Coffee Maker,3,160.56,0.0,84.39,481.68,253.17,228.51,47.44,2025-01,2025,Saturday
ORD100495,2025-10-29,East,Marketplace,Consumer,Rep_08,Home & Kitchen,Coffee Maker,4,168.59,10.0,107.7,606.92,430.8,176.12,29.02,2025-10,2025,Wednesday
ORD102026,2025-01-18,South,In-Store,Small Business,Rep_05,Sports & Outdoors,Water Bottle,5,142.39,0.0,92.24,711.95,461.2,250.75,35.22,2025-01,2025,Saturday
ORD100647,2025-07-24,North,In-Store,Consumer,Rep_01,Electronics,Power Bank,4,53.53,5.0,27.17,203.41,108.68,94.73,46.57,2025-07,2025,Thursday
ORD100044,2024-04-22,North,In-Store,Consumer,Rep_11,Apparel,Running Shoes,6,80.01,10.0,41.86,432.05,251.16,180.89,41.87,2024-04,2024,Monday
ORD100678,2024-05-01,South,Online,Consumer,Rep_01,Apparel,Backpack,4,103.37,0.0,53.81,413.48,215.24,198.24,47.94,2024-05,2024,Wednesday
ORD100566,2025-05-28,West,Online,Consumer,Rep_10,Home & Kitchen,Coffee Maker,8,48.87,15.0,32.01,332.32,256.08,76.24,22.94,2025-05,2025,Wednesday
ORD100460,2024-09-21,East,In-Store,Enterprise,Rep_07,Beauty,Hair Dryer,5,56.73,15.0,27.98,241.1,139.9,101.2,41.97,2024-09,2024,Saturday
ORD101932,2024-07-06,North,Marketplace,Consumer,Rep_11,Home & Kitchen,Air Fryer,6,144.98,10.0,87.76,782.89,526.56,256.33,32.74,2024-07,2024,Saturday
ORD101155,2024-07-30,West,Online,Enterprise,Rep_04,Beauty,Perfume,1,79.81,0.0,47.26,79.81,47.26,32.55,40.78,2024-07,2024,Tuesday
ORD100039,2025-12-30,South,In-Store,Consumer,Rep_01,Electronics,Smartwatch,8,106.97,0.0,56.07,855.76,448.56,407.2,47.58,2025-12,2025,Tuesday
ORD102482,2024-11-11,South,In-Store,Small Business,Rep_10,Electronics,Power Bank,7,64.35,0.0,33.47,450.45,234.29,216.16,47.99,2024-11,2024,Monday
ORD100973,2025-11-12,East,In-Store,Consumer,Rep_03,Electronics,Wireless Earbuds,8,30.45,0.0,15.18,243.6,121.44,122.16,50.15,2025-11,2025,Wednesday
ORD101786,2024-07-03,North,In-Store,Small Business,Rep_13,Electronics,Smartwatch,3,179.97,0.0,97.13,539.91,291.39,248.52,46.03,2024-07,2024,Wednesday
ORD101498,2025-07-18,North,Online,Small Business,Rep_15,Sports & Outdoors,Water Bottle,5,116.64,0.0,66.48,583.2,332.4,250.8,43.0,2025-07,2025,Friday
ORD102504,2024-06-16,East,Online,Consumer,Rep_03,Home & Kitchen,Blender,1,107.1,5.0,66.82,101.74,66.82,34.92,34.32,2024-06,2024,Sunday
ORD101835,2025-11-05,West,Online,Enterprise,Rep_07,Electronics,Laptop Stand,6,202.69,20.0,94.36,972.91,566.16,406.75,41.81,2025-11,2025,Wednesday
ORD102308,2025-04-17,East,Marketplace,Enterprise,Rep_04,Electronics,Power Bank,2,177.47,0.0,119.02,354.94,238.04,116.9,32.94,2025-04,2025,Thursday
ORD101840,2024-11-27,South,Online,Consumer,Rep_01,Electronics,Wireless Earbuds,3,212.07,0.0,135.23,636.21,405.69,230.52,36.23,2024-11,2024,Wednesday
ORD100827,2024-10-26,South,Marketplace,Consumer,Rep_07,Electronics,Laptop Stand,9,144.22,5.0,70.68,1233.08,636.12,596.96,48.41,2024-10,2024,Saturday
ORD101935,2025-02-06,South,Online,Small Business,Rep_01,Beauty,Face Serum,1,20.59,10.0,11.17,18.53,11.17,7.36,39.72,2025-02,2025,Thursday
ORD102044,2024-03-13,West,Online,Consumer,Rep_06,Apparel,Denim Jacket,3,80.72,0.0,39.23,242.16,117.69,124.47,51.4,2024-03,2024,Wednesday
ORD100309,2025-04-06,North,In-Store,Small Business,Rep_05,Home & Kitchen,Cookware Set,4,43.24,0.0,23.02,172.96,92.08,80.88,46.76,2025-04,2025,Sunday
ORD100276,2025-01-27,North,In-Store,Small Business,Rep_04,Apparel,Winter Coat,1,15.64,5.0,8.15,14.86,8.15,6.71,45.15,2025-01,2025,Monday
ORD100636,2025-11-14,East,Marketplace,Consumer,Rep_08,Sports & Outdoors,Camping Tent,11,75.81,0.0,50.91,833.91,560.01,273.9,32.85,2025-11,2025,Friday
ORD100654,2024-06-12,South,Online,Enterprise,Rep_01,Electronics,Wireless Earbuds,2,37.19,0.0,17.39,74.38,34.78,39.6,53.24,2024-06,2024,Wednesday
ORD100622,2024-02-29,South,In-Store,Small Business,Rep_02,Electronics,Power Bank,6,174.03,0.0,85.36,1044.18,512.16,532.02,50.95,2024-02,2024,Thursday
ORD101859,2024-05-06,East,In-Store,Consumer,Rep_11,Electronics,Smartwatch,4,167.92,0.0,104.47,671.68,417.88,253.8,37.79,2024-05,2024,Monday
ORD100844,2025-08-08,South,In-Store,Consumer,Rep_11,Electronics,Bluetooth Speaker,6,31.14,0.0,21.07,186.84,126.42,60.42,32.34,2025-08,2025,Friday
ORD100393,2025-01-31,East,In-Store,Consumer,Rep_02,Electronics,Bluetooth Speaker,2,159.92,10.0,87.18,287.86,174.36,113.5,39.43,2025-01,2025,Friday
ORD102155,2024-08-26,North,Online,Small Business,Rep_02,Apparel,Yoga Pants,3,21.51,0.0,11.32,64.53,33.96,30.57,47.37,2024-08,2024,Monday
ORD100349,2024-02-01,South,In-Store,Small Business,Rep_01,Electronics,Smartwatch,2,177.65,0.0,113.58,355.3,227.16,128.14,36.07,2024-02,2024,Thursday
ORD102572,2025-01-16,North,Online,Small Business,Rep_05,Sports & Outdoors,Water Bottle,5,58.58,10.0,27.09,263.61,135.45,128.16,48.62,2025-01,2025,Thursday
ORD100784,2025-11-01,East,Online,Consumer,Rep_03,Home & Kitchen,Vacuum Cleaner,6,145.12,0.0,84.46,870.72,506.76,363.96,41.8,2025-11,2025,Saturday
ORD100047,2025-12-25,North,In-Store,Consumer,Rep_13,Apparel,Backpack,7,79.13,5.0,45.08,526.21,315.56,210.65,40.03,2025-12,2025,Thursday
ORD101978,2025-12-05,East,Online,Enterprise,Rep_02,Electronics,Power Bank,4,132.01,5.0,74.66,501.64,298.64,203.0,40.47,2025-12,2025,Friday
ORD102251,2025-01-08,North,Online,Consumer,Rep_04,Home & Kitchen,Blender,6,48.88,0.0,27.58,293.28,165.48,127.8,43.58,2025-01,2025,Wednesday
ORD101655,2025-02-12,West,In-Store,Consumer,Rep_10,Electronics,Smartwatch,4,71.49,5.0,39.16,271.66,156.64,115.02,42.34,2025-02,2025,Wednesday
ORD102069,2024-05-23,North,Online,Enterprise,Rep_08,Beauty,Makeup Kit,3,85.03,10.0,52.09,229.58,156.27,73.31,31.93,2024-05,2024,Thursday
ORD100402,2024-03-15,North,In-Store,Enterprise,Rep_07,Sports & Outdoors,Yoga Mat,7,124.76,5.0,81.56,829.65,570.92,258.73,31.19,2024-03,2024,Friday
ORD101107,2025-11-12,West,Online,Consumer,Rep_04,Beauty,Hair Dryer,3,77.68,0.0,43.65,233.04,130.95,102.09,43.81,2025-11,2025,Wednesday
ORD101154,2025-11-28,East,In-Store,Consumer,Rep_10,Beauty,Perfume,5,26.71,0.0,13.5,133.55,67.5,66.05,49.46,2025-11,2025,Friday
ORD101439,2025-05-08,East,Online,Small Business,Rep_13,Electronics,Power Bank,1,185.91,0.0,96.13,185.91,96.13,89.78,48.29,2025-05,2025,Thursday
ORD101236,2024-10-01,North,In-Store,Consumer,Rep_11,Home & Kitchen,Cookware Set,7,106.26,10.0,65.45,669.44,458.15,211.29,31.56,2024-10,2024,Tuesday
ORD102001,2025-03-24,West,Online,Small Business,Rep_04,Beauty,Skincare Set,4,74.75,20.0,41.15,239.2,164.6,74.6,31.19,2025-03,2025,Monday
ORD100989,2025-01-07,South,Online,Consumer,Rep_05,Sports & Outdoors,Dumbbell Set,2,50.44,5.0,32.27,95.84,64.54,31.3,32.66,2025-01,2025,Tuesday
ORD101865,2024-02-04,North,In-Store,Consumer,Rep_10,Beauty,Skincare Set,1,49.21,0.0,31.85,49.21,31.85,17.36,35.28,2024-02,2024,Sunday
ORD101310,2025-02-20,East,Online,Small Business,Rep_05,Beauty,Hair Dryer,1,85.81,0.0,54.97,85.81,54.97,30.84,35.94,2025-02,2025,Thursday
ORD100033,2024-06-18,South,In-Store,Small Business,Rep_13,Home & Kitchen,Vacuum Cleaner,3,165.53,15.0,98.51,422.1,295.53,126.57,29.99,2024-06,2024,Tuesday
ORD100787,2024-03-20,West,Online,Consumer,Rep_15,Electronics,Bluetooth Speaker,5,218.61,0.0,142.17,1093.05,710.85,382.2,34.97,2024-03,2024,Wednesday
ORD101043,2024-08-14,East,Online,Consumer,Rep_12,Sports & Outdoors,Dumbbell Set,2,40.7,0.0,24.29,81.4,48.58,32.82,40.32,2024-08,2024,Wednesday
ORD100481,2025-05-17,West,Online,Small Business,Rep_15,Apparel,Yoga Pants,3,31.48,15.0,16.49,80.27,49.47,30.8,38.37,2025-05,2025,Saturday
ORD101243,2024-02-04,South,In-Store,Consumer,Rep_12,Electronics,Wireless Earbuds,1,182.44,0.0,117.21,182.44,117.21,65.23,35.75,2024-02,2024,Sunday
ORD102627,2024-10-26,East,In-Store,Consumer,Rep_03,Beauty,Hair Dryer,4,64.11,0.0,30.72,256.44,122.88,133.56,52.08,2024-10,2024,Saturday
ORD102529,2025-04-07,West,Online,Consumer,Rep_07,Sports & Outdoors,Camping Tent,4,63.73,0.0,36.85,254.92,147.4,107.52,42.18,2025-04,2025,Monday
ORD100931,2024-12-24,South,Online,Consumer,Rep_12,Beauty,Makeup Kit,2,85.86,0.0,47.11,171.72,94.22,77.5,45.13,2024-12,2024,Tuesday
ORD102404,2025-12-09,North,Online,Small Business,Rep_08,Electronics,Laptop Stand,9,183.19,0.0,97.8,1648.71,880.2,768.51,46.61,2025-12,2025,Tuesday
ORD101685,2024-01-28,North,Online,Small Business,Rep_08,Beauty,Perfume,3,53.32,0.0,24.67,159.96,74.01,85.95,53.73,2024-01,2024,Sunday
ORD101248,2025-02-04,South,In-Store,Small Business,Rep_09,Electronics,Bluetooth Speaker,7,212.58,20.0,134.04,1190.45,938.28,252.17,21.18,2025-02,2025,Tuesday
ORD100759,2024-09-12,East,Marketplace,Consumer,Rep_12,Apparel,Winter Coat,1,80.64,10.0,51.65,72.58,51.65,20.93,28.84,2024-09,2024,Thursday
ORD100092,2025-07-15,West,Online,Consumer,Rep_06,Apparel,Running Shoes,4,60.41,0.0,41.0,241.64,164.0,77.64,32.13,2025-07,2025,Tuesday
ORD101175,2025-08-13,North,Online,Consumer,Rep_05,Sports & Outdoors,Yoga Mat,1,120.68,10.0,73.53,108.61,73.53,35.08,32.3,2025-08,2025,Wednesday
ORD101415,2025-02-25,East,Online,Consumer,Rep_09,Home & Kitchen,Cookware Set,3,44.32,5.0,28.03,126.31,84.09,42.22,33.43,2025-02,2025,Tuesday
ORD101341,2024-09-10,South,In-Store,Consumer,Rep_13,Sports & Outdoors,Water Bottle,1,32.59,0.0,15.27,32.59,15.27,17.32,53.15,2024-09,2024,Tuesday
ORD101472,2025-01-22,East,Marketplace,Consumer,Rep_01,Beauty,Perfume,5,76.35,0.0,44.58,381.75,222.9,158.85,41.61,2025-01,2025,Wednesday
ORD102327,2024-05-13,South,Online,Consumer,Rep_14,Electronics,Bluetooth Speaker,2,60.39,10.0,36.26,108.7,72.52,36.18,33.28,2024-05,2024,Monday
ORD101607,2025-11-23,North,Online,Consumer,Rep_04,Electronics,Power Bank,2,67.56,0.0,36.34,135.12,72.68,62.44,46.21,2025-11,2025,Sunday
ORD100764,2024-10-08,South,In-Store,Consumer,Rep_08,Electronics,Laptop Stand,2,116.05,0.0,61.66,232.1,123.32,108.78,46.87,2024-10,2024,Tuesday
ORD101373,2024-08-25,West,Online,Consumer,Rep_15,Electronics,Bluetooth Speaker,1,103.28,0.0,66.92,103.28,66.92,36.36,35.21,2024-08,2024,Sunday
ORD101951,2025-07-17,East,In-Store,Small Business,Rep_11,Apparel,Running Shoes,5,37.59,0.0,17.24,187.95,86.2,101.75,54.14,2025-07,2025,Thursday
ORD102448,2024-03-20,West,In-Store,Consumer,Rep_08,Home & Kitchen,Air Fryer,5,168.05,5.0,100.1,798.24,500.5,297.74,37.3,2024-03,2024,Wednesday
ORD101728,2024-07-29,West,Online,Consumer,Rep_15,Home & Kitchen,Blender,7,109.41,0.0,56.32,765.87,394.24,371.63,48.52,2024-07,2024,Monday
ORD100257,2024-10-03,West,Marketplace,Consumer,Rep_05,Electronics,Bluetooth Speaker,6,114.32,0.0,52.63,685.92,315.78,370.14,53.96,2024-10,2024,Thursday
ORD100944,2024-09-26,East,In-Store,Consumer,Rep_05,Apparel,Denim Jacket,3,50.73,20.0,25.44,121.75,76.32,45.43,37.31,2024-09,2024,Thursday
ORD101219,2025-04-29,South,Online,Small Business,Rep_14,Home & Kitchen,Blender,8,66.52,0.0,41.86,532.16,334.88,197.28,37.07,2025-04,2025,Tuesday
ORD101161,2024-04-13,North,Online,Consumer,Rep_08,Home & Kitchen,Cookware Set,1,134.34,10.0,70.62,120.91,70.62,50.29,41.59,2024-04,2024,Saturday
ORD102542,2025-09-26,West,Online,Consumer,Rep_12,Home & Kitchen,Cookware Set,4,23.84,0.0,12.15,95.36,48.6,46.76,49.04,2025-09,2025,Friday
ORD100772,2025-08-06,East,In-Store,Small Business,Rep_08,Electronics,Smartwatch,1,213.43,0.0,124.2,213.43,124.2,89.23,41.81,2025-08,2025,Wednesday
ORD102598,2024-10-21,East,Online,Consumer,Rep_07,Apparel,Winter Coat,2,109.03,0.0,67.69,218.06,135.38,82.68,37.92,2024-10,2024,Monday
ORD101486,2024-09-25,West,Online,Small Business,Rep_15,Home & Kitchen,Cookware Set,1,70.16,5.0,40.09,66.65,40.09,26.56,39.85,2024-09,2024,Wednesday
ORD102249,2024-03-22,North,Marketplace,Consumer,Rep_12,Sports & Outdoors,Water Bottle,6,13.65,0.0,9.28,81.9,55.68,26.22,32.01,2024-03,2024,Friday
ORD100312,2025-03-07,East,Online,Small Business,Rep_03,Apparel,Yoga Pants,2,88.15,0.0,48.9,176.3,97.8,78.5,44.53,2025-03,2025,Friday
ORD100290,2024-12-23,North,Online,Consumer,Rep_15,Apparel,Denim Jacket,4,84.61,0.0,42.65,338.44,170.6,167.84,49.59,2024-12,2024,Monday
ORD100763,2025-04-22,North,Marketplace,Consumer,Rep_07,Beauty,Skincare Set,6,72.14,0.0,35.88,432.84,215.28,217.56,50.26,2025-04,2025,Tuesday
ORD100183,2025-05-09,North,Online,Consumer,Rep_13,Beauty,Face Serum,2,61.83,15.0,38.65,105.11,77.3,27.81,26.46,2025-05,2025,Friday
ORD101176,2024-04-16,West,Online,Consumer,Rep_07,Electronics,Laptop Stand,2,163.65,10.0,75.95,294.57,151.9,142.67,48.43,2024-04,2024,Tuesday
ORD101349,2024-03-30,West,Online,Small Business,Rep_06,Sports & Outdoors,Camping Tent,6,65.8,10.0,34.38,355.32,206.28,149.04,41.95,2024-03,2024,Saturday
ORD102298,2024-05-30,West,Online,Small Business,Rep_06,Apparel,Backpack,6,34.21,0.0,21.75,205.26,130.5,74.76,36.42,2024-05,2024,Thursday
ORD101099,2025-11-10,North,Online,Consumer,Rep_06,Sports & Outdoors,Camping Tent,7,86.36,0.0,52.51,604.52,367.57,236.95,39.2,2025-11,2025,Monday
ORD100391,2025-02-10,South,In-Store,Small Business,Rep_13,Electronics,Power Bank,3,188.64,0.0,101.78,565.92,305.34,260.58,46.05,2025-02,2025,Monday
ORD101919,2024-02-03,South,Online,Consumer,Rep_08,Sports & Outdoors,Yoga Mat,2,107.31,10.0,51.62,193.16,103.24,89.92,46.55,2024-02,2024,Saturday
ORD101456,2025-08-30,North,In-Store,Enterprise,Rep_08,Apparel,Denim Jacket,4,72.48,10.0,35.61,260.93,142.44,118.49,45.41,2025-08,2025,Saturday
ORD101092,2024-03-16,West,In-Store,Consumer,Rep_11,Apparel,Denim Jacket,4,86.36,0.0,49.14,345.44,196.56,148.88,43.1,2024-03,2024,Saturday
ORD102022,2024-09-29,South,In-Store,Small Business,Rep_01,Electronics,Smartwatch,4,209.53,5.0,109.98,796.21,439.92,356.29,44.75,2024-09,2024,Sunday
ORD100904,2025-05-02,North,In-Store,Consumer,Rep_11,Apparel,Winter Coat,3,51.68,0.0,28.3,155.04,84.9,70.14,45.24,2025-05,2025,Friday
ORD102602,2025-09-12,South,Online,Consumer,Rep_03,Apparel,Yoga Pants,7,57.42,0.0,39.02,401.94,273.14,128.8,32.04,2025-09,2025,Friday
ORD100366,2025-04-28,East,Online,Small Business,Rep_11,Apparel,Denim Jacket,7,103.06,5.0,65.45,685.35,458.15,227.2,33.15,2025-04,2025,Monday
ORD100345,2025-07-21,West,Online,Consumer,Rep_01,Sports & Outdoors,Camping Tent,5,66.34,0.0,33.88,331.7,169.4,162.3,48.93,2025-07,2025,Monday
ORD102583,2024-10-06,South,Online,Enterprise,Rep_15,Home & Kitchen,Vacuum Cleaner,2,38.39,0.0,22.16,76.78,44.32,32.46,42.28,2024-10,2024,Sunday
ORD101372,2024-10-05,West,Online,Consumer,Rep_12,Home & Kitchen,Blender,3,85.08,0.0,55.01,255.24,165.03,90.21,35.34,2024-10,2024,Saturday
ORD101639,2024-02-10,South,Online,Consumer,Rep_15,Electronics,Bluetooth Speaker,2,88.78,0.0,47.74,177.56,95.48,82.08,46.23,2024-02,2024,Saturday
ORD100919,2025-11-13,South,Online,Small Business,Rep_15,Sports & Outdoors,Dumbbell Set,8,24.41,0.0,13.2,195.28,105.6,89.68,45.92,2025-11,2025,Thursday
ORD100211,2024-08-13,South,Online,Consumer,Rep_04,Apparel,Denim Jacket,4,52.79,0.0,24.4,211.16,97.6,113.56,53.78,2024-08,2024,Tuesday
ORD101603,2025-12-17,North,In-Store,Consumer,Rep_05,Apparel,Denim Jacket,4,42.94,0.0,19.35,171.76,77.4,94.36,54.94,2025-12,2025,Wednesday
ORD102550,2025-12-29,North,In-Store,Consumer,Rep_06,Electronics,Laptop Stand,6,69.78,0.0,35.58,418.68,213.48,205.2,49.01,2025-12,2025,Monday
ORD100537,2024-12-30,West,Marketplace,Small Business,Rep_12,Electronics,Power Bank,6,56.63,5.0,33.26,322.79,199.56,123.23,38.18,2024-12,2024,Monday
ORD101220,2025-10-18,East,In-Store,Consumer,Rep_11,Electronics,Power Bank,3,130.78,0.0,74.84,392.34,224.52,167.82,42.77,2025-10,2025,Saturday
ORD100175,2024-10-04,East,Online,Consumer,Rep_08,Apparel,Backpack,3,61.4,5.0,33.96,174.99,101.88,73.11,41.78,2024-10,2024,Friday
