OrderID,OrderDate,Region,SalesChannel,CustomerSegment,SalesRep,ProductCategory,Product,Quantity,UnitPrice,DiscountPct,UnitCost,Revenue,Cost
ORD102132,2024-04-06,South,Online,Consumer,Rep_02,Sports & Outdoors,Camping Tent,4,144.58,20.0,91.36,462.66,365.44
ORD102470,2025-09-15,East,Online,Consumer,Rep_13,Beauty,Face Serum,2,57.39,0.0,33.55,114.78,67.1
ORD100002,2024-08-29,South,Marketplace,Small Business,Rep_02,Apparel,Denim Jacket,1,55.69,0.0,35.14,55.69,35.14
ORD100301,2025-04-01,North,In-Store,Consumer,Rep_06,Apparel,Yoga Pants,4,70.7,20.0,39.02,226.24,156.08
ORD101418,2025-10-28,West,In-Store,Consumer,Rep_06,Beauty,Face Serum,3,25.56,0.0,14.77,76.68,44.31
ORD101819,2024-06-01,East,Online,Enterprise,Rep_08,Home & Kitchen,Cookware Set,6,91.92,5.0,56.54,523.94,339.24
ORD101509,2025-07-28,West,In-Store,Enterprise,Rep_14,Home & Kitchen,Air Fryer,3,166.5,0.0,80.08,499.5,240.24
ORD100694,2024-01-18,North,Online,Small Business,Rep_14,Home & Kitchen,Cookware Set,1,73.16,0.0,34.17,73.16,34.17
ORD102217,2024-04-09,East,Online,Enterprise,Rep_04,Home & Kitchen,Coffee Maker,5,26.57,15.0,17.87,112.92,89.35
ORD102380,2025-05-03,West,Online,Consumer,Rep_04,Beauty,Skincare Set,4,26.95,15.0,13.94,91.63,55.76
ORD101042,2024-10-21, East ,Marketplace,Consumer,Rep_05,Home & Kitchen,Vacuum Cleaner,5,149.48,20.0,86.13,597.92,430.65
ORD101489,2024-02-23,East,In-Store,Consumer,Rep_09,Home & Kitchen,Coffee Maker,2,80.22,0.0,40.98,160.44,81.96
ORD101651,2024-04-15,South,Online,Consumer,Rep_14,Apparel,Denim Jacket,4,75.07,0.0,42.15,300.28,168.6
ORD100820,2025-09-13,North,In-Store,Small Business,Rep_07,Apparel,Winter Coat,3,110.95,0.0,69.84,332.85,209.52
ORD102065,2025-06-05,East,In-Store,Consumer,Rep_11,Home & Kitchen,Cookware Set,4,66.75,5.0,33.71,253.65,134.84
ORD102444,2024-09-30,North,Online,Consumer,Rep_13,Apparel,Running Shoes,3,91.51,5.0,52.61,260.8,157.83
ORD101159,2025-04-17,East,In-Store,Consumer,Rep_03,Home & Kitchen,Vacuum Cleaner,2,90.09,5.0,44.78,171.17,89.56
ORD102008,2025-09-24,North,Online,Small Business,Rep_12,Apparel,Running Shoes,2,60.35,0.0,34.35,120.7,68.7
ORD101337,2024-12-23,West,In-Store,Consumer,Rep_05,Apparel,Denim Jacket,2,25.75,0.0,13.05,51.5,26.1
ORD100328,2024-03-19,East,Online,Small Business,Rep_10,Electronics,Power Bank,3,98.23,0.0,52.35,294.69,157.05
ORD102340,2024-07-03,North,Online,Consumer,Rep_01,Beauty,Perfume,7,71.39,0.0,46.07,499.73,322.49
ORD100929,2024-06-14,North,In-Store,Enterprise,Rep_15,Beauty,Hair Dryer,5,74.13,0.0,47.94,370.65,239.7
ORD102560,2024-07-07,West,In-Store,Consumer,Rep_15,Home & Kitchen,Cookware Set,3,126.84,0.0,59.18,380.52,177.54
ORD101344,2024-06-27,West,In-Store,Consumer,Rep_08,Home & Kitchen,Air Fryer,1,85.27,0.0,43.46,85.27,43.46
ORD101675,2025-02-05,North,In-Store,Consumer,Rep_13,Apparel,Yoga Pants,1,91.0,0.0,54.68,91.0,54.68
ORD102014,2025-06-14,East,In-Store,Consumer,Rep_04,Home & Kitchen,Air Fryer,5,119.73,0.0,67.94,598.65,339.7
ORD101377,2025-03-06,North,Online,Small Business,Rep_12,Electronics,Smartwatch,1,161.91,0.0,106.28,161.91,106.28
ORD100517,2024-03-06,East,Online,Consumer,Rep_14,Home & Kitchen,Vacuum Cleaner,1,169.97,,106.86,169.97,106.86
ORD101396,2025-12-10,South,Marketplace,Consumer,Rep_04,Sports & Outdoors,Water Bottle,6,48.22,0.0,26.42,289.32,158.52
ORD102305,2025-12-06,South,Online,Consumer,Rep_09,Apparel,Denim Jacket,10,94.8,0.0,50.79,948.0,507.9
ORD100241,2024-11-25,East,Marketplace,Consumer,Rep_15,Home & Kitchen,Vacuum Cleaner,7,108.89,0.0,50.74,762.23,355.18
ORD100997,2025-12-09,West,Marketplace,Consumer,Rep_06,Home & Kitchen,Vacuum Cleaner,7,44.48,0.0,23.27,311.36,162.89
ORD102252,2025-09-03,South,Marketplace,Consumer,Rep_13,APPAREL,Yoga Pants,3,29.05,10.0,16.81,78.44,50.43
ORD102203,2025-08-12,East,Online,Consumer,Rep_02,Home & Kitchen,Coffee Maker,4,60.61,0.0,37.58,242.44,150.32
ORD100151,2025-09-20,East,In-Store,Consumer,Rep_14,Apparel,Backpack,8,101.41,20.0,55.43,649.02,443.44
ORD101408,2025-07-21,North,Marketplace,Consumer,Rep_02,Electronics,Smartwatch,2,67.9,0.0,39.24,135.8,78.48
ORD101029,2024-11-30,West,Online,Small Business,Rep_03,Beauty,Perfume,7,42.21,0.0,25.1,295.47,175.7
ORD100735,2024-08-24,South,Online,Small Business,Rep_05,Apparel,Running Shoes,3,115.08,5.0,62.81,327.98,188.43
ORD101966,2024-03-21,West,Online,Consumer,Rep_07,Beauty,Perfume,2,88.53,5.0,55.84,168.21,111.68
ORD102096,2025-12-01,East,Online,Small Business,Rep_08,Beauty,Hair Dryer,2,15.94,0.0,8.08,31.88,16.16
ORD100762,2025-12-29,East,In-Store,Consumer,Rep_08,Apparel,Running Shoes,4,69.03,0.0,33.98,276.12,135.92
ORD101287,2025-11-21,North,Marketplace,Consumer,Rep_11,Apparel,Backpack,1,38.75,0.0,17.44,38.75,17.44
ORD101549,2024-09-18,North,Online,Small Business,Rep_09,Beauty,Skincare Set,6,67.66,20.0,30.61,324.77,183.66
ORD100676,2024-05-29,South,Online,Small Business,Rep_09,Apparel,Running Shoes,2,74.11,20.0,46.51,118.58,93.02
ORD101684,2025-08-25,North,Online,Consumer,Rep_01,Home & Kitchen,Air Fryer,2,151.65,0.0,85.47,303.3,170.94
ORD101354,2024-06-25,East,Online,Consumer,Rep_03,Home & Kitchen,Air Fryer,5,82.5,0.0,52.8,412.5,264.0
ORD100398,2024-03-07,East,Online,Enterprise,Rep_05,Apparel,Winter Coat,5,81.8,0.0,44.67,409.0,223.35
ORD100873,2025-01-08,East,In-Store,Small Business,Rep_03,Apparel,Backpack,4,62.62,5.0,37.2,237.96,148.8
ORD101906,2024-12-09,West,Online,Consumer,Rep_03,Beauty,Hair Dryer,5,72.3,10.0,41.79,325.35,208.95
ORD102344,2024-06-24,North,In-Store,Small Business,Rep_07,Electronics,Laptop Stand,9,168.38,0.0,107.67,1515.42,969.03
ORD102076,2024-10-20,West,Marketplace,Enterprise,Rep_07,Electronics,Wireless Earbuds,2,146.12,0.0,85.85,292.24,171.7
ORD100186,2025-01-10,West,Online,Consumer,Rep_11,Electronics,Wireless Earbuds,7,200.16,0.0,91.79,1401.12,642.53
ORD100414,2025-07-21,South,In-Store,Consumer,Rep_05,Sports & Outdoors,Water Bottle,5,52.14,5.0,25.03,247.66,125.15
ORD101002,2025-11-27,South,In-Store,Small Business,Rep_11,Apparel,Yoga Pants,2,16.09,0.0,8.7,32.18,17.4
ORD100801,2025-12-20,East,Online,Small Business,Rep_04,Sports & Outdoors,Cycling Helmet,4,55.71,0.0,29.02,222.84,116.08
ORD101487,2024-08-31,North,Marketplace,Consumer,Rep_01,Apparel,Denim Jacket,3,40.29,0.0,22.57,120.87,67.71
ORD100026,2025-01-16,North,In-Store,Consumer,Rep_04,Apparel,Backpack,4,24.63,15.0,12.79,83.74,51.16
ORD101824,2024-07-09, East ,Online,Consumer,Rep_03,Home & Kitchen,Vacuum Cleaner,2,135.81,0.0,66.78,271.62,133.56
ORD100419,2025-01-19,South,In-Store,Consumer,Rep_10,Sports & Outdoors,Water Bottle,3,102.91,5.0,52.82,293.29,158.46
ORD102283,2025-05-29,West,In-Store,Consumer,Rep_09,Sports & Outdoors,Yoga Mat,4,60.51,0.0,28.38,242.04,113.52
ORD100705,2024-12-16,North,Marketplace,Small Business,Rep_09,Electronics,Bluetooth Speaker,2,127.26,0.0,62.29,254.52,124.58
ORD100631,2025-06-12,East,Marketplace,Consumer,Rep_10,Home & Kitchen,Air Fryer,4,129.81,0.0,59.95,519.24,239.8
ORD101450,2025-07-10,East,Online,Consumer,Rep_14,Home & Kitchen,Vacuum Cleaner,2,89.62,0.0,40.47,179.24,80.94
ORD101558,2024-05-11,West,Online,Consumer,Rep_09,Home & Kitchen,Air Fryer,3,114.46,0.0,75.74,343.38,227.22
ORD101753,2025-12-22,South,Online,Small Business,Rep_10,Home & Kitchen,Blender,7,171.99,5.0,82.33,1143.73,576.31
ORD102377,2024-02-22,East,In-Store,Small Business,Rep_01,Home & Kitchen,Air Fryer,4,93.83,5.0,44.82,356.55,179.28
ORD101649,2025-06-05,West,Marketplace,Consumer,Rep_15,Home & Kitchen,Air Fryer,3,47.81,0.0,28.98,143.43,86.94
ORD102084,2024-09-30,North,Online,Consumer,Rep_12,Electronics,Smartwatch,6,43.0,15.0,28.54,219.3,171.24
ORD102004,2024-06-19,East,Marketplace,Consumer,Rep_07,Beauty,Perfume,3,88.1,0.0,41.01,264.3,123.03
ORD101075,2024-08-16,North,Marketplace,Consumer,Rep_14,Sports & Outdoors,Yoga Mat,6,44.92,10.0,23.56,242.57,141.36
ORD101800,2024-05-13,West,In-Store,Small Business,Rep_04,Home & Kitchen,Cookware Set,3,159.3,0.0,95.05,477.9,285.15
ORD101224,2025-09-18,West,Online,Consumer,Rep_11,Electronics,Power Bank,2,41.7,0.0,26.15,83.4,52.3
ORD100356,2024-02-23,North,Marketplace,Consumer,Rep_04,Home & Kitchen,Cookware Set,1,129.9,0.0,61.94,129.9,61.94
ORD100506,2025-02-20,North,In-Store,Consumer,Rep_04,Electronics,Bluetooth Speaker,3,94.91,0.0,43.56,284.73,130.68
ORD101925,2025-09-29,North,Online,Small Business,Rep_11,Apparel,Running Shoes,1,52.15,10.0,25.77,46.94,25.77
ORD100879,2025-09-02,North,Online,Small Business,Rep_08,Home & Kitchen,Coffee Maker,3,126.85,0.0,73.49,380.55,220.47
ORD102193,2024-11-17,East,In-Store,Consumer,Rep_10,Sports & Outdoors,Dumbbell Set,8,22.03,5.0,11.74,167.43,93.92
ORD101317,2024-08-08,North,In-Store,Small Business,Rep_15,Apparel,Yoga Pants,1,17.34,0.0,11.44,17.34,11.44
ORD100637,2024-11-27,North,Online,Enterprise,Rep_09,Beauty,Perfume,4,80.89,0.0,47.16,323.56,188.64
ORD100450,2025-07-03,North,Marketplace,Consumer,Rep_09,Home & Kitchen,Cookware Set,3,82.91,0.0,53.01,248.73,159.03
ORD101945,2024-06-24,South,Online,Small Business,Rep_10,Beauty,Perfume,3,36.72,,19.04,110.16,57.12
ORD101085,2024-07-23,North,Online,Consumer,Rep_05,Sports & Outdoors,Dumbbell Set,1,74.11,0.0,43.5,74.11,43.5
ORD100568,2024-10-19,East,In-Store,Consumer,Rep_07,Home & Kitchen,Air Fryer,3,38.91,0.0,23.22,116.73,69.66
ORD101385,2025-06-19,South,Online,Consumer,Rep_07,Apparel,Running Shoes,3,19.67,5.0,11.03,56.06,33.09
ORD102031,2024-02-25,South,Online,Small Business,Rep_13,Beauty,Makeup Kit,5,53.14,0.0,26.17,265.7,130.85
ORD102510,2024-08-15,North,In-Store,Small Business,Rep_15,Beauty,Skincare Set,3,39.64,0.0,21.77,118.92,65.31
ORD100194,2024-09-28,North,Marketplace,Consumer,Rep_06,Sports & Outdoors,Dumbbell Set,4,143.69,5.0,82.8,546.02,331.2
ORD101397,2025-04-17,South,In-Store,Consumer,Rep_08,Home & Kitchen,Air Fryer,2,53.58,5.0,26.42,101.8,52.84
ORD101394,2024-11-24,West,Online,Small Business,Rep_15,Apparel,Winter Coat,9,42.0,0.0,27.87,378.0,250.83
ORD101874,2024-07-16,East,Online,Small Business,Rep_09,Apparel,Winter Coat,2,31.84,0.0,15.55,63.68,31.1
ORD101464,2024-07-10,East,Marketplace,Consumer,Rep_04,Home & Kitchen,Vacuum Cleaner,4,146.4,0.0,98.53,585.6,394.12
ORD100179,2025-04-16,South,Online,Consumer,Rep_03,Home & Kitchen,Cookware Set,4,50.88,5.0,31.8,193.34,127.2
ORD100687,2024-11-26,East,Online,Consumer,Rep_04,Electronics,Laptop Stand,8,192.92,0.0,92.41,1543.36,739.28
ORD101119,2024-02-25,East,Online,Consumer,Rep_13,Electronics,Power Bank,1,51.63,,29.75,51.63,29.75
ORD101730,2024-07-01,North,Online,Consumer,Rep_09,Sports & Outdoors,Camping Tent,5,79.59,0.0,51.16,397.95,255.8
ORD100819,2025-11-06,North,In-Store,Consumer,Rep_13,Electronics,Smartwatch,11,117.84,20.0,59.83,1036.99,658.13
ORD102074,2025-06-12,East,Online,Small Business,Rep_04,Beauty,Perfume,6,33.15,5.0,16.08,188.95,96.48
ORD102405,2024-01-05,West,Marketplace,Small Business,Rep_04,Beauty,Makeup Kit,1,45.53,0.0,22.46,45.53,22.46
ORD100744,2025-01-30,West,Online,Consumer,Rep_06,Sports & Outdoors,Camping Tent,3,127.71,0.0,72.61,383.13,217.83
ORD100400,2024-09-27,East,Online,Consumer,Rep_11,Home & Kitchen,Air Fryer,2,110.16,0.0,57.89,220.32,115.78
ORD102587,2024-07-08,East,Online,Small Business,Rep_13,Home & Kitchen,Coffee Maker,1,113.05,0.0,60.29,113.05,60.29
ORD102261,2025-07-06,South,Online,Consumer,Rep_03,Beauty,Hair Dryer,3,83.89,5.0,55.32,239.09,165.96
ORD102503,2024-04-02,East,Online,Consumer,Rep_11,Home & Kitchen,Vacuum Cleaner,2,154.39,0.0,95.17,308.78,190.34
ORD102514,2024-07-14,North,In-Store,Consumer,Rep_05,Electronics,Smartwatch,7,75.55,0.0,37.59,528.85,263.13
ORD101296,2024-09-11,South,Online,Consumer,Rep_10,Home & Kitchen,Blender,5,31.15,0.0,20.36,155.75,101.8
ORD102485,2024-12-26,West,In-Store,Small Business,Rep_06,Home & Kitchen,Cookware Set,2,65.93,15.0,34.51,112.08,69.02
ORD101802,2024-10-07,East,In-Store,Consumer,Rep_11,Electronics,Smartwatch,2,41.15,0.0,19.95,82.3,39.9
ORD100226,2025-07-18,West,Online,Enterprise,Rep_01,Electronics,Smartwatch,3,134.21,0.0,68.53,402.63,205.59
ORD102035,2024-09-13,South,In-Store,Consumer,Rep_05,Sports & Outdoors,Cycling Helmet,2,112.1,0.0,66.56,224.2,133.12
ORD101086,2024-10-28,North,Online,Consumer,Rep_04,Apparel,Backpack,4,103.25,0.0,67.65,413.0,270.6
ORD101871,2025-03-22,South,In-Store,Consumer,Rep_11,Apparel,Denim Jacket,1,38.52,0.0,25.88,38.52,25.88
ORD100713,2024-03-16,East,In-Store,Consumer,Rep_10,Sports & Outdoors,Cycling Helmet,6,39.86,0.0,23.95,239.16,143.7
ORD100863,2024-01-03,North,In-Store,Small Business,Rep_02,Beauty,Makeup Kit,3,46.6,10.0,21.63,125.82,64.89
ORD102041,2024-03-22,West,Online,Consumer,Rep_12,Home & Kitchen,Vacuum Cleaner,3,31.68,5.0,16.57,90.29,49.71
ORD101095,2024-06-24,North,In-Store,Consumer,Rep_07,Electronics,Laptop Stand,5,40.24,5.0,23.47,191.14,117.35
ORD100778,2024-01-22,East,Online,Consumer,Rep_03,Home & Kitchen,Air Fryer,2,128.25,10.0,64.65,230.85,129.3
ORD100423,2024-02-07,West,Online,Consumer,Rep_13,Home & Kitchen,Coffee Maker,2,141.09,0.0,67.8,282.18,135.6
ORD100514,2024-02-04,North,Marketplace,Consumer,Rep_10,Sports & Outdoors,Cycling Helmet,3,101.44,0.0,49.09,304.32,147.27
ORD102064,2024-09-23,East,Online,Enterprise,Rep_06,Apparel,Yoga Pants,1,112.87,0.0,72.57,112.87,72.57
ORD102066,2025-06-10,South,Online,Consumer,Rep_05,Beauty,Hair Dryer,2,38.76,0.0,25.99,77.52,51.98
ORD101528,2024-04-24,South,In-Store,Enterprise,Rep_01,Electronics,Smartwatch,2,161.52,0.0,104.02,323.04,208.04
ORD100716,2025-06-22,East,In-Store,Consumer,Rep_02,Home & Kitchen,Blender,6,34.86,0.0,23.08,209.16,138.48
ORD102467,2025-10-10,South,Online,Consumer,Rep_01,Electronics,Wireless Earbuds,5,134.86,5.0,90.17,640.58,450.85
ORD100142,2024-04-27,East,Online,Consumer,Rep_04,Sports & Outdoors,Camping Tent,3,27.29,15.0,17.83,69.59,53.49
ORD101812,2024-03-19,North,Online,Consumer,Rep_07,Beauty,Hair Dryer,3,41.89,0.0,22.63,125.67,67.89
ORD101645,2024-05-11,North,In-Store,Consumer,Rep_15,Electronics,Wireless Earbuds,5,131.04,5.0,85.1,622.44,425.5
ORD100740,2025-09-17,West,Online,Consumer,Rep_03,Electronics,Laptop Stand,3,202.74,0.0,129.35,608.22,388.05
ORD100582,2024-09-17,East,Online,Consumer,Rep_11,Beauty,Makeup Kit,2,24.49,0.0,16.29,48.98,32.58
ORD101007,2025-01-20,South,Online,,Rep_05,Apparel,Winter Coat,6,91.68,0.0,56.88,550.08,341.28
ORD100672,2025-02-06,West,Online,Consumer,Rep_15,Apparel,Yoga Pants,4,37.79,0.0,20.31,151.16,81.24
ORD100732,2024-04-18,North,In-Store,Small Business,Rep_07,Electronics,Laptop Stand,3,86.19,0.0,44.25,258.57,132.75
ORD101659,2024-03-20,South,Online,Small Business,Rep_08,Beauty,Face Serum,3,71.13,5.0,33.05,202.72,99.15
ORD102538,2025-04-18,North,Marketplace,Consumer,Rep_09,Home & Kitchen,Blender,3,176.64,0.0,108.8,529.92,326.4
ORD100190,2024-11-21,East,Online,Consumer,Rep_04,Sports & Outdoors,Camping Tent,4,87.36,0.0,45.57,349.44,182.28
ORD100415,2025-04-20,East,Online,Consumer,Rep_05,Home & Kitchen,Air Fryer,3,45.0,5.0,27.79,128.25,83.37
ORD100354,2024-05-06,North,Online,Small Business,Rep_08,Apparel,Running Shoes,4,91.57,0.0,54.65,366.28,218.6
ORD100110,2024-09-19,East,In-Store,Small Business,Rep_08,Home & Kitchen,Air Fryer,1,36.45,0.0,20.22,36.45,20.22
ORD100412,2024-07-26,West,In-Store,Consumer,Rep_15,Beauty,Skincare Set,5,24.49,0.0,12.91,122.45,64.55
ORD101634,2025-07-25,West,In-Store,Enterprise,Rep_10,Home & Kitchen,Vacuum Cleaner,4,94.85,0.0,60.18,379.4,240.72
ORD100584,2025-01-25,East,Online,Enterprise,Rep_09,Beauty,Makeup Kit,5,52.9,0.0,35.51,264.5,177.55
ORD101471,2024-03-10,South,Online,Consumer,Rep_14,Apparel,Yoga Pants,3,87.61,5.0,59.04,249.69,177.12
ORD101929,2025-03-15,South,Online,Consumer,Rep_05,Electronics,Laptop Stand,2,135.34,0.0,89.1,270.68,178.2
ORD101401,2025-03-07,South,Marketplace,Small Business,Rep_08,Beauty,Perfume,4,35.07,0.0,21.2,140.28,84.8
ORD102562,2025-03-12,East,Online,Consumer,Rep_09,Home & Kitchen,Blender,3,171.44,0.0,81.04,514.32,243.12
ORD102557,2024-10-10,East,Online,Consumer,Rep_02,Electronics,Smartwatch,5,147.67,0.0,88.15,738.35,440.75
ORD101070,2025-05-10,North,Online,Consumer,Rep_09,Sports & Outdoors,Yoga Mat,7,59.47,10.0,33.88,374.66,237.16
ORD100060,2025-10-29,East,In-Store,Enterprise,Rep_09,Electronics,Laptop Stand,1,74.75,0.0,48.68,74.75,48.68
ORD102427,2025-05-16,West,Online,Consumer,Rep_15,Sports & Outdoors,Water Bottle,4,64.79,15.0,39.43,220.29,157.72
ORD101608,2024-11-22,South,Online,Small Business,Rep_02,Beauty,Makeup Kit,5,35.14,0.0,23.71,175.7,118.55
ORD102120,2024-03-22,North,In-Store,Consumer,Rep_01,Home & Kitchen,Cookware Set,2,41.7,5.0,19.63,79.23,39.26
ORD101281,2024-10-26,South,Online,Consumer,Rep_07,Home & Kitchen,Coffee Maker,5,124.36,10.0,58.18,559.62,290.9
ORD100099,2025-03-18,West,Online,Small Business,Rep_06,Electronics,Laptop Stand,3,75.23,0.0,50.44,225.69,151.32
ORD101731,2025-04-21,North,Online,Small Business,Rep_09,Home & Kitchen,Vacuum Cleaner,4,31.16,0.0,19.81,124.64,79.24
ORD101912,2024-03-14,West,Online,Consumer,Rep_10,Apparel,Winter Coat,3,96.14,0.0,52.03,288.42,156.09
ORD100892,2024-05-03,North,Marketplace,Consumer,Rep_06,Apparel,Running Shoes,2,42.86,5.0,24.78,81.43,49.56
ORD102471,2025-06-12,North,Online,Consumer,Rep_02,Apparel,Backpack,3,70.37,0.0,35.76,211.11,107.28
ORD100151,2025-09-20,East,In-Store,Consumer,Rep_14,Apparel,Backpack,8,101.41,20.0,55.43,649.02,443.44
ORD101625,2025-06-09,South,Online,Consumer,Rep_14,Beauty,Skincare Set,3,61.67,0.0,33.87,185.01,101.61
ORD100868,2024-09-01,West,Online,Small Business,Rep_07,Beauty,Makeup Kit,5,77.31,5.0,51.31,367.22,256.55
ORD101666,2025-05-23,East,Online,Consumer,Rep_15,Electronics,Laptop Stand,3,193.44,0.0,95.45,580.32,286.35
ORD100635,2025-05-09,South,Online,Consumer,Rep_06,Beauty,Makeup Kit,3,30.63,5.0,18.13,87.3,54.39
ORD100270,2024-10-24,East,Online,Small Business,Rep_15,Electronics,Smartwatch,2,195.6,0.0,93.98,391.2,187.96
ORD100340,2025-05-11,North,Online,Consumer,Rep_10,Sports & Outdoors,Water Bottle,1,95.03,0.0,58.82,95.03,58.82
ORD102013,2024-07-22, South ,Marketplace,Small Business,Rep_01,Sports & Outdoors,Water Bottle,3,122.19,0.0,63.18,366.57,189.54
ORD101914,2024-04-14,North,In-Store,Consumer,Rep_03,Home & Kitchen,Cookware Set,6,176.85,0.0,114.84,1061.1,689.04
ORD100325,2025-09-21,East,Online,Consumer,Rep_12,Home & Kitchen,Cookware Set,3,166.44,0.0,96.2,499.32,288.6
ORD102645,2025-04-03,East,In-Store,Consumer,Rep_09,Apparel,Denim Jacket,2,88.79,0.0,48.3,177.58,96.6
ORD100737,2024-08-12,South,Online,Small Business,Rep_12,Apparel,Winter Coat,7,113.05,5.0,60.81,751.78,425.67
ORD102416,2024-05-22,South,Marketplace,Small Business,Rep_11,Sports & Outdoors,Cycling Helmet,3,119.84,0.0,72.12,359.52,216.36
ORD102279,2024-09-24,South,Marketplace,Enterprise,Rep_07,Home & Kitchen,Vacuum Cleaner,3,34.12,0.0,18.23,102.36,54.69
ORD101144,2024-08-04,West,Marketplace,Enterprise,Rep_05,Home & Kitchen,Air Fryer,3,148.4,5.0,87.83,422.94,263.49
ORD101297,2024-03-26,East,Online,Small Business,Rep_05,Sports & Outdoors,Cycling Helmet,3,122.05,0.0,79.85,366.15,239.55
ORD101512,2025-05-20,East,Online,Consumer,Rep_04,Home & Kitchen,Coffee Maker,2,143.56,0.0,74.32,287.12,148.64
ORD102594,2025-07-30,East,Online,Consumer,Rep_11,Electronics,Bluetooth Speaker,11,36.83,0.0,22.0,405.13,242.0
ORD100835,2025-05-31,East,Online,Small Business,Rep_14,Home & Kitchen,Blender,7,51.05,0.0,22.99,357.35,160.93
ORD100779,2024-12-06,North,Online,Small Business,,Beauty,Skincare Set,6,40.85,20.0,27.41,196.08,164.46
ORD100386,2024-05-26,East,Online,Small Business,Rep_10,Apparel,Backpack,3,75.84,0.0,48.4,227.52,145.2
ORD100592,2025-01-15,East,Marketplace,Consumer,Rep_13,HOME & KITCHEN,Cookware Set,3,27.14,0.0,15.16,81.42,45.48
ORD102072,2024-03-11,West,Marketplace,Small Business,Rep_03,Beauty,Perfume,2,20.02,15.0,11.2,34.03,22.4
ORD101162,2024-08-16,East,Online,Consumer,Rep_15,Electronics,Bluetooth Speaker,2,171.33,10.0,81.12,308.39,162.24
ORD100063,2025-09-20,South,In-Store,Enterprise,Rep_03,Electronics,Laptop Stand,4,216.26,0.0,124.78,865.04,499.12
ORD100563,2025-07-08,South,In-Store,Consumer,Rep_07,Beauty,Makeup Kit,2,10.44,0.0,5.14,20.88,10.28
ORD100804,2024-01-01,North,In-Store,Consumer,Rep_06,Beauty,Perfume,3,31.51,0.0,20.43,94.53,61.29
ORD101815,2025-11-02,East,In-Store,Consumer,Rep_07,Home & Kitchen,Vacuum Cleaner,2,143.86,20.0,86.52,230.18,173.04
ORD100456,2025-05-12,East,Online,Consumer,Rep_09,Apparel,Yoga Pants,4,30.39,0.0,15.5,121.56,62.0
ORD101939,2024-09-10,West,Online,Consumer,Rep_06,Apparel,Backpack,7,26.83,15.0,17.71,159.64,123.97
ORD102354,2024-08-23,South,Online,Small Business,Rep_08,Sports & Outdoors,Camping Tent,2,113.1,0.0,65.58,226.2,131.16
ORD100562,2024-02-26,West,Online,Consumer,Rep_06,Electronics,Smartwatch,7,76.47,0.0,44.8,535.29,313.6
ORD101170,2024-11-05,North,Online,Consumer,Rep_08,Beauty,Makeup Kit,9,43.39,10.0,20.62,351.46,185.58
ORD102461,2024-06-05, North ,Online,Consumer,Rep_07,Apparel,Denim Jacket,1,53.4,0.0,36.12,53.4,36.12
ORD100546,2025-09-20,North,Online,Consumer,Rep_13,Sports & Outdoors,Camping Tent,3,83.02,0.0,53.49,249.06,160.47
ORD100512,2024-11-06,West,Marketplace,Consumer,Rep_09,Beauty,Hair Dryer,3,58.02,0.0,36.54,174.06,109.62
ORD102574,2024-12-31,West,In-Store,Consumer,Rep_10,Sports & Outdoors,Dumbbell Set,2,132.74,5.0,66.59,252.21,133.18
ORD101189,2024-08-13,West,Online,,Rep_15,Beauty,Face Serum,4,39.02,0.0,26.27,156.08,105.08
ORD100664,2025-03-03, South ,Online,Small Business,Rep_13,Electronics,Bluetooth Speaker,2,159.58,0.0,73.77,319.16,147.54
ORD100395,2024-08-19,South,Online,Consumer,Rep_11,Home & Kitchen,Blender,5,124.86,0.0,72.14,624.3,360.7
ORD102246,2024-12-28,North,Online,Consumer,Rep_06,Beauty,Hair Dryer,9,15.13,0.0,8.52,136.17,76.68
ORD100615,2024-10-14,East,Online,Consumer,Rep_15,Home & Kitchen,Coffee Maker,1,150.87,5.0,82.3,143.33,82.3
ORD101476,2024-12-10,South,Marketplace,Small Business,Rep_02,Sports & Outdoors,Dumbbell Set,1,43.0,0.0,19.92,43.0,19.92
ORD101975,2024-03-04,East,Online,Consumer,Rep_09,Home & Kitchen,Cookware Set,3,161.71,10.0,95.12,436.62,285.36
ORD100219,2025-04-21,West,In-Store,Consumer,Rep_10,Apparel,Winter Coat,6,21.47,0.0,13.23,128.82,79.38
ORD100691,2024-04-29,East,Marketplace,Small Business,Rep_07,Beauty,Face Serum,7,75.31,0.0,40.68,527.17,284.76
ORD102520,2025-08-27,East,In-Store,Small Business,Rep_07,Electronics,Bluetooth Speaker,3,219.47,15.0,149.17,559.65,447.51
ORD101034,2024-06-12,North,Online,Consumer,Rep_02,BEAUTY,Makeup Kit,3,49.42,5.0,26.38,140.85,79.14
ORD100806,2024-04-27,East,Online,Consumer,Rep_11,Home & Kitchen,Cookware Set,5,111.19,5.0,59.97,528.15,299.85
ORD100632,2024-05-31,South,Online,Small Business,Rep_08,Sports & Outdoors,Cycling Helmet,4,58.28,10.0,29.31,209.81,117.24
ORD101293,2025-06-20,West,In-Store,Small Business,Rep_12,Sports & Outdoors,Yoga Mat,4,17.04,0.0,9.59,68.16,38.36
ORD101422,2024-08-29,North,Online,Consumer,Rep_05,Beauty,Face Serum,5,75.66,5.0,48.76,359.38,243.8
ORD101234,2024-12-22,North,Online,Consumer,Rep_14,Electronics,Bluetooth Speaker,4,85.8,0.0,49.1,343.2,196.4
ORD102342,2024-11-04,East,In-Store,Small Business,Rep_01,Electronics,Bluetooth Speaker,4,97.23,0.0,49.12,388.92,196.48
ORD102272,2024-12-13,North,Online,Consumer,Rep_14,Beauty,Perfume,4,16.85,0.0,9.16,67.4,36.64
ORD101343,2024-04-12,East,In-Store,Small Business,Rep_13,Home & Kitchen,Blender,3,76.15,0.0,48.76,228.45,146.28
ORD100338,2024-12-24,South,Online,Consumer,Rep_05,Beauty,Makeup Kit,5,23.92,0.0,12.6,119.6,63.0
ORD102320,2024-04-11,North,Online,Small Business,Rep_15,Beauty,Makeup Kit,2,34.2,15.0,21.96,58.14,43.92
ORD101573,2024-07-12,West,Marketplace,Enterprise,Rep_14,Sports & Outdoors,Yoga Mat,4,118.73,5.0,63.33,451.17,253.32
ORD102614,2025-08-18,North,Marketplace,Consumer,Rep_04,Electronics,Power Bank,5,201.97,0.0,110.83,1009.85,554.15
ORD101514,2025-09-28,West,In-Store,Consumer,Rep_11,Sports & Outdoors,Dumbbell Set,4,137.27,10.0,78.08,494.17,312.32
ORD100527,2025-10-31,South,Online,Consumer,Rep_10,Home & Kitchen,Cookware Set,6,178.76,10.0,115.68,965.3,694.08
ORD102349,2024-10-28,West,Online,Small Business,Rep_06,Apparel,Running Shoes,3,39.12,0.0,25.43,117.36,76.29
ORD101044,2025-09-06,South,Online,Small Business,Rep_10,Sports & Outdoors,Dumbbell Set,1,70.56,5.0,45.76,67.03,45.76
ORD100375,2024-01-17,South,Marketplace,Consumer,Rep_08,Home & Kitchen,Air Fryer,2,165.74,,103.58,314.91,207.16
ORD102023,2025-08-28,North,Online,Consumer,Rep_13,Home & Kitchen,Coffee Maker,6,54.65,15.0,30.1,278.71,180.6
ORD102102,2025-08-31,East,In-Store,Consumer,Rep_11,APPAREL,Running Shoes,4,50.04,0.0,27.77,200.16,111.08
ORD100259,2024-05-07,West,Marketplace,,Rep_04,Apparel,Backpack,2,40.36,0.0,23.03,80.72,46.06
ORD100840,2025-06-01,North,Online,Small Business,Rep_07,Sports & Outdoors,Cycling Helmet,8,109.29,15.0,61.45,743.17,491.6
ORD102625,2025-10-06,North,Online,Consumer,Rep_04,Apparel,Denim Jacket,4,113.74,15.0,63.29,386.72,253.16
ORD101005,2025-02-03,North,In-Store,Consumer,Rep_10,Apparel,Yoga Pants,2,15.12,0.0,8.71,30.24,17.42
ORD101667,2025-11-19, North ,In-Store,Consumer,Rep_14,Home & Kitchen,Coffee Maker,3,66.26,5.0,32.67,188.84,98.01
ORD100523,2025-05-30,East,In-Store,Consumer,Rep_14,Electronics,Wireless Earbuds,2,136.06,0.0,88.83,272.12,177.66
ORD102496,2024-10-07,South,Marketplace,Consumer,Rep_05,Home & Kitchen,Air Fryer,2,179.57,0.0,92.67,359.14,185.34
ORD102294,2025-03-19,East,In-Store,Small Business,Rep_04,Beauty,Face Serum,6,58.66,0.0,27.13,351.96,162.78
ORD101276,2025-09-07,East,Online,Consumer,Rep_01,Apparel,Denim Jacket,6,85.54,0.0,48.52,513.24,291.12
ORD101389,2025-09-03,East,Online,Consumer,Rep_03,Beauty,Perfume,2,88.06,0.0,44.13,176.12,88.26
ORD101682,2024-06-30,East,Online,Small Business,,Beauty,Makeup Kit,4,43.21,0.0,26.41,172.84,105.64
ORD101302,2024-01-26,East,Marketplace,Consumer,Rep_14,Sports & Outdoors,Yoga Mat,1,43.15,0.0,20.69,43.15,20.69
ORD102547,2024-05-27,East,In-Store,Consumer,Rep_11,Apparel,Backpack,1,92.08,0.0,44.59,92.08,44.59
ORD102015,2024-08-17,East,Online,Consumer,Rep_09,Sports & Outdoors,Camping Tent,2,44.68,0.0,22.19,89.36,44.38
ORD100278,2025-01-01,North,Online,Small Business,Rep_09,Electronics,Bluetooth Speaker,5,110.19,5.0,62.45,523.4,312.25
ORD101780,2025-07-16,North,Online,Enterprise,Rep_02,Home & Kitchen,Vacuum Cleaner,3,49.4,0.0,26.65,148.2,79.95
ORD100339,2024-10-26,North,Marketplace,Consumer,Rep_09,Apparel,Winter Coat,4,54.58,0.0,34.42,218.32,137.68
ORD101973,2024-04-18,East,Online,Consumer,Rep_11,Apparel,Winter Coat,1,55.2,0.0,34.42,55.2,34.42
ORD102063,2025-06-09,West,In-Store,Consumer,Rep_15,Home & Kitchen,Vacuum Cleaner,4,26.11,0.0,13.72,104.44,54.88
ORD102285,2025-08-04,East,Marketplace,Enterprise,Rep_11,Apparel,Yoga Pants,2,107.82,0.0,50.34,215.64,100.68
ORD102576,2024-05-05,East,In-Store,Small Business,Rep_15,Electronics,Power Bank,1,209.79,0.0,120.85,209.79,120.85
ORD101593,2024-04-06,South,In-Store,Small Business,Rep_02,Sports & Outdoors,Dumbbell Set,3,135.53,20.0,66.82,325.27,200.46
ORD101918,2025-08-09,North,Online,Consumer,Rep_10,Beauty,Makeup Kit,4,12.43,0.0,7.76,49.72,31.04
ORD100214,2025-10-10,East,In-Store,Enterprise,Rep_09,Beauty,Skincare Set,8,44.51,,30.01,356.08,240.08
ORD100848,2024-04-25,North,Online,Small Business,Rep_11,Apparel,Winter Coat,5,92.46,15.0,47.68,392.95,238.4
ORD100576,2025-10-12,East,In-Store,Small Business,Rep_08,Apparel,Yoga Pants,3,81.57,0.0,53.43,244.71,160.29
ORD100544,2024-05-11,West,Online,Small Business,Rep_01,Electronics,Wireless Earbuds,4,102.93,20.0,61.68,329.38,246.72
ORD100440,2024-08-19,South,Online,Small Business,Rep_14,Apparel,Backpack,1,104.7,0.0,54.24,104.7,54.24
ORD100767,2024-01-08,South,Marketplace,Consumer,Rep_08,Home & Kitchen,Cookware Set,4,112.87,0.0,65.01,451.48,260.04
ORD102142,2025-01-03,North,In-Store,Consumer,Rep_11,Apparel,Yoga Pants,4,96.75,0.0,61.8,387.0,247.2
ORD100267,2025-11-04,South,Online,Consumer,Rep_11,Home & Kitchen,Air Fryer,7,107.89,0.0,55.32,755.23,387.24
ORD101809,2024-10-22,South,Online,Consumer,Rep_15,Apparel,Yoga Pants,2,97.31,,58.65,165.43,117.3
ORD101965,2024-10-21,East,Marketplace,Consumer,Rep_06,Sports & Outdoors,Dumbbell Set,7,118.2,10.0,62.96,744.66,440.72
ORD100836,2024-01-06,North,In-Store,Small Business,Rep_04,Beauty,Face Serum,3,55.31,0.0,29.96,165.93,89.88
ORD102037,2024-08-15,East,In-Store,Small Business,Rep_08,Sports & Outdoors,Yoga Mat,6,60.45,0.0,41.04,362.7,246.24
ORD100773,2025-10-14,West,Online,Consumer,Rep_01,Beauty,Makeup Kit,1,13.28,5.0,8.98,12.62,8.98
ORD100213,2024-03-10,North,Online,Small Business,Rep_01,Home & Kitchen,Blender,5,111.85,20.0,69.74,447.4,348.7
ORD102408,2024-02-23,South,In-Store,Small Business,Rep_15,Home & Kitchen,Coffee Maker,5,152.46,10.0,90.81,686.07,454.05
ORD100580,2025-04-24,East,In-Store,Consumer,Rep_14,Electronics,Power Bank,1,90.66,0.0,41.05,90.66,41.05
ORD100147,2025-12-09,East,In-Store,Consumer,Rep_10,Electronics,Laptop Stand,5,142.77,0.0,87.12,713.85,435.6
ORD100587,2025-02-10,East,Marketplace,Small Business,Rep_03,Electronics,Wireless Earbuds,7,32.06,0.0,17.18,224.42,120.26
ORD101888,2025-03-21,East,In-Store,Consumer,Rep_07,Apparel,Yoga Pants,2,58.63,0.0,37.43,117.26,74.86
ORD100484,2025-12-21,West,Marketplace,Consumer,Rep_12,Apparel,Denim Jacket,6,21.65,0.0,12.65,129.9,75.9
ORD100217,2025-11-08,West,Marketplace,Small Business,Rep_10,APPAREL,Denim Jacket,9,66.59,0.0,40.66,599.31,365.94
ORD101478,2024-08-31,South,In-Store,Enterprise,Rep_07,Home & Kitchen,Air Fryer,1,175.14,0.0,92.54,175.14,92.54
ORD101822,2025-09-17,South,Online,Consumer,Rep_03,Beauty,Hair Dryer,8,30.61,0.0,15.31,244.88,122.48
ORD100318,2025-05-05,North,Marketplace,Consumer,Rep_14,Apparel,Running Shoes,1,62.35,0.0,33.08,62.35,33.08
ORD100667,2025-03-31,South,Online,Enterprise,Rep_11,Electronics,Smartwatch,4,129.01,10.0,67.13,464.44,268.52
ORD102629,2024-09-24,South,Online,Consumer,Rep_08,Beauty,Perfume,3,73.12,0.0,48.57,219.36,145.71
ORD101011,2024-12-17,West,Online,Consumer,Rep_03,Home & Kitchen,Blender,4,132.37,15.0,61.41,450.06,245.64
ORD101680,2024-03-08,West,Marketplace,Consumer,Rep_11,Home & Kitchen,Vacuum Cleaner,4,21.61,0.0,11.74,86.44,46.96
ORD102244,2024-10-03, East ,Online,Small Business,Rep_01,Home & Kitchen,Coffee Maker,3,164.49,0.0,105.49,493.47,316.47
ORD102597,2025-03-21,East,Online,Consumer,Rep_09,Home & Kitchen,Blender,3,143.36,15.0,93.97,365.57,281.91
ORD100513,2025-06-27,West,Marketplace,Small Business,Rep_01,Apparel,Winter Coat,8,76.57,10.0,49.88,551.3,399.04
ORD102585,2024-04-22,South,Online,Consumer,Rep_02,Beauty,Perfume,1,61.36,0.0,33.89,61.36,33.89
ORD102321,2024-10-15,West,Marketplace,Enterprise,Rep_09,Apparel,Denim Jacket,3,96.41,0.0,48.71,289.23,146.13
ORD101232,2024-10-05,South,Online,Consumer,Rep_15,Electronics,Wireless Earbuds,2,97.15,0.0,60.7,194.3,121.4
ORD100121,2024-09-07,East,Online,Consumer,Rep_08,Electronics,Wireless Earbuds,2,27.75,0.0,13.72,55.5,27.44
ORD102563,2025-12-12,East,In-Store,Consumer,Rep_14,HOME & KITCHEN,Blender,3,44.06,10.0,27.09,118.96,81.27
ORD100407,2025-08-22,North,Marketplace,Consumer,Rep_02,Electronics,Laptop Stand,8,180.39,0.0,103.09,1443.12,824.72
ORD102053,2025-12-12,East,In-Store,Consumer,Rep_02,Beauty,Face Serum,3,34.96,0.0,21.17,104.88,63.51
ORD101210,2024-12-18,East,Online,Consumer,Rep_06,Apparel,Winter Coat,2,48.55,0.0,22.0,97.1,44.0
ORD100602,2025-12-09,East,Online,Small Business,Rep_07,Apparel,Backpack,8,92.96,0.0,58.77,743.68,470.16
ORD101124,2024-11-30,East,In-Store,Enterprise,Rep_07,Sports & Outdoors,Water Bottle,4,142.59,5.0,65.48,541.84,261.92
ORD100947,2024-04-13,East,In-Store,Consumer,Rep_02,Apparel,Denim Jacket,2,19.21,0.0,9.87,38.42,19.74
ORD101202,2025-02-13,South,In-Store,Small Business,Rep_07,Home & Kitchen,Vacuum Cleaner,2,143.18,0.0,85.82,286.36,171.64
ORD100150,2025-01-20,North,Online,Consumer,Rep_06,Beauty,Makeup Kit,5,86.77,0.0,40.69,433.85,203.45
ORD102357,2025-08-26,East,Online,Small Business,Rep_12,Sports & Outdoors,Water Bottle,1,47.48,5.0,26.5,45.11,26.5
ORD101430,2025-11-30,South,Online,Consumer,Rep_03,Electronics,Bluetooth Speaker,3,150.95,0.0,85.21,452.85,255.63
ORD100253,2025-01-30,North,In-Store,Consumer,Rep_09,Electronics,Laptop Stand,4,199.78,5.0,116.64,759.16,466.56
ORD100883,2024-12-31,East,Online,Enterprise,Rep_04,Sports & Outdoors,Camping Tent,8,95.33,5.0,46.27,724.51,370.16
ORD101760,2024-12-03,North,In-Store,Small Business,Rep_15,Sports & Outdoors,Water Bottle,6,27.87,0.0,14.04,167.22,84.24
ORD102052,2024-01-16,North,Online,Small Business,Rep_09,Electronics,Wireless Earbuds,2,161.56,15.0,77.3,274.65,154.6
ORD100807,2024-09-14,East,Online,Small Business,Rep_06,Home & Kitchen,Vacuum Cleaner,4,101.42,10.0,48.03,365.11,192.12
ORD102363,2024-08-06,North,Marketplace,Small Business,Rep_03,Sports & Outdoors,Dumbbell Set,2,63.23,0.0,35.86,126.46,71.72
ORD101962,2025-01-24,West,Online,Small Business,Rep_10,Electronics,Smartwatch,2,218.36,0.0,104.11,436.72,208.22
ORD100749,2024-06-21,North,In-Store,Small Business,Rep_06,Beauty,Makeup Kit,1,71.21,0.0,36.72,71.21,36.72
ORD101898,2024-12-10,East,In-Store,Small Business,Rep_02,Sports & Outdoors,Yoga Mat,4,64.09,10.0,40.04,230.72,160.16
ORD102434,2025-03-24,North,Online,Consumer,,Beauty,Makeup Kit,5,32.04,0.0,18.85,160.2,94.25
ORD101564,2025-06-15,North,Online,Consumer,Rep_10,Sports & Outdoors,Camping Tent,7,98.21,0.0,55.92,687.47,391.44
ORD100596,2024-05-28,North,Online,Consumer,Rep_10,Beauty,Hair Dryer,3,35.27,15.0,22.66,89.94,67.98
ORD102636,2024-03-04,East,Online,Consumer,Rep_03,Home & Kitchen,Coffee Maker,1,32.17,0.0,21.53,32.17,21.53
ORD102000,2024-07-05,South,In-Store,Consumer,Rep_05,HOME & KITCHEN,Coffee Maker,4,145.95,0.0,97.66,583.8,390.64
ORD100638,2024-02-20,North,Online,Small Business,Rep_14,Home & Kitchen,Coffee Maker,5,179.82,5.0,103.38,854.14,516.9
ORD101900,2025-04-24, East ,Online,Enterprise,Rep_12,Apparel,Winter Coat,3,90.61,0.0,43.99,271.83,131.97
ORD102159,2024-05-14,East,Marketplace,Enterprise,Rep_04,Home & Kitchen,Vacuum Cleaner,5,154.84,0.0,99.43,774.2,497.15
ORD101942,2024-12-29,North,In-Store,Consumer,Rep_08,Home & Kitchen,Vacuum Cleaner,2,71.49,5.0,36.21,135.83,72.42
ORD101961,2025-03-31,North,Marketplace,Consumer,Rep_14,Apparel,Backpack,7,73.37,5.0,36.39,487.91,254.73
ORD102075,2024-08-06,South,Marketplace,Small Business,Rep_07,Electronics,Bluetooth Speaker,7,198.6,0.0,107.68,1390.2,753.76
ORD100347,2024-11-28,East,Online,Small Business,Rep_05,Apparel,Running Shoes,6,98.92,5.0,55.91,563.84,335.46
ORD100089,2024-02-21,South,Online,Consumer,Rep_12,Home & Kitchen,Vacuum Cleaner,9,68.47,0.0,31.06,616.23,279.54
ORD102457,2025-08-04,West,Online,Small Business,Rep_15,Apparel,Denim Jacket,3,24.81,5.0,15.53,70.71,46.59
ORD101420,2025-06-22,North,In-Store,Consumer,Rep_04,Electronics,Laptop Stand,8,83.69,10.0,55.88,602.57,447.04
ORD100017,2024-08-20,North,Marketplace,Consumer,Rep_08,Home & Kitchen,Vacuum Cleaner,4,35.86,0.0,20.38,143.44,81.52
ORD100296,2024-01-11,West,Marketplace,Consumer,Rep_13,Apparel,Winter Coat,3,101.67,0.0,63.37,305.01,190.11
ORD101995,2024-12-07,North,Online,Small Business,Rep_08,Electronics,Smartwatch,4,139.56,15.0,76.2,474.5,304.8
ORD101931,2024-12-14,West,Online,Consumer,Rep_02,Electronics,Smartwatch,7,136.99,5.0,65.1,910.98,455.7
ORD101926,2025-12-30,East,Online,Consumer,Rep_15,Electronics,Bluetooth Speaker,4,26.17,5.0,13.72,99.45,54.88
ORD101298,2024-09-20,South,Online,Consumer,Rep_15,Electronics,Wireless Earbuds,4,105.0,0.0,62.61,420.0,250.44
ORD100115,2024-11-21,South,Online,Consumer,Rep_03,Home & Kitchen,Blender,1,25.13,0.0,13.95,25.13,13.95
ORD100453,2024-01-21,North,Online,Consumer,Rep_11,Sports & Outdoors,Water Bottle,3,132.56,0.0,66.45,397.68,199.35
ORD100979,2025-05-04,North,Online,Consumer,Rep_12,Electronics,Bluetooth Speaker,3,65.23,0.0,42.26,195.69,126.78
ORD101262,2024-06-26,South,In-Store,Consumer,Rep_02,Apparel,Backpack,6,96.05,0.0,44.59,576.3,267.54
ORD101635,2025-12-06,East,Online,Consumer,Rep_15,Apparel,Yoga Pants,8,97.63,15.0,48.24,663.88,385.92
ORD101033,2025-07-10,South,Marketplace,Consumer,Rep_08,Sports & Outdoors,Dumbbell Set,5,103.81,0.0,58.66,519.05,293.3
ORD102136,2025-10-14,North,Online,Consumer,Rep_08,Apparel,Backpack,3,94.07,5.0,49.91,268.1,149.73
ORD101583,2025-05-31,West,Online,Consumer,Rep_04,Electronics,Power Bank,2,211.93,0.0,115.4,423.86,230.8
ORD100262,2024-10-26,East,In-Store,Consumer,Rep_15,Apparel,Winter Coat,3,83.67,0.0,38.59,251.01,115.77
ORD100993,2025-08-24,North,Marketplace,Consumer,Rep_15,Electronics,Wireless Earbuds,2,77.05,0.0,35.8,154.1,71.6
ORD101218,2024-11-11,North,In-Store,Consumer,Rep_03,Sports & Outdoors,Camping Tent,9,61.91,15.0,40.23,473.61,362.07
ORD102638,2025-07-15,North,In-Store,Small Business,Rep_10,Beauty,Skincare Set,1,77.91,0.0,42.21,77.91,42.21
ORD101077,2025-09-11,West,Online,Small Business,Rep_05,Apparel,Backpack,3,86.36,0.0,54.19,259.08,162.57
ORD102431,2024-04-12, West ,Online,Consumer,Rep_02,Home & Kitchen,Air Fryer,3,101.01,15.0,59.01,257.58,177.03
ORD100590,2025-10-08,West,Online,Consumer,Rep_07,Apparel,Running Shoes,4,109.24,5.0,52.84,415.11,211.36
ORD100298,2025-07-23,South,Online,Consumer,Rep_05,Sports & Outdoors,Water Bottle,5,43.38,10.0,28.46,195.21,142.3
ORD100479,2024-08-27,West,In-Store,Small Business,Rep_02,Sports & Outdoors,Yoga Mat,2,62.31,0.0,33.65,124.62,67.3
ORD102419,2025-10-21,West,In-Store,Consumer,Rep_07,Apparel,Winter Coat,5,102.91,0.0,65.09,514.55,325.45
ORD102094,2025-07-13,North,Online,Consumer,Rep_01,Sports & Outdoors,Dumbbell Set,6,118.16,0.0,53.62,708.96,321.72
ORD102230,2024-03-17,West,In-Store,Enterprise,Rep_12,Beauty,Hair Dryer,4,41.25,0.0,23.38,165.0,93.52
ORD100000,2024-03-06,West,In-Store,Consumer,Rep_08,Home & Kitchen,Cookware Set,4,145.77,0.0,67.74,583.08,270.96
ORD100037,2024-03-20,East,In-Store,Consumer,Rep_01,Sports & Outdoors,Dumbbell Set,4,129.68,0.0,84.8,518.72,339.2
ORD102143,2025-03-23,West,Online,Small Business,Rep_05,ELECTRONICS,Wireless Earbuds,9,178.26,0.0,100.84,1604.34,907.56
ORD101803,2025-06-02,South,In-Store,Small Business,Rep_04,Apparel,Running Shoes,7,108.82,0.0,62.94,761.74,440.58
ORD101776,2025-09-04,East,Online,Small Business,Rep_15,Sports & Outdoors,Dumbbell Set,6,122.76,0.0,68.69,736.56,412.14
ORD101141,2024-10-28,North,Online,Enterprise,Rep_07,Apparel,Backpack,3,19.42,0.0,11.36,58.26,34.08
ORD100738,2024-06-05,North,Online,Consumer,Rep_03,Electronics,Laptop Stand,4,70.05,0.0,31.93,280.2,127.72
ORD100877,2024-11-18,East,In-Store,Consumer,Rep_12,Electronics,Smartwatch,3,35.95,0.0,24.04,107.85,72.12
ORD101428,2024-01-30,South,In-Store,Small Business,,Home & Kitchen,Blender,4,143.65,0.0,96.93,574.6,387.72
ORD101153,2025-12-10,North,In-Store,Consumer,Rep_10,Sports & Outdoors,Camping Tent,5,25.46,10.0,14.22,114.57,71.1
ORD101778,2025-05-08,North,Online,Consumer,Rep_06,Apparel,Winter Coat,5,80.1,0.0,37.74,400.5,188.7
ORD100094,2025-12-08,North,Online,Consumer,,Apparel,Running Shoes,4,99.29,10.0,53.8,357.44,215.2
ORD100374,2024-03-27,East,In-Store,Consumer,Rep_14,Apparel,Denim Jacket,1,64.0,15.0,37.62,54.4,37.62
ORD102185,2024-01-10,West,Online,Small Business,Rep_04,Sports & Outdoors,Water Bottle,4,40.61,0.0,24.36,162.44,97.44
ORD100713,2024-03-16,East,In-Store,Consumer,Rep_10,Sports & Outdoors,Cycling Helmet,6,39.86,0.0,23.95,239.16,143.7
ORD102421,2024-09-11,West,In-Store,Consumer,Rep_14,Electronics,Wireless Earbuds,3,91.91,5.0,56.3,261.94,168.9
ORD100058,2025-12-20,South,Marketplace,Small Business,Rep_05,Electronics,Laptop Stand,9,128.63,0.0,61.61,1157.67,554.49
ORD102632,2025-04-10,West,In-Store,Consumer,Rep_03,Home & Kitchen,Air Fryer,6,156.04,0.0,74.16,936.24,444.96
ORD100959,2024-03-06,South,Online,Small Business,Rep_15,Electronics,Laptop Stand,5,205.84,0.0,102.64,1029.2,513.2
ORD101763,2025-01-10,South,In-Store,Consumer,Rep_02,Electronics,Wireless Earbuds,4,152.57,0.0,74.1,610.28,296.4
ORD102362,2025-04-13,South,Online,Consumer,Rep_11,Beauty,Makeup Kit,6,57.33,0.0,36.8,343.98,220.8
ORD101192,2025-07-27,South,Online,Consumer,Rep_06,Apparel,Yoga Pants,4,98.04,0.0,55.67,392.16,222.68
ORD100196,2024-12-29,West,Online,Consumer,Rep_14,Sports & Outdoors,Water Bottle,4,19.5,10.0,12.64,70.2,50.56
ORD101368,2024-08-06,South,Online,Consumer,Rep_15,Apparel,Backpack,1,25.34,0.0,11.81,25.34,11.81
ORD100372,2024-11-01,South,Online,Consumer,Rep_01,Apparel,Running Shoes,1,73.47,0.0,36.35,73.47,36.35
ORD101398,2024-10-03,West,Online,Consumer,Rep_15,ELECTRONICS,Laptop Stand,1,75.63,0.0,42.09,75.63,42.09
ORD101163,2025-01-02,South,In-Store,Small Business,Rep_02,Sports & Outdoors,Water Bottle,3,100.94,10.0,68.07,272.54,204.21
ORD100619,2024-11-17,North,Marketplace,Small Business,Rep_10,Apparel,Running Shoes,6,88.3,5.0,48.76,503.31,292.56
ORD102028,2025-01-25,North,In-Store,Small Business,Rep_14,Apparel,Running Shoes,1,46.68,0.0,22.36,46.68,22.36
ORD102047,2025-03-20,North,Marketplace,Consumer,Rep_07,Beauty,Hair Dryer,4,12.8,5.0,7.06,48.64,28.24
ORD101972,2024-05-01,East,In-Store,Consumer,Rep_06,Electronics,Wireless Earbuds,1,129.51,0.0,76.04,129.51,76.04
ORD100945,2025-01-09,East,Online,Consumer,Rep_03,Home & Kitchen,Cookware Set,7,141.52,0.0,77.13,990.64,539.91
ORD102118,2024-03-04,East,Marketplace,Enterprise,Rep_10,Home & Kitchen,Cookware Set,4,83.03,0.0,48.67,332.12,194.68
ORD101671,2025-03-11,South,Online,Consumer,Rep_11,Beauty,Makeup Kit,1,76.68,5.0,41.72,72.85,41.72
ORD100362,2024-12-23,East,Online,Consumer,Rep_10,Home & Kitchen,Cookware Set,3,51.28,0.0,26.75,153.84,80.25
ORD100051,2024-10-14,North,In-Store,Consumer,Rep_04,Home & Kitchen,Blender,2,27.23,0.0,17.04,54.46,34.08
ORD101193,2024-02-09,East,Online,Small Business,Rep_03,Apparel,Backpack,4,118.84,5.0,79.19,451.59,316.76
ORD101318,2024-10-25,North,In-Store,Small Business,Rep_01,Home & Kitchen,Coffee Maker,2,64.1,5.0,37.32,121.79,74.64
ORD100789,2025-08-28,East,In-Store,Consumer,Rep_01,Apparel,Winter Coat,2,49.04,0.0,24.58,98.08,49.16
ORD101976,2024-06-23,North,Online,Consumer,Rep_06,Apparel,Winter Coat,3,62.94,0.0,42.41,188.82,127.23
ORD101402,2025-05-22,North,Marketplace,Consumer,Rep_03,Home & Kitchen,Air Fryer,1,34.32,0.0,22.8,34.32,22.8
ORD102615,2024-04-15,West,Online,Consumer,Rep_13,Apparel,Denim Jacket,2,107.58,0.0,58.3,215.16,116.6
ORD100170,2024-07-05,North,Marketplace,Consumer,Rep_07,Apparel,Yoga Pants,1,90.19,0.0,41.96,90.19,41.96
ORD100034,2024-10-12,North,Online,Enterprise,Rep_11,Home & Kitchen,Air Fryer,10,115.76,5.0,63.81,1099.72,638.1
ORD101301,2024-11-11,East,In-Store,Small Business,Rep_03,Home & Kitchen,Air Fryer,6,161.68,0.0,88.17,970.08,529.02
ORD100727,2025-01-04,West,Online,Small Business,Rep_09,Home & Kitchen,Vacuum Cleaner,3,134.2,0.0,89.82,402.6,269.46
ORD100502,2025-03-29,West,Online,Consumer,Rep_06,Home & Kitchen,Vacuum Cleaner,1,37.25,0.0,25.24,37.25,25.24
ORD101854,2025-03-15,East,Online,Consumer,Rep_13,Apparel,Winter Coat,6,117.43,0.0,66.72,704.58,400.32
ORD102284,2025-04-27,East,Online,,Rep_12,Home & Kitchen,Blender,6,130.06,0.0,65.91,780.36,395.46
ORD100707,2024-07-20,East,Online,Consumer,Rep_10,Sports & Outdoors,Yoga Mat,1,30.82,0.0,14.9,30.82,14.9
ORD101205,2025-05-22,North,Marketplace,Small Business,Rep_14,Home & Kitchen,Cookware Set,9,33.77,20.0,18.85,243.14,169.65
ORD101974,2025-07-31,East,Online,,Rep_01,Beauty,Skincare Set,1,55.09,5.0,34.14,52.34,34.14
ORD101447,2025-07-28,East,Online,Small Business,Rep_04,Apparel,Backpack,2,84.25,5.0,52.25,160.07,104.5
ORD101911,2025-06-10,East,Online,Consumer,Rep_10,Home & Kitchen,Air Fryer,7,142.67,0.0,87.99,998.69,615.93
ORD102253,2025-11-13,North,Online,Consumer,Rep_05,Beauty,Makeup Kit,5,73.94,0.0,49.63,369.7,248.15
ORD101896,2025-10-30,West,Marketplace,Consumer,Rep_10,Beauty,Perfume,3,29.97,15.0,16.67,76.42,50.01
ORD100899,2025-10-15,West,Marketplace,Small Business,Rep_03,Sports & Outdoors,Water Bottle,2,149.74,0.0,86.98,299.48,173.96
ORD102092,2024-06-25,South,Marketplace,Consumer,Rep_15,Beauty,Skincare Set,5,72.26,0.0,33.14,361.3,165.7
ORD100206,2024-02-03,South,In-Store,Enterprise,Rep_14,Beauty,Perfume,2,33.41,0.0,22.7,66.82,45.4
ORD100720,2024-01-04,North,In-Store,Small Business,Rep_01,Home & Kitchen,Coffee Maker,4,83.42,15.0,55.75,283.63,223.0
ORD100547,2024-12-05,East,In-Store,Consumer,,Apparel,Running Shoes,5,85.13,5.0,50.96,404.37,254.8
ORD101370,2024-12-08,East,Online,Consumer,Rep_14,Electronics,Smartwatch,8,103.53,0.0,60.79,828.24,486.32
ORD100658,2024-07-17,East,Online,Consumer,Rep_05,Apparel,Winter Coat,3,19.24,0.0,12.31,57.72,36.93
ORD101263,2025-11-15,East,Online,Consumer,Rep_07,Electronics,Smartwatch,9,111.9,10.0,68.64,906.39,617.76
ORD102197,2024-06-26,North,Online,Enterprise,Rep_13,Beauty,Skincare Set,6,69.24,0.0,33.83,415.44,202.98
ORD100684,2025-06-08,North,In-Store,Consumer,Rep_01,Sports & Outdoors,Camping Tent,4,118.66,5.0,73.51,450.91,294.04
ORD101252,2024-11-06,South,In-Store,Enterprise,Rep_06,Electronics,Power Bank,3,41.76,0.0,23.36,125.28,70.08
ORD101082,2024-08-30,West,In-Store,Small Business,Rep_04,Electronics,Laptop Stand,3,94.59,10.0,55.6,255.39,166.8
ORD100426,2024-01-19,South,Online,Consumer,Rep_08,Home & Kitchen,Vacuum Cleaner,2,136.91,10.0,72.98,246.44,145.96
ORD101352,2024-07-26,North,Online,Consumer,Rep_09,Electronics,Wireless Earbuds,3,94.36,20.0,50.55,226.46,151.65
ORD102289,2024-05-04,South,Marketplace,Consumer,Rep_12,Sports & Outdoors,Yoga Mat,3,76.7,0.0,44.42,230.1,133.26
ORD101910,2024-09-16,South,Online,Small Business,Rep_13,HOME & KITCHEN,Vacuum Cleaner,1,137.27,0.0,77.39,137.27,77.39
ORD102103,2024-07-21,South,Online,Consumer,Rep_10,Sports & Outdoors,Camping Tent,5,87.43,10.0,52.68,393.44,263.4
ORD102590,2025-12-18,North,Online,Consumer,Rep_08,Home & Kitchen,Cookware Set,5,63.23,5.0,31.35,300.34,156.75
ORD100640,2025-02-25,West,In-Store,Consumer,Rep_10,Sports & Outdoors,Dumbbell Set,6,64.13,0.0,41.36,384.78,248.16
ORD101566,2025-05-02,West,In-Store,Small Business,Rep_06,Beauty,Hair Dryer,1,49.51,5.0,31.39,47.03,31.39
ORD101493,2024-12-11,North,Online,Small Business,Rep_09,Electronics,Smartwatch,5,30.32,0.0,17.28,151.6,86.4
ORD102417,2024-01-14,South,Online,Small Business,Rep_05,Beauty,Skincare Set,3,36.0,10.0,20.93,97.2,62.79
ORD101784,2025-02-25,East,Online,Consumer,Rep_07,Sports & Outdoors,Water Bottle,5,27.68,0.0,14.2,138.4,71.0
ORD100897,2025-07-20,East,Online,Small Business,,Sports & Outdoors,Yoga Mat,1,92.95,10.0,44.36,83.66,44.36
ORD100795,2024-05-09,North,Online,Consumer,Rep_04,Electronics,Smartwatch,1,92.66,0.0,58.17,92.66,58.17
ORD100474,2024-04-29,South,Online,Consumer,Rep_10,Home & Kitchen,Coffee Maker,6,53.03,0.0,28.07,318.18,168.42
ORD102629,2024-09-24,South,Online,Consumer,Rep_08,Beauty,Perfume,3,73.12,0.0,48.57,219.36,145.71
ORD101621,2025-12-30,North,Online,Small Business,Rep_07,Apparel,Backpack,5,71.9,0.0,40.5,359.5,202.5
ORD100200,2025-01-02,South,In-Store,Consumer,Rep_13,Apparel,Yoga Pants,6,74.25,0.0,43.46,0.0,260.76
ORD101286,2024-05-20,West,Marketplace,Consumer,Rep_05,Apparel,Denim Jacket,2,17.92,0.0,12.01,35.84,24.02
ORD101437,2025-03-12,West,Online,Small Business,Rep_15,Electronics,Laptop Stand,1,75.85,0.0,43.24,75.85,43.24
ORD101538,2024-05-08,West,Marketplace,Enterprise,Rep_04,Sports & Outdoors,Dumbbell Set,7,116.66,0.0,70.9,816.62,496.3
ORD102071,2024-03-10,West,Online,Enterprise,Rep_05,Sports & Outdoors,Cycling Helmet,2,64.29,0.0,38.13,128.58,76.26
ORD101294,2025-07-03,North,Online,Small Business,Rep_14,Sports & Outdoors,Water Bottle,8,21.58,10.0,13.11,155.38,104.88
ORD101701,2024-07-26,South,In-Store,Small Business,Rep_15,Electronics,Wireless Earbuds,5,43.7,20.0,19.71,174.8,98.55
ORD102160,2025-06-17,South,Online,Consumer,Rep_11,Apparel,Running Shoes,6,74.92,5.0,41.16,427.04,246.96
ORD100071,2024-12-13,West,Online,Consumer,Rep_03,Electronics,Wireless Earbuds,4,35.78,0.0,17.1,143.12,68.4
ORD100295,2024-09-17,South,Online,Enterprise,Rep_09,Electronics,Smartwatch,3,105.65,20.0,61.04,253.56,183.12
ORD101393,2024-06-24,South,Online,Consumer,Rep_09,Sports & Outdoors,Cycling Helmet,6,100.99,15.0,53.47,515.05,320.82
ORD101134,2025-09-21,East,In-Store,Consumer,Rep_14,Beauty,Face Serum,2,16.63,0.0,8.38,33.26,16.76
ORD101506,2024-05-20,West,Marketplace,Consumer,Rep_05,Beauty,Hair Dryer,1,11.29,0.0,6.79,11.29,6.79
ORD100396,2025-01-05,East,Online,Consumer,Rep_05,Electronics,Power Bank,4,121.15,0.0,57.47,484.6,229.88
ORD101879,2024-12-17,East,Marketplace,Consumer,Rep_07,Beauty,Makeup Kit,4,79.66,20.0,44.38,254.91,177.52
ORD100704,2024-02-26,West,Marketplace,Consumer,Rep_11,Home & Kitchen,Air Fryer,3,152.19,0.0,95.52,456.57,286.56
ORD100651,2024-03-27,East,In-Store,Consumer,Rep_06,Sports & Outdoors,Water Bottle,4,46.26,20.0,21.4,148.03,85.6
ORD101853,2025-05-26,North,Online,Small Business,Rep_03,Electronics,Laptop Stand,1,208.92,0.0,128.53,208.92,128.53
ORD101084,2025-05-10,East,Online,Consumer,Rep_15,Electronics,Bluetooth Speaker,3,88.72,0.0,54.12,266.16,162.36
ORD102264,2024-06-10,West,In-Store,Consumer,Rep_09,Sports & Outdoors,Yoga Mat,6,29.09,0.0,16.77,174.54,100.62
ORD102299,2024-10-27,East,In-Store,Enterprise,Rep_03,Home & Kitchen,Coffee Maker,1,158.74,5.0,99.97,150.8,99.97
ORD100240,2024-12-10,North,Marketplace,Consumer,Rep_11,Apparel,Yoga Pants,2,44.42,0.0,25.47,88.84,50.94
ORD100536,2025-05-30,East,Online,Consumer,,Electronics,Smartwatch,6,56.69,0.0,26.93,340.14,161.58
ORD100670,2025-06-04,East,In-Store,Consumer,Rep_06,Home & Kitchen,Vacuum Cleaner,8,41.38,0.0,20.08,331.04,160.64
ORD102491,2024-07-29,East,Online,Consumer,Rep_09,Beauty,Skincare Set,6,72.92,0.0,38.92,437.52,233.52
ORD101990,2025-10-05,West,Online,Consumer,Rep_06,Apparel,Yoga Pants,6,38.64,0.0,23.44,231.84,140.64
ORD101967,2024-06-05,South,Online,Small Business,Rep_02,Beauty,Face Serum,4,10.04,0.0,6.1,40.16,24.4
ORD101586,2024-04-20,South,Online,Consumer,Rep_07,Electronics,Smartwatch,5,69.39,,42.9,346.95,214.5
ORD102186,2024-08-10,North,Marketplace,Consumer,Rep_01,Electronics,Bluetooth Speaker,1,121.86,0.0,59.18,121.86,59.18
ORD100013,2024-05-25,East,In-Store,Consumer,Rep_01,Sports & Outdoors,Dumbbell Set,3,140.76,0.0,90.19,422.28,270.57
ORD102002,2024-12-23,North,Online,Consumer,Rep_10,Apparel,Yoga Pants,2,38.79,0.0,22.76,77.58,45.52
ORD102390,2025-11-07,East,Online,Consumer,Rep_13,Beauty,Skincare Set,4,57.75,5.0,33.29,219.45,133.16
ORD101058,2025-09-25,South,Online,Small Business,Rep_01,Apparel,Running Shoes,3,45.15,0.0,25.82,135.45,77.46
ORD100496,2024-06-29,North,In-Store,Consumer,Rep_14,Beauty,Perfume,2,18.91,0.0,9.88,37.82,19.76
ORD101755,2024-09-16,East,Online,Consumer,Rep_14,Electronics,Wireless Earbuds,4,82.05,0.0,37.37,328.2,149.48
ORD100376,2024-03-23,South,Online,Small Business,Rep_15,Home & Kitchen,Coffee Maker,5,135.81,5.0,90.91,645.1,454.55
ORD101611,2024-09-17,North,Online,Consumer,Rep_05,Sports & Outdoors,Yoga Mat,3,121.5,10.0,58.95,328.05,176.85
ORD101157,2024-03-08,South,Marketplace,Small Business,Rep_01,APPAREL,Winter Coat,1,119.25,0.0,77.47,119.25,77.47
ORD101644,2025-09-16,South,In-Store,Small Business,Rep_13,Apparel,Denim Jacket,4,42.82,0.0,21.59,171.28,86.36
ORD102609,2024-05-30,North,Online,Consumer,Rep_04,Home & Kitchen,Blender,3,116.56,0.0,53.09,349.68,159.27
ORD102393,2024-02-16,South,In-Store,Consumer,Rep_13,Electronics,Bluetooth Speaker,4,40.49,5.0,23.39,153.86,93.56
ORD100358,2024-07-12,West,Online,Enterprise,Rep_13,Apparel,Winter Coat,1,52.64,0.0,23.74,52.64,23.74
ORD100287,2024-04-22,East,In-Store,Consumer,Rep_12,Apparel,Yoga Pants,4,117.97,0.0,66.28,471.88,265.12
ORD102637,2025-01-20,East,Online,Enterprise,Rep_12,Beauty,Face Serum,6,58.63,0.0,28.09,351.78,168.54
ORD102479,2024-03-19,West,Marketplace,Consumer,Rep_04,Home & Kitchen,Air Fryer,2,126.74,0.0,82.55,253.48,165.1
ORD102302,2025-08-29,South,In-Store,Consumer,Rep_11,Electronics,Wireless Earbuds,4,32.72,0.0,21.06,130.88,84.24
ORD102400,2025-07-01,West,Online,Consumer,Rep_11,Apparel,Denim Jacket,3,102.05,5.0,65.09,290.84,195.27
ORD100721,2025-08-01,West,Online,Small Business,Rep_15,Apparel,Backpack,1,46.24,5.0,30.27,43.93,30.27
ORD100232,2024-07-27,West,Online,Consumer,Rep_04,Electronics,Bluetooth Speaker,3,73.87,15.0,44.32,188.37,132.96
ORD101670,2025-08-15,West,Marketplace,Consumer,,Apparel,Backpack,2,66.88,10.0,30.55,120.38,61.1
ORD100341,2025-08-22,West,In-Store,Consumer,Rep_05,Apparel,Yoga Pants,3,45.39,5.0,23.36,129.36,70.08
ORD101650,2025-01-15,East,Online,Consumer,Rep_04,Home & Kitchen,Cookware Set,3,75.07,0.0,34.27,225.21,102.81
ORD102332,2025-07-30,West,In-Store,Consumer,Rep_04,Apparel,Running Shoes,3,100.61,0.0,46.25,301.83,138.75
ORD100699,2025-04-01,East,In-Store,Consumer,Rep_06,Apparel,Winter Coat,4,61.08,5.0,37.32,232.1,149.28
ORD101348,2024-09-28,West,Marketplace,Consumer,Rep_09,Home & Kitchen,Vacuum Cleaner,3,47.37,0.0,28.85,142.11,86.55
ORD102375,2024-07-10,South,Online,Small Business,Rep_05,Electronics,Power Bank,2,133.99,0.0,70.53,267.98,141.06
ORD101737,2024-08-20,West,In-Store,Consumer,Rep_07,Apparel,Yoga Pants,4,118.39,5.0,67.21,449.88,268.84
ORD101749,2024-08-11,North,Online,Consumer,Rep_06,Electronics,Power Bank,2,44.86,0.0,28.33,89.72,56.66
ORD102165,2025-03-02,South,Online,Consumer,Rep_07,Home & Kitchen,Air Fryer,4,130.42,5.0,82.14,495.6,328.56
ORD102141,2024-03-28,East,In-Store,Consumer,Rep_08,Home & Kitchen,Cookware Set,2,44.82,0.0,26.99,89.64,53.98
ORD102219,2025-06-18,West,Marketplace,Small Business,Rep_01,Apparel,Winter Coat,6,53.35,5.0,35.51,304.1,213.06
ORD100173,2024-03-21,East,Online,Consumer,Rep_08,Beauty,Makeup Kit,1,40.24,0.0,27.23,40.24,27.23
ORD100141,2024-12-17,North,In-Store,Consumer,Rep_11,Sports & Outdoors,Dumbbell Set,5,58.73,0.0,29.04,293.65,145.2
ORD100204,2025-06-18,North,Online,Consumer,Rep_07,Sports & Outdoors,Dumbbell Set,7,88.34,5.0,49.99,587.46,349.93
ORD101592,2025-06-26,West,In-Store,Consumer,Rep_03,Apparel,Winter Coat,6,112.8,0.0,70.92,676.8,425.52
ORD100977,2024-07-04,North,In-Store,Small Business,Rep_12,Home & Kitchen,Cookware Set,2,34.32,0.0,22.9,68.64,45.8
ORD100891,2024-08-12,West,Online,Consumer,Rep_05,BEAUTY,Hair Dryer,2,81.9,0.0,48.45,163.8,96.9
ORD101610,2024-12-31,West,Online,Enterprise,Rep_11,Apparel,Backpack,5,83.78,0.0,53.88,418.9,269.4
ORD100861,2025-01-19,North,In-Store,Small Business,Rep_04,Home & Kitchen,Vacuum Cleaner,2,64.19,0.0,39.04,128.38,78.08
ORD101292,2025-11-18,West,In-Store,Enterprise,Rep_15,Beauty,Skincare Set,4,23.23,10.0,10.8,83.63,43.2
ORD102511,2024-03-17,South,Online,Consumer,Rep_04,Electronics,Smartwatch,3,38.96,5.0,17.92,111.04,53.76
ORD100118,2025-01-09,West,Online,Consumer,,Apparel,Denim Jacket,6,67.93,0.0,43.93,407.58,263.58
ORD100609,2024-05-24,North,Online,Consumer,Rep_06,Sports & Outdoors,Yoga Mat,1,66.88,0.0,33.13,66.88,33.13
ORD100503,2024-01-04,South,Online,Small Business,Rep_05,Electronics,Wireless Earbuds,2,73.31,0.0,36.14,146.62,72.28
ORD101787,2024-03-20,North,Online,Consumer,Rep_07,Apparel,Denim Jacket,1,85.55,5.0,41.07,81.27,41.07
ORD101844,2025-01-24,North,Online,Consumer,Rep_11,Beauty,Face Serum,2,28.75,0.0,16.14,57.5,32.28
ORD101523,2025-03-19, West ,Online,Small Business,Rep_06,Sports & Outdoors,Water Bottle,5,72.34,0.0,35.95,361.7,179.75
ORD101382,2024-01-24,West,In-Store,Small Business,Rep_09,Electronics,Wireless Earbuds,1,213.35,0.0,127.95,213.35,127.95
ORD101629,2024-01-10,East,In-Store,Small Business,Rep_13,Beauty,Face Serum,2,61.01,5.0,39.75,115.92,79.5
ORD102575,2024-12-24,East,In-Store,Consumer,Rep_06,Electronics,Wireless Earbuds,4,142.78,0.0,94.58,571.12,378.32
ORD102175,2025-03-11,North,Marketplace,Enterprise,Rep_09,Home & Kitchen,Air Fryer,5,74.78,10.0,41.45,336.51,207.25
ORD100427,2024-10-13,West,In-Store,Consumer,Rep_06,Apparel,Yoga Pants,1,72.42,0.0,38.25,72.42,38.25
ORD100701,2024-03-03,East,Marketplace,Small Business,Rep_05,Sports & Outdoors,Camping Tent,2,81.04,0.0,43.74,162.08,87.48
ORD101714,2025-06-21,North,In-Store,Small Business,Rep_01,Electronics,Wireless Earbuds,5,177.62,10.0,120.4,799.29,602.0
ORD100920,2024-03-20,West,Online,Small Business,Rep_14,Electronics,Laptop Stand,1,152.56,0.0,78.77,152.56,78.77
ORD101137,2024-07-19,West,Online,Consumer,Rep_09,Home & Kitchen,Vacuum Cleaner,1,97.27,0.0,65.08,97.27,65.08
ORD100643,2024-06-17,North,In-Store,Consumer,Rep_05,Sports & Outdoors,Dumbbell Set,7,109.79,5.0,58.87,730.1,412.09
ORD100603,2024-07-11,West,Online,,Rep_08,Home & Kitchen,Air Fryer,2,59.12,5.0,34.96,112.33,69.92
ORD101616,2024-12-31,North,Online,Consumer,Rep_03,Apparel,Denim Jacket,3,32.33,0.0,20.12,96.99,60.36
ORD101882,2024-01-15,West,Online,Consumer,Rep_11,APPAREL,Winter Coat,2,17.3,0.0,10.87,34.6,21.74
ORD102601,2025-07-08,South,Online,Consumer,Rep_02,Electronics,Power Bank,3,50.61,20.0,30.84,121.46,92.52
ORD100511,2024-07-16,North,Online,Small Business,Rep_11,Beauty,Face Serum,2,22.57,0.0,13.58,45.14,27.16
ORD100525,2025-09-02,East,Online,,Rep_09,Electronics,Laptop Stand,7,158.41,5.0,90.38,1053.43,632.66
ORD101271,2024-01-14,North,In-Store,Enterprise,Rep_04,Sports & Outdoors,Water Bottle,4,82.52,0.0,52.42,330.08,209.68
ORD100100,2024-11-19,East,In-Store,Consumer,Rep_02,Apparel,Winter Coat,6,108.25,0.0,50.95,649.5,305.7
ORD100012,2024-01-14,East,In-Store,Consumer,Rep_07,Electronics,Power Bank,4,181.8,15.0,93.79,618.12,375.16
ORD100746,2024-11-15,East,In-Store,Enterprise,Rep_15,Electronics,Power Bank,6,73.02,10.0,37.31,394.31,223.86
ORD101387,2024-01-27,West,Online,Consumer,Rep_11,Apparel,Yoga Pants,1,118.28,0.0,67.44,118.28,67.44
ORD102412,2025-07-06,North,Online,Consumer,Rep_03,Beauty,Makeup Kit,6,16.21,0.0,10.79,97.26,64.74
ORD101955,2025-06-25,South,Online,Consumer,Rep_04,Apparel,Backpack,2,69.85,0.0,40.22,139.7,80.44
ORD102409,2024-06-02,East,Marketplace,Small Business,Rep_14,Home & Kitchen,Vacuum Cleaner,7,159.38,0.0,104.65,1115.66,732.55
ORD101116,2025-10-04,West,Online,Small Business,Rep_09,Sports & Outdoors,Dumbbell Set,3,109.34,0.0,67.2,328.02,201.6
ORD101365,2024-03-16,South,Online,Small Business,Rep_12,Beauty,Hair Dryer,1,15.85,0.0,7.22,15.85,7.22
ORD100117,2024-01-16,East,Marketplace,Enterprise,Rep_12,Home & Kitchen,Cookware Set,1,91.19,0.0,58.71,91.19,58.71
ORD101631,2024-10-17,North,Online,Consumer,Rep_08,Beauty,Face Serum,2,50.13,15.0,23.89,85.22,47.78
ORD100690,2024-07-07,East,In-Store,Consumer,Rep_11,Electronics,Smartwatch,3,91.81,5.0,54.36,261.66,163.08
ORD100838,2025-04-30,East,In-Store,Small Business,Rep_01,Beauty,Perfume,4,27.36,5.0,13.9,103.97,55.6
ORD100490,2024-01-12,West,Online,,Rep_08,Apparel,Backpack,7,77.2,5.0,40.21,513.38,281.47
ORD100046,2024-02-13,West,Online,Consumer,Rep_09,Apparel,Running Shoes,2,109.22,0.0,56.55,218.44,113.1
ORD100492,2024-08-05,East,Marketplace,Small Business,Rep_09,Apparel,Backpack,4,67.89,0.0,34.97,271.56,139.88
ORD101320,2024-12-17,North,Online,Consumer,Rep_09,Apparel,Backpack,6,111.8,0.0,61.79,670.8,370.74
ORD100717,2024-03-04,East,Online,Consumer,,Electronics,Power Bank,2,66.93,0.0,39.69,133.86,79.38
ORD102089,2024-08-25,South,Online,Enterprise,Rep_06,Sports & Outdoors,Dumbbell Set,3,72.69,0.0,43.48,218.07,130.44
ORD101227,2024-10-23,East,Online,Consumer,,Sports & Outdoors,Yoga Mat,1,64.97,0.0,35.58,64.97,35.58
ORD101524,2024-12-15,North,Online,Consumer,Rep_01,Beauty,Makeup Kit,5,18.62,0.0,10.72,93.1,53.6
ORD100786,2024-01-06,West,Online,Enterprise,Rep_02,Beauty,Makeup Kit,3,17.73,0.0,11.19,53.19,33.57
ORD101831,2025-01-21,North,Online,Small Business,Rep_01,Sports & Outdoors,Dumbbell Set,5,146.6,15.0,88.64,623.05,443.2
ORD101228,2025-04-20,East,In-Store,Consumer,Rep_03,Sports & Outdoors,Camping Tent,1,31.16,10.0,18.21,28.04,18.21
ORD102620,2024-07-23,West,In-Store,Consumer,Rep_04,Home & Kitchen,Air Fryer,2,99.71,0.0,63.82,199.42,127.64
ORD101312,2025-02-16,East,Online,Small Business,Rep_03,SPORTS & OUTDOORS,Camping Tent,1,76.94,0.0,44.83,76.94,44.83
ORD102481,2024-03-20,East,In-Store,Small Business,Rep_08,Home & Kitchen,Blender,3,91.04,0.0,49.65,273.12,148.95
ORD101057,2024-01-23,South,In-Store,Consumer,Rep_14,Electronics,Smartwatch,6,95.31,0.0,52.57,571.86,315.42
ORD101989,2024-03-21,North,Marketplace,Small Business,Rep_15,Home & Kitchen,Coffee Maker,5,113.76,0.0,51.85,568.8,259.25
ORD102634,2025-03-19,North,In-Store,Small Business,Rep_11,Beauty,Face Serum,3,78.75,15.0,52.74,200.81,158.22
ORD101273,2025-01-22,East,In-Store,Consumer,Rep_02,Electronics,Wireless Earbuds,1,57.07,0.0,28.34,57.07,28.34
ORD101704,2024-08-22,East,Online,Small Business,Rep_10,Home & Kitchen,Vacuum Cleaner,8,32.78,15.0,16.63,222.9,133.04
ORD102108,2024-08-11,South,Online,Enterprise,Rep_05,Beauty,Hair Dryer,2,17.09,5.0,8.48,32.47,16.96
ORD101937,2025-05-30,East,Online,Consumer,Rep_12,Electronics,Bluetooth Speaker,1,160.43,0.0,96.04,160.43,96.04
ORD100043,2024-10-31,North,Online,Enterprise,Rep_11,Apparel,Backpack,2,89.71,0.0,41.01,179.42,82.02
ORD100007,2024-11-24, South ,Online,Consumer,Rep_02,Apparel,Winter Coat,4,25.86,15.0,14.51,87.92,58.04
ORD101841,2024-06-08,North,Marketplace,Consumer,Rep_12,Beauty,Hair Dryer,1,12.3,0.0,5.58,12.3,5.58
ORD100032,2024-12-16,North,Marketplace,Consumer,Rep_10,Electronics,Smartwatch,6,81.95,0.0,47.05,491.7,282.3
ORD101305,2025-04-12,North,In-Store,Consumer,Rep_11,Beauty,Face Serum,3,64.09,5.0,34.5,182.66,103.5
ORD100471,2025-12-23,North,Marketplace,Consumer,Rep_15,Home & Kitchen,Vacuum Cleaner,4,92.34,10.0,54.31,332.42,217.24
ORD100935,2025-01-22,South,Online,Consumer,Rep_14,Beauty,Skincare Set,3,25.94,15.0,14.96,66.15,44.88
ORD101596,2025-04-29,West,Online,Consumer,Rep_02,Home & Kitchen,Blender,4,145.28,0.0,83.06,581.12,332.24
ORD102403,2025-11-25,North,Online,Small Business,Rep_13,Electronics,Wireless Earbuds,1,94.07,0.0,49.26,94.07,49.26
ORD101187,2025-07-10,South,Online,Consumer,Rep_13,Home & Kitchen,Coffee Maker,5,130.97,5.0,80.68,622.11,403.4
ORD101893,2024-06-12,West,Online,Enterprise,Rep_03,Beauty,Face Serum,4,27.69,0.0,12.79,110.76,51.16
ORD102443,2025-05-26,North,Marketplace,Consumer,Rep_08,Electronics,Power Bank,3,161.53,0.0,103.34,484.59,310.02
ORD101291,2025-07-06,North,In-Store,Consumer,Rep_03,Apparel,Winter Coat,7,113.19,0.0,64.28,792.33,449.96
ORD100729,2025-02-07,East,Marketplace,Consumer,Rep_10,Home & Kitchen,Vacuum Cleaner,4,68.31,0.0,36.27,273.24,145.08
ORD100464,2025-03-15,South,Online,Consumer,Rep_05,Apparel,Backpack,3,87.57,0.0,52.24,262.71,156.72
ORD101223,2024-02-25,West,Marketplace,Consumer,Rep_07,Sports & Outdoors,Water Bottle,3,75.02,0.0,36.69,225.06,110.07
ORD102157,2024-06-09,North,Online,Consumer,Rep_09,Apparel,Backpack,4,30.51,0.0,13.75,122.04,55.0
ORD101903,2025-07-05,East,Online,Enterprise,Rep_07,Electronics,Power Bank,4,196.24,0.0,104.9,784.96,419.6
ORD102306,2024-12-17,West,Online,Enterprise,Rep_06,Beauty,Perfume,5,18.49,0.0,12.2,92.45,61.0
ORD101416,2024-02-16,West,Online,Enterprise,Rep_15,Apparel,Running Shoes,2,31.37,5.0,17.07,59.6,34.14
ORD101168,2025-10-14,North,In-Store,Consumer,Rep_04,BEAUTY,Perfume,3,31.63,0.0,17.72,94.89,53.16
ORD102618,2024-05-06,South,In-Store,Consumer,Rep_13,Apparel,Winter Coat,3,58.3,0.0,35.44,174.9,106.32
ORD100718,2025-03-17,West,Online,Consumer,Rep_08,SPORTS & OUTDOORS,Water Bottle,1,37.11,10.0,23.36,33.4,23.36
ORD101040,2024-06-13,East,In-Store,Consumer,Rep_06,Sports & Outdoors,Camping Tent,4,27.82,0.0,13.88,111.28,55.52
ORD102317,2025-04-11,South,Online,Consumer,Rep_04,Electronics,Bluetooth Speaker,4,29.29,0.0,15.05,117.16,60.2
ORD101606,2025-10-22,East,Online,Enterprise,Rep_05,Beauty,Hair Dryer,3,42.5,5.0,19.36,121.12,58.08
ORD102323,2024-04-05,West,Online,Consumer,Rep_13,Beauty,Perfume,2,69.07,0.0,37.63,138.14,75.26
ORD101375,2024-12-11, North ,Online,Small Business,Rep_05,Apparel,Winter Coat,3,85.68,0.0,45.99,257.04,137.97
ORD101633,2024-04-17,North,In-Store,Small Business,Rep_01,Home & Kitchen,Cookware Set,2,55.07,0.0,36.42,110.14,72.84
ORD100432,2024-04-03,East,Online,Enterprise,Rep_09,Apparel,Denim Jacket,1,102.41,0.0,48.19,102.41,48.19
ORD100985,2024-05-29,East,In-Store,Consumer,Rep_04,Beauty,Perfume,3,25.32,0.0,17.06,75.96,51.18
ORD100124,2025-04-26,South,Online,Small Business,Rep_03,Home & Kitchen,Blender,2,88.16,0.0,51.14,176.32,102.28
ORD102180,2025-06-11,East,Online,Consumer,Rep_14,Electronics,Smartwatch,4,61.33,0.0,31.34,245.32,125.36
ORD100666,2024-10-04,West,In-Store,Small Business,Rep_09,Electronics,Wireless Earbuds,4,146.69,0.0,66.96,586.76,267.84
ORD100639,2024-06-10,North,Marketplace,Enterprise,Rep_13,Sports & Outdoors,Yoga Mat,8,58.76,0.0,35.72,470.08,285.76
ORD100129,2025-04-23,North,In-Store,Consumer,Rep_03,Home & Kitchen,Air Fryer,4,105.42,0.0,64.37,421.68,257.48
ORD100889,2024-08-17,North,Marketplace,Consumer,Rep_10,Electronics,Bluetooth Speaker,4,65.79,0.0,38.37,263.16,153.48
ORD102604,2025-05-02,West,Online,Enterprise,Rep_04,Sports & Outdoors,Camping Tent,1,40.55,0.0,23.84,40.55,23.84
ORD102043,2024-11-06,East,Online,Consumer,Rep_05,Beauty,Skincare Set,5,64.32,0.0,39.95,321.6,199.75
ORD101497,2024-08-01,East,In-Store,Small Business,Rep_15,Electronics,Smartwatch,1,158.17,0.0,82.45,158.17,82.45
ORD101615,2024-11-14,North,Online,Small Business,Rep_07,Beauty,Makeup Kit,6,56.5,0.0,26.08,339.0,156.48
ORD100237,2024-02-23,East,In-Store,Consumer,Rep_05,Sports & Outdoors,Dumbbell Set,5,138.32,0.0,81.0,691.6,405.0
ORD102220,2025-11-20, East ,In-Store,Consumer,Rep_13,Sports & Outdoors,Camping Tent,6,80.36,0.0,53.43,482.16,320.58
ORD101947,2024-03-29,South,Online,Consumer,Rep_01,Beauty,Face Serum,2,12.06,0.0,5.51,24.12,11.02
ORD101944,2025-04-01,North,Online,Small Business,Rep_15,Electronics,Laptop Stand,5,173.71,15.0,99.89,738.27,499.45
ORD101222,2025-08-25,North,Marketplace,Small Business,Rep_01,Sports & Outdoors,Cycling Helmet,5,81.56,0.0,41.57,407.8,207.85
ORD100369,2024-12-22,South,In-Store,Consumer,Rep_08,Sports & Outdoors,Camping Tent,12,132.48,0.0,74.85,1589.76,898.2
ORD100522,2025-07-16,East,Online,Consumer,Rep_05,Electronics,Power Bank,5,133.69,0.0,62.56,668.45,312.8
ORD100075,2024-10-03,East,Online,Consumer,Rep_14,Home & Kitchen,Air Fryer,2,110.03,5.0,57.88,209.06,115.76
ORD102593,2024-04-25,West,In-Store,Consumer,Rep_10,Home & Kitchen,Cookware Set,2,78.11,0.0,49.67,156.22,99.34
ORD100054,2025-04-20,North,In-Store,Small Business,Rep_09,HOME & KITCHEN,Blender,7,104.94,0.0,50.26,734.58,351.82
ORD100266,2025-09-26,South,Online,Small Business,Rep_06,Electronics,Smartwatch,1,217.39,20.0,141.03,173.91,141.03
ORD102040,2025-12-17,West,Online,Consumer,Rep_11,Sports & Outdoors,Water Bottle,7,43.23,0.0,28.99,302.61,202.93
ORD101877,2025-03-26,North,Marketplace,Small Business,Rep_01,Electronics,Bluetooth Speaker,7,188.17,0.0,93.38,1317.19,653.66
ORD101868,2024-10-23,West,Online,Enterprise,Rep_14,Electronics,Bluetooth Speaker,6,172.2,0.0,81.07,1033.2,486.42
ORD102589,2024-08-16,East,Marketplace,Consumer,Rep_10,Electronics,Wireless Earbuds,2,200.42,0.0,114.73,400.84,229.46
ORD102109,2025-10-25,North,Marketplace,Consumer,Rep_13,Home & Kitchen,Vacuum Cleaner,4,137.53,15.0,74.58,467.6,298.32
ORD101733,2025-09-03,South,Marketplace,Small Business,Rep_11,Apparel,Denim Jacket,4,76.28,0.0,38.61,305.12,154.44
ORD102553,2025-09-22, East ,In-Store,Consumer,Rep_09,Home & Kitchen,Coffee Maker,4,49.39,5.0,24.19,187.68,96.76
ORD100742,2025-10-05,South,In-Store,Consumer,Rep_06,Electronics,Bluetooth Speaker,4,138.92,0.0,62.6,555.68,250.4
ORD101521,2024-06-22,West,Online,Small Business,Rep_13,Electronics,Bluetooth Speaker,1,141.94,10.0,73.49,127.75,73.49
ORD102501,2025-07-11,East,Online,Consumer,Rep_07,Beauty,Skincare Set,5,34.01,5.0,15.86,161.55,79.3
ORD101364,2024-03-26,South,Online,Enterprise,Rep_10,Sports & Outdoors,Yoga Mat,2,106.55,0.0,71.11,213.1,142.22
ORD102588,2025-09-01,South,In-Store,Consumer,Rep_05,Electronics,Laptop Stand,6,175.39,0.0,98.25,1052.34,589.5
ORD100463,2024-05-21,North,In-Store,Consumer,,Electronics,Power Bank,5,95.73,10.0,44.37,430.78,221.85
ORD101679,2024-07-01,North,Marketplace,Consumer,Rep_01,Sports & Outdoors,Yoga Mat,1,147.14,0.0,73.41,147.14,73.41
ORD100275,2025-06-28,North,Online,Consumer,Rep_14,Apparel,Denim Jacket,6,112.03,0.0,57.43,672.18,344.58
ORD102492,2025-09-11,West,In-Store,,Rep_10,Apparel,Running Shoes,1,17.9,10.0,12.15,16.11,12.15
ORD102090,2024-04-09,South,Marketplace,Small Business,Rep_04,Electronics,Smartwatch,2,63.06,0.0,41.37,126.12,82.74
ORD100751,2025-09-03,South,In-Store,Enterprise,Rep_09,Apparel,Denim Jacket,6,48.92,0.0,24.97,293.52,149.82
ORD100612,2025-05-25,East,Marketplace,Enterprise,Rep_10,Apparel,Running Shoes,3,109.09,0.0,57.74,327.27,173.22
ORD101852,2024-10-19,West,Online,Small Business,Rep_09,Electronics,Smartwatch,2,84.23,0.0,51.66,168.46,103.32
ORD102215,2024-12-17,West,In-Store,Consumer,Rep_06,Beauty,Perfume,6,72.63,15.0,44.98,370.41,269.88
ORD100943,2024-12-02,West,Marketplace,Enterprise,Rep_03,Apparel,Backpack,3,84.09,20.0,53.46,201.82,160.38
ORD101094,2025-01-05,South,In-Store,Enterprise,Rep_13,Beauty,Perfume,2,84.12,5.0,39.93,159.83,79.86
ORD100595,2025-05-21,North,In-Store,Consumer,Rep_06,Beauty,Makeup Kit,1,42.09,0.0,22.21,42.09,22.21
ORD101405,2024-10-25,North,Online,Consumer,Rep_12,Apparel,Denim Jacket,2,31.36,0.0,18.15,62.72,36.3
ORD101240,2024-02-15,West,Online,Consumer,Rep_08,Apparel,Yoga Pants,2,62.46,0.0,31.77,124.92,63.54
ORD102050,2025-04-13,East,Marketplace,Small Business,Rep_11,Home & Kitchen,Cookware Set,3,37.14,0.0,16.94,111.42,50.82
ORD100890,2025-12-15,North,Online,Consumer,Rep_08,BEAUTY,Skincare Set,8,48.19,15.0,25.31,327.69,202.48
ORD100847,2025-10-30, South ,Online,Consumer,Rep_01,Sports & Outdoors,Cycling Helmet,6,68.13,5.0,39.3,388.34,235.8
ORD100928,2025-11-16,South,In-Store,Consumer,Rep_12,Beauty,Hair Dryer,7,73.08,0.0,44.49,511.56,311.43
ORD100367,2024-07-14,West,Online,Consumer,Rep_05,Apparel,Winter Coat,3,90.87,10.0,60.79,245.35,182.37
ORD101876,2025-10-08,East,In-Store,Consumer,Rep_09,Electronics,Bluetooth Speaker,7,72.35,0.0,41.99,506.45,293.93
ORD102293,2024-01-04,South,In-Store,Consumer,Rep_09,Apparel,Running Shoes,1,15.25,0.0,7.81,15.25,7.81
ORD101078,2024-05-12,South,Online,Consumer,Rep_10,Sports & Outdoors,Camping Tent,1,71.35,0.0,35.1,71.35,35.1
ORD100946,2024-03-04,East,Online,Consumer,Rep_03,Beauty,Hair Dryer,5,21.62,0.0,14.16,108.1,70.8
ORD100745,2024-05-20,North,Online,Enterprise,Rep_03,Electronics,Bluetooth Speaker,2,81.22,0.0,44.53,162.44,89.06
ORD100097,2025-08-21,West,Marketplace,Small Business,Rep_03,Apparel,Winter Coat,4,51.97,5.0,27.96,197.49,111.84
ORD101435,2025-04-13,South,In-Store,Consumer,Rep_03,Home & Kitchen,Vacuum Cleaner,4,138.8,15.0,70.68,471.92,282.72
ORD101338,2025-05-18,West,Online,Consumer,Rep_07,Beauty,Skincare Set,4,71.67,10.0,38.69,258.01,154.76
ORD100381,2024-07-19,East,Online,Small Business,Rep_14,Home & Kitchen,Air Fryer,2,109.52,0.0,58.88,219.04,117.76
ORD100983,2025-12-14,West,In-Store,Consumer,,Beauty,Face Serum,5,40.84,20.0,19.78,163.36,98.9
ORD100416,2024-08-11,East,Marketplace,Consumer,Rep_14,Apparel,Winter Coat,5,115.23,5.0,57.07,547.34,285.35
ORD102020,2024-07-17,East,Online,Small Business,Rep_08,Home & Kitchen,Cookware Set,1,21.58,0.0,14.05,21.58,14.05
ORD100028,2024-04-22, East ,Online,Consumer,Rep_05,Electronics,Smartwatch,5,117.46,0.0,62.6,587.3,313.0
ORD102290,2025-11-02,North,Online,Consumer,Rep_10,Electronics,Smartwatch,5,31.48,0.0,15.74,157.4,78.7
ORD100770,2024-05-06,South,Online,Consumer,Rep_08,Sports & Outdoors,Yoga Mat,4,70.93,0.0,47.38,283.72,189.52
ORD100757,2024-09-12,East,In-Store,Enterprise,Rep_12,Sports & Outdoors,Yoga Mat,2,64.89,0.0,35.19,129.78,70.38
ORD102259,2024-02-16,West,Marketplace,Consumer,Rep_14,Home & Kitchen,Coffee Maker,3,92.29,5.0,48.02,263.03,144.06
ORD101467,2025-12-18,East,Marketplace,Consumer,Rep_03,Beauty,Hair Dryer,4,75.12,0.0,48.51,300.48,194.04
ORD102649,2025-02-22,West,In-Store,Consumer,Rep_01,Beauty,Skincare Set,2,65.62,0.0,35.19,131.24,70.38
ORD100191,2024-01-19,East,In-Store,Consumer,Rep_07,Electronics,Laptop Stand,2,190.14,0.0,101.6,380.28,203.2
ORD102383,2025-08-14,East,In-Store,Consumer,Rep_07,Beauty,Face Serum,3,78.71,0.0,46.34,236.13,139.02
ORD101164,2024-03-24,West,Online,Consumer,Rep_14,Sports & Outdoors,Cycling Helmet,1,74.05,0.0,50.23,74.05,50.23
ORD100936,2024-09-21,West,In-Store,Consumer,Rep_15,Electronics,Bluetooth Speaker,4,63.86,10.0,42.08,229.9,168.32
ORD102311,2025-08-15,West,Marketplace,Consumer,Rep_15,Sports & Outdoors,Cycling Helmet,4,17.06,0.0,11.45,68.24,45.8
ORD100971,2025-01-23,East,Online,Consumer,Rep_10,Sports & Outdoors,Cycling Helmet,6,46.88,15.0,31.79,239.09,190.74
ORD100833,2025-07-02,West,Marketplace,Enterprise,Rep_04,Apparel,Yoga Pants,1,82.09,0.0,42.3,82.09,42.3
ORD101553,2024-09-08,West,Online,Consumer,Rep_02,Home & Kitchen,Coffee Maker,1,104.99,5.0,50.95,99.74,50.95
ORD101485,2024-03-18,East,In-Store,Enterprise,Rep_09,Home & Kitchen,Coffee Maker,7,20.02,0.0,13.23,140.14,92.61
ORD100768,2024-02-01,South,In-Store,Small Business,Rep_07,Beauty,Face Serum,1,63.53,0.0,43.08,63.53,43.08
ORD101923,2024-01-13,North,Marketplace,Consumer,Rep_09,Sports & Outdoors,Dumbbell Set,3,18.92,0.0,9.19,56.76,27.57
ORD101036,2024-05-10,West,In-Store,Consumer,Rep_01,APPAREL,Running Shoes,2,110.82,0.0,73.5,221.64,147.0
ORD102439,2024-05-09,North,Marketplace,Enterprise,Rep_01,Apparel,Yoga Pants,2,101.99,5.0,58.88,193.78,117.76
ORD100004,2025-12-18,West,Online,Consumer,Rep_13,Home & Kitchen,Coffee Maker,3,125.91,0.0,77.58,377.73,232.74
ORD101213,2025-05-07,North,Online,Small Business,Rep_12,Electronics,Power Bank,5,193.7,0.0,105.53,968.5,527.65
ORD102195,2024-07-23,North,In-Store,Consumer,Rep_12,Apparel,Running Shoes,5,98.95,0.0,63.57,494.75,317.85
ORD101647,2024-05-23,West,Online,Consumer,Rep_08,Apparel,Yoga Pants,1,75.89,0.0,44.46,75.89,44.46
ORD102459,2024-11-10,West,Marketplace,Consumer,Rep_07,Beauty,Hair Dryer,7,52.07,5.0,27.81,346.27,194.67
ORD101884,2024-02-07,West,In-Store,Small Business,Rep_09,Home & Kitchen,Vacuum Cleaner,4,54.15,0.0,29.6,216.6,118.4
ORD101054,2024-12-29,East,In-Store,Enterprise,,Beauty,Skincare Set,6,45.73,0.0,26.42,274.38,158.52
ORD100350,2025-01-10,West,Marketplace,Consumer,Rep_10,Sports & Outdoors,Cycling Helmet,2,139.49,0.0,63.43,278.98,126.86
ORD102397,2024-07-05,North,Online,Consumer,Rep_09,Apparel,Yoga Pants,3,99.35,5.0,44.77,283.15,134.31
ORD102398,2025-09-02,South,Online,Enterprise,Rep_08,Electronics,Bluetooth Speaker,4,192.0,0.0,129.8,768.0,519.2
ORD100739,2025-04-29,North,Marketplace,Small Business,Rep_02,Sports & Outdoors,Yoga Mat,8,45.63,0.0,26.63,365.04,213.04
ORD100660,2024-04-01,South,In-Store,Consumer,Rep_07,Apparel,Denim Jacket,1,41.43,0.0,22.97,41.43,22.97
ORD102533,2025-03-02,West,Online,Small Business,Rep_12,Beauty,Perfume,4,62.02,0.0,36.71,248.08,146.84
ORD100036,2024-07-13,North,Online,Consumer,Rep_06,Beauty,Skincare Set,1,79.24,0.0,46.99,79.24,46.99
ORD101260,2024-11-11,South,Online,Enterprise,Rep_06,Sports & Outdoors,Dumbbell Set,6,68.26,0.0,31.43,409.56,188.58
ORD101128,2025-02-21,North,Online,Consumer,Rep_14,Apparel,Winter Coat,4,28.73,5.0,14.11,109.17,56.44
ORD101805,2025-02-23,West,In-Store,Consumer,Rep_14,Beauty,Perfume,1,14.91,10.0,9.88,13.42,9.88
ORD100158,2025-07-02,South,Online,Enterprise,Rep_08,Electronics,Laptop Stand,3,156.69,0.0,89.04,470.07,267.12
ORD102039,2025-04-13,North,In-Store,Consumer,Rep_15,Sports & Outdoors,Cycling Helmet,7,110.82,0.0,52.62,775.74,368.34
ORD100383,2024-09-14,East,In-Store,Consumer,Rep_13,Sports & Outdoors,Camping Tent,3,131.21,10.0,89.21,354.27,267.63
ORD101842,2024-12-24,South,Online,Consumer,Rep_09,ELECTRONICS,Laptop Stand,4,198.13,5.0,102.81,752.89,411.24
ORD101742,2024-04-22,North,In-Store,Enterprise,Rep_09,Electronics,Smartwatch,2,97.48,0.0,59.89,194.96,119.78
ORD100140,2025-05-05,North,Online,Consumer,Rep_06,Sports & Outdoors,Cycling Helmet,7,92.76,0.0,52.99,649.32,370.93
ORD100465,2025-11-17,North,In-Store,Small Business,Rep_08,Electronics,Smartwatch,11,188.58,10.0,87.27,1866.94,959.97
ORD101165,2024-01-16,North,Marketplace,Consumer,Rep_05,Home & Kitchen,Blender,5,26.73,0.0,14.09,133.65,70.45
ORD100299,2024-12-14,North,In-Store,Consumer,Rep_14,Apparel,Yoga Pants,6,21.59,0.0,13.36,129.54,80.16
ORD102626,2025-07-09,West,Online,Consumer,Rep_14,Sports & Outdoors,Cycling Helmet,2,95.9,0.0,46.31,191.8,92.62
ORD100397,2025-04-29,East,Online,Consumer,Rep_03,Apparel,Denim Jacket,2,113.33,10.0,67.16,203.99,134.32
ORD101997,2025-04-18,East,Online,Enterprise,Rep_01,Home & Kitchen,Vacuum Cleaner,4,79.88,5.0,37.78,303.54,151.12
ORD101949,2024-10-25,North,Online,Small Business,Rep_03,Home & Kitchen,Air Fryer,1,33.62,5.0,20.57,31.94,20.57
ORD101325,2024-05-12,North,Online,Enterprise,Rep_12,Beauty,Skincare Set,5,10.53,5.0,6.36,50.02,31.8
ORD100539,2025-07-29,West,Marketplace,Consumer,Rep_11,Home & Kitchen,Blender,3,164.0,5.0,91.52,467.4,274.56
ORD101459,2024-01-02,East,Online,Consumer,Rep_15,Home & Kitchen,Coffee Maker,2,64.99,0.0,40.05,129.98,80.1
ORD100009,2025-02-21,East,In-Store,Small Business,Rep_05,Apparel,Running Shoes,5,39.17,0.0,19.93,195.85,99.65
ORD102314,2025-10-14,North,Marketplace,Consumer,Rep_14,Beauty,Skincare Set,5,56.08,10.0,28.34,252.36,141.7
ORD102639,2025-09-20,South,In-Store,Small Business,Rep_12,Electronics,Power Bank,1,163.9,5.0,80.0,155.7,80.0
ORD100024,2024-06-28,West,Online,Enterprise,Rep_05,Electronics,Bluetooth Speaker,2,32.05,10.0,21.26,57.69,42.52
ORD101779,2025-05-01,South,Online,Small Business,Rep_01,Apparel,Winter Coat,5,96.66,0.0,60.02,483.3,300.1
ORD101067,2025-05-04,North,Marketplace,Consumer,Rep_10,Apparel,Yoga Pants,6,25.34,5.0,13.88,144.44,83.28
ORD100933,2024-09-11,North,Online,Enterprise,Rep_15,Home & Kitchen,Vacuum Cleaner,3,82.95,0.0,42.18,248.85,126.54
ORD101534,2025-01-20,North,Online,Enterprise,Rep_09,Electronics,Power Bank,8,108.71,5.0,61.57,826.2,492.56
ORD100251,2025-11-16,East,Online,Small Business,Rep_02,ELECTRONICS,Wireless Earbuds,3,210.18,10.0,128.01,567.49,384.03
ORD100752,2024-11-16,North,Online,Consumer,Rep_04,Home & Kitchen,Vacuum Cleaner,7,62.3,0.0,33.33,436.1,233.31
ORD101236,2024-10-01,North,In-Store,Consumer,,Home & Kitchen,Cookware Set,7,106.26,10.0,65.45,669.44,458.15
ORD101261,2024-06-25,East,Online,Small Business,Rep_07,SPORTS & OUTDOORS,Yoga Mat,4,98.87,5.0,65.22,375.71,260.88
ORD102536,2024-03-27,East,In-Store,Consumer,Rep_05,SPORTS & OUTDOORS,Cycling Helmet,2,24.18,0.0,14.66,48.36,29.32
ORD100715,2024-04-22,West,In-Store,Consumer,Rep_06,Apparel,Backpack,2,58.51,0.0,29.34,117.02,58.68
ORD101599,2024-03-19,North,Online,Small Business,Rep_11,Electronics,Bluetooth Speaker,1,49.43,0.0,25.58,49.43,25.58
ORD100734,2025-05-26,South,In-Store,Consumer,Rep_09,Apparel,Winter Coat,2,108.97,5.0,51.63,207.04,103.26
ORD101771,2025-03-10,West,Online,Consumer,Rep_04,Sports & Outdoors,Yoga Mat,3,145.09,0.0,90.51,435.27,271.53
ORD101643,2025-08-06,East,Online,Consumer,Rep_11,Home & Kitchen,Air Fryer,8,53.89,0.0,25.73,431.12,205.84
ORD102600,2024-12-28,East,Marketplace,Consumer,Rep_11,Beauty,Hair Dryer,3,84.89,5.0,49.34,241.94,148.02
ORD101135,2025-10-01,West,Online,Consumer,Rep_14,Electronics,Laptop Stand,9,177.66,5.0,105.64,1518.99,950.76
ORD101283,2024-02-13,East,Marketplace,Small Business,Rep_09,Beauty,Makeup Kit,5,16.66,0.0,7.89,83.3,39.45
ORD100020,2025-06-12,West,In-Store,Small Business,Rep_15,Sports & Outdoors,Yoga Mat,5,97.03,5.0,54.65,460.89,273.25
ORD100279,2025-07-07,North,Online,Consumer,Rep_07,Sports & Outdoors,Cycling Helmet,3,103.76,0.0,65.47,311.28,196.41
ORD100096,2024-03-18,West,In-Store,Small Business,Rep_01,Home & Kitchen,Cookware Set,5,66.06,5.0,40.03,313.78,200.15
ORD100855,2024-07-19,South,Marketplace,Enterprise,Rep_05,Electronics,Wireless Earbuds,3,181.46,0.0,115.19,544.38,345.57
ORD100441,2025-11-02,East,Marketplace,Enterprise,Rep_01,Sports & Outdoors,Water Bottle,3,13.2,0.0,6.72,39.6,20.16
ORD100172,2024-12-07,North,In-Store,Consumer,Rep_09,Beauty,Hair Dryer,5,81.14,0.0,43.85,405.7,219.25
ORD102081,2024-01-25,East,Online,,Rep_14,Electronics,Laptop Stand,5,33.36,10.0,17.8,150.12,89.0
ORD100871,2025-11-27,East,In-Store,Small Business,Rep_12,Sports & Outdoors,Water Bottle,4,134.14,10.0,62.08,482.9,248.32
ORD102447,2025-09-08,West,In-Store,Small Business,Rep_12,Home & Kitchen,Cookware Set,3,101.06,0.0,65.03,303.18,195.09
ORD102566,2024-03-10,East,Online,Small Business,Rep_11,Apparel,Winter Coat,1,93.61,0.0,58.18,93.61,58.18
ORD102173,2025-01-07,North,In-Store,Consumer,Rep_06,Electronics,Wireless Earbuds,4,141.6,0.0,91.85,566.4,367.4
ORD101653,2025-03-24,East,Online,Small Business,Rep_07,Sports & Outdoors,Dumbbell Set,5,77.15,5.0,50.81,366.46,254.05
ORD102505,2025-08-04,North,Online,Enterprise,Rep_04,Home & Kitchen,Coffee Maker,1,93.07,15.0,53.05,79.11,53.05
ORD100330,2025-03-01,East,Online,Enterprise,Rep_09,Home & Kitchen,Vacuum Cleaner,3,140.71,0.0,69.64,422.13,208.92
ORD101111,2025-09-05,West,In-Store,Small Business,Rep_04,Sports & Outdoors,Camping Tent,7,62.14,0.0,35.57,434.98,248.99
ORD101132,2024-03-20,East,In-Store,Consumer,Rep_15,Apparel,Backpack,1,59.1,0.0,39.9,59.1,39.9
ORD101718,2024-07-09,South,In-Store,Consumer,Rep_14,Apparel,Running Shoes,6,29.0,15.0,17.1,147.9,102.6
ORD101391,2024-10-02,East,Online,Consumer,Rep_13,Electronics,Power Bank,5,138.06,5.0,71.9,655.78,359.5
ORD102385,2024-04-07,North,In-Store,Small Business,Rep_09,Electronics,Bluetooth Speaker,4,68.74,5.0,34.53,261.21,138.12
ORD101380,2024-01-25,North,Marketplace,Consumer,Rep_14,Sports & Outdoors,Cycling Helmet,3,122.8,0.0,78.66,368.4,235.98
ORD101977,2024-10-07,East,In-Store,Small Business,Rep_07,Home & Kitchen,Cookware Set,1,131.31,0.0,86.45,131.31,86.45
ORD101507,2024-07-29,East,Online,Consumer,Rep_11,Electronics,Laptop Stand,2,203.36,15.0,111.25,345.71,222.5
ORD100095,2024-07-30,East,In-Store,Consumer,Rep_03,Electronics,Wireless Earbuds,4,203.89,5.0,135.76,774.78,543.04
ORD101010,2024-06-30,North,Marketplace,Enterprise,Rep_02,Home & Kitchen,Cookware Set,2,112.94,10.0,63.69,203.29,127.38
ORD101796,2024-09-21,East,In-Store,Enterprise,Rep_06,Electronics,Wireless Earbuds,1,196.31,5.0,95.63,186.49,95.63
ORD102224,2025-04-08,East,In-Store,Small Business,Rep_04,ELECTRONICS,Bluetooth Speaker,3,151.17,0.0,71.65,453.51,214.95
ORD102234,2024-01-06,West,Online,Consumer,Rep_06,Apparel,Winter Coat,5,89.24,5.0,42.07,423.89,210.35
ORD101690,2024-11-08,West,Online,Small Business,Rep_01,Apparel,Yoga Pants,5,83.9,0.0,54.93,419.5,274.65
ORD102643,2024-11-10,West,Online,Consumer,Rep_07,Apparel,Backpack,6,99.02,0.0,56.52,594.12,339.12
ORD101183,2024-06-09,North,Online,Consumer,Rep_15,Sports & Outdoors,Camping Tent,1,142.08,20.0,67.93,113.66,67.93
ORD100803,2025-05-03,North,Online,Consumer,Rep_07,Apparel,Denim Jacket,3,92.49,0.0,56.94,277.47,170.82
ORD100594,2024-12-25, East ,In-Store,Consumer,Rep_01,Electronics,Smartwatch,6,25.0,0.0,14.28,150.0,85.68
ORD100652,2025-12-13,East,Online,Small Business,Rep_11,Beauty,Skincare Set,6,50.04,5.0,25.28,285.23,151.68
ORD101122,2024-02-13,East,Online,Small Business,Rep_09,Apparel,Winter Coat,5,105.06,0.0,66.93,525.3,334.65
ORD102365,2025-05-17,West,Online,Consumer,Rep_04,Sports & Outdoors,Cycling Helmet,2,95.94,0.0,56.57,191.88,113.14
ORD101221,2024-11-13,East,Online,Consumer,Rep_13,Electronics,Bluetooth Speaker,5,192.39,0.0,94.93,961.95,474.65
ORD101203,2024-02-27,West,Online,Small Business,Rep_06,Home & Kitchen,Cookware Set,4,152.83,20.0,75.05,489.06,300.2
ORD100974,2025-09-01,West,In-Store,Consumer,Rep_08,Electronics,Power Bank,6,95.5,20.0,58.06,458.4,348.36
ORD101554,2024-10-29,South,In-Store,Consumer,Rep_09,Sports & Outdoors,Water Bottle,3,109.42,5.0,72.96,311.85,218.88
ORD102641,2024-07-16,North,In-Store,Consumer,Rep_05,Electronics,Bluetooth Speaker,4,61.86,0.0,30.42,247.44,121.68
ORD102313,2024-12-14,West,In-Store,Small Business,Rep_10,Electronics,Laptop Stand,4,50.83,0.0,33.51,203.32,134.04
ORD102254,2024-07-18,East,Online,Consumer,Rep_03,Beauty,Face Serum,1,76.66,0.0,51.55,76.66,51.55
ORD100541,2025-11-03,South,Marketplace,Small Business,Rep_02,Home & Kitchen,Air Fryer,5,45.59,0.0,25.4,227.95,127.0
ORD102480,2024-08-02,East,In-Store,Consumer,Rep_09,Sports & Outdoors,Dumbbell Set,1,97.76,0.0,64.78,97.76,64.78
ORD101363,2024-08-22,North,Online,Consumer,Rep_03,Sports & Outdoors,Yoga Mat,3,146.13,5.0,85.25,416.47,255.75
ORD100264,2024-04-22,East,Online,Small Business,Rep_10,Beauty,Perfume,1,22.83,0.0,13.3,22.83,13.3
ORD101999,2025-02-11,West,Online,Small Business,Rep_13,APPAREL,Running Shoes,3,116.14,0.0,55.71,348.42,167.13
ORD100447,2025-02-06,North,Marketplace,Enterprise,Rep_08,Apparel,Running Shoes,1,85.33,10.0,48.16,76.8,48.16
ORD100210,2024-06-21,West,Online,Consumer,Rep_14,Home & Kitchen,Coffee Maker,2,70.82,15.0,46.37,120.39,92.74
ORD100857,2025-06-01,North,Online,Small Business,Rep_13,Apparel,Winter Coat,6,73.59,0.0,34.1,441.54,204.6
ORD100377,2025-06-29,East,Marketplace,Consumer,Rep_07,Sports & Outdoors,Cycling Helmet,9,46.06,20.0,23.49,331.63,211.41
ORD100921,2025-12-05,East,Marketplace,Consumer,Rep_11,Beauty,Makeup Kit,5,60.42,0.0,29.1,302.1,145.5
ORD101146,2024-11-25,North,In-Store,Consumer,Rep_15,Home & Kitchen,Cookware Set,8,164.44,0.0,86.43,1315.52,691.44
ORD101438,2024-06-11,West,Online,Small Business,Rep_05,Beauty,Face Serum,3,53.82,0.0,27.18,161.46,81.54
ORD101102,2024-11-15,West,Online,Small Business,Rep_01,Apparel,Yoga Pants,6,79.84,5.0,37.64,455.09,225.84
ORD102030,2025-03-18,North,Marketplace,Enterprise,Rep_01,Apparel,Denim Jacket,1,18.98,0.0,8.63,18.98,8.63
ORD102555,2024-07-30,East,Online,Consumer,Rep_05,Home & Kitchen,Coffee Maker,1,90.71,5.0,56.78,86.17,56.78
ORD100300,2024-12-31,North,Online,Small Business,Rep_13,Beauty,Hair Dryer,1,13.88,0.0,7.93,13.88,7.93
ORD101421,2024-02-16,South,In-Store,Consumer,Rep_11,Home & Kitchen,Blender,2,167.24,15.0,94.16,284.31,188.32
ORD102129,2024-04-30,West,Online,Small Business,Rep_07,Apparel,Running Shoes,4,24.73,0.0,13.66,98.92,54.64
ORD101390,2024-03-06,North,In-Store,Small Business,Rep_15,Sports & Outdoors,Water Bottle,3,63.29,0.0,35.7,189.87,107.1
ORD100553,2025-06-09,North,Online,Consumer,Rep_02,Apparel,Winter Coat,4,87.54,5.0,40.87,332.65,163.48
ORD100488,2024-09-04,East,Online,Consumer,Rep_02,Sports & Outdoors,Camping Tent,5,86.53,0.0,55.54,432.65,277.7
ORD100561,2025-11-24,South,In-Store,Consumer,Rep_10,Beauty,Perfume,6,49.82,10.0,31.81,269.03,190.86
ORD100467,2025-02-12,South,In-Store,Consumer,Rep_11,Beauty,Face Serum,6,29.6,0.0,13.33,177.6,79.98
ORD100845,2025-05-06,North,Online,Consumer,Rep_05,Sports & Outdoors,Dumbbell Set,5,50.22,5.0,25.9,238.54,129.5
ORD101090,2025-06-11,North,Marketplace,Small Business,Rep_02,Beauty,Face Serum,4,32.26,0.0,15.62,129.04,62.48
ORD100468,2025-05-28,South,Online,Small Business,Rep_09,Home & Kitchen,Vacuum Cleaner,9,154.44,0.0,80.32,1389.96,722.88
ORD101770,2024-07-05,West,Online,Consumer,Rep_03,Apparel,Backpack,5,40.12,5.0,26.46,190.57,132.3
ORD101758,2024-12-05,West,In-Store,Small Business,Rep_11,Beauty,Perfume,4,46.29,20.0,31.35,148.13,125.4
ORD100895,2025-10-04,West,Online,Consumer,Rep_04,Beauty,Makeup Kit,2,36.66,15.0,23.05,62.32,46.1
ORD102623,2024-09-02,West,Online,Enterprise,Rep_04,Apparel,Denim Jacket,4,42.48,15.0,25.44,144.43,101.76
ORD102260,2024-03-05,West,Marketplace,Consumer,Rep_15,Sports & Outdoors,Yoga Mat,5,38.95,10.0,20.97,175.28,104.85
ORD101061,2024-05-09,South,Marketplace,Enterprise,,Home & Kitchen,Coffee Maker,1,74.5,0.0,46.31,74.5,46.31
ORD101764,2025-11-12,East,Online,Small Business,Rep_09,Beauty,Hair Dryer,9,47.93,5.0,32.41,409.8,291.69
ORD101691,2025-08-15,South,Online,Consumer,Rep_06,Home & Kitchen,Blender,1,92.81,0.0,62.56,92.81,62.56
ORD101423,2024-04-30,West,In-Store,Small Business,Rep_10,Beauty,Skincare Set,1,17.39,15.0,9.63,14.78,9.63
ORD102300,2024-12-06,West,Online,Consumer,Rep_07,Sports & Outdoors,Yoga Mat,6,119.89,0.0,65.13,719.34,390.78
ORD102017,2025-01-14,South,Online,Small Business,Rep_08,Home & Kitchen,Air Fryer,4,64.84,0.0,43.51,259.36,174.04
ORD101959,2025-04-10,West,Online,Consumer,Rep_07,Electronics,Wireless Earbuds,1,176.83,0.0,88.38,176.83,88.38
ORD102033,2025-05-02,North,In-Store,Consumer,Rep_06,Electronics,Wireless Earbuds,3,180.91,0.0,97.7,542.73,293.1
ORD102307,2025-08-10,West,Online,,Rep_08,Home & Kitchen,Cookware Set,6,60.98,0.0,41.13,365.88,246.78
ORD100955,2024-05-29,West,Online,Consumer,Rep_11,Beauty,Face Serum,7,85.82,0.0,57.77,600.74,404.39
ORD100439,2024-12-03,West,Online,Small Business,Rep_06,Electronics,Bluetooth Speaker,4,50.21,0.0,22.68,200.84,90.72
ORD101458,2024-02-27,South,Marketplace,Consumer,Rep_13,Beauty,Face Serum,2,39.01,10.0,23.41,70.22,46.82
ORD100021,2025-08-03,North,Online,Consumer,,Apparel,Running Shoes,4,96.3,0.0,46.61,385.2,186.44
ORD100180,2025-02-20,West,Online,Consumer,Rep_09,Electronics,Laptop Stand,3,219.22,0.0,116.49,657.66,349.47
ORD101039,2025-07-15,East,In-Store,Consumer,Rep_14,Beauty,Makeup Kit,5,50.15,20.0,27.36,200.6,136.8
ORD102391,2025-04-23,North,Online,Enterprise,Rep_04,Apparel,Denim Jacket,7,36.6,0.0,22.0,256.2,154.0
ORD100987,2025-04-30,East,Online,Consumer,Rep_13,Apparel,Yoga Pants,4,94.12,0.0,57.46,376.48,229.84
ORD101096,2025-03-30,West,Online,Consumer,Rep_06,Beauty,Face Serum,4,69.03,10.0,37.39,248.51,149.56
ORD101901,2024-11-22,North,Online,Consumer,Rep_08,Home & Kitchen,Blender,5,169.31,10.0,82.06,761.9,410.3
ORD102577,2024-11-09,West,Marketplace,Consumer,Rep_10,Electronics,Wireless Earbuds,3,104.95,5.0,51.36,299.11,154.08
ORD101208,2025-01-25,West,Online,Consumer,Rep_04,Apparel,Backpack,3,43.87,0.0,24.73,131.61,74.19
ORD100203,2025-12-01,East,Online,Consumer,Rep_06,Electronics,Smartwatch,6,54.94,0.0,35.95,329.64,215.7
ORD101171,2024-10-08,South,Online,Small Business,Rep_11,Apparel,Backpack,1,70.49,5.0,36.57,66.97,36.57
ORD100626,2025-02-28,North,Online,Consumer,Rep_14,Beauty,Skincare Set,4,48.12,20.0,31.27,0.0,125.08
ORD101062,2025-07-21,North,Online,Consumer,Rep_15,Apparel,Winter Coat,1,36.8,20.0,19.52,29.44,19.52
ORD101522,2025-06-28,West,Online,Consumer,Rep_06,Electronics,Smartwatch,3,65.07,5.0,36.34,185.45,109.02
ORD101772,2025-06-04,South,Online,Consumer,Rep_15,Electronics,Laptop Stand,5,186.96,5.0,114.98,888.06,574.9
ORD101180,2025-10-20,South,Online,Consumer,Rep_02,Electronics,Wireless Earbuds,7,123.96,0.0,79.83,867.72,558.81
ORD101123,2024-04-23,North,In-Store,Consumer,Rep_04,BEAUTY,Hair Dryer,5,13.36,10.0,6.77,60.12,33.85
ORD100487,2025-05-07, East ,Online,Consumer,Rep_07,Electronics,Bluetooth Speaker,3,148.96,0.0,72.92,446.88,218.76
ORD100229,2025-03-09,South,Online,Enterprise,Rep_03,Apparel,Winter Coat,1,35.68,0.0,21.41,35.68,21.41
ORD101051,2024-04-24,East,In-Store,Consumer,Rep_06,Electronics,Bluetooth Speaker,4,124.17,0.0,66.06,496.68,264.24
ORD102221,2024-08-21,North,Online,Small Business,Rep_03,Home & Kitchen,Blender,1,22.52,10.0,12.84,20.27,12.84
ORD101751,2024-03-06,West,Marketplace,Consumer,Rep_10,Beauty,Skincare Set,3,87.68,,43.35,263.04,130.05
ORD102045,2025-10-09,North,In-Store,Consumer,Rep_02,Sports & Outdoors,Yoga Mat,3,46.64,10.0,24.69,125.93,74.07
ORD102424,2025-02-01,East,In-Store,Consumer,Rep_14,Electronics,Bluetooth Speaker,3,121.99,0.0,62.45,365.97,187.35
ORD100286,2025-01-21,West,Online,Small Business,Rep_10,Apparel,Winter Coat,2,81.33,0.0,51.58,162.66,103.16
ORD101511,2025-04-26,East,Online,Consumer,Rep_02,Electronics,Wireless Earbuds,5,110.62,0.0,67.14,553.1,335.7
ORD100674,2024-06-05,West,Online,Consumer,Rep_05,Beauty,Hair Dryer,5,37.64,5.0,22.81,178.79,114.05
ORD100454,2024-07-05,East,Marketplace,Consumer,Rep_15,Sports & Outdoors,Camping Tent,4,99.61,0.0,63.25,398.44,253.0
ORD102578,2025-04-08,East,Online,Consumer,Rep_11,Apparel,Running Shoes,3,70.39,15.0,40.27,179.49,120.81
ORD102189,2025-05-04,North,Online,Consumer,Rep_05,Electronics,Wireless Earbuds,6,49.6,0.0,28.54,297.6,171.24
ORD100810,2024-09-19,West,Online,Small Business,Rep_06,Electronics,Power Bank,3,188.92,0.0,92.4,566.76,277.2
ORD100669,2024-09-14,West,In-Store,Consumer,Rep_11,Electronics,Bluetooth Speaker,4,34.69,0.0,19.02,138.76,76.08
ORD101958,2025-07-16,North,Marketplace,Consumer,Rep_07,Home & Kitchen,Vacuum Cleaner,2,165.53,0.0,104.88,331.06,209.76
ORD100431,2024-01-11,East,Online,Small Business,Rep_09,Sports & Outdoors,Cycling Helmet,3,127.31,0.0,63.08,381.93,189.24
ORD102242,2025-09-26,North,In-Store,Consumer,Rep_08,Electronics,Wireless Earbuds,8,138.88,0.0,77.12,1111.04,616.96
ORD102318,2025-10-28,South,Online,Consumer,Rep_02,Sports & Outdoors,Water Bottle,5,101.34,0.0,61.63,506.7,308.15
ORD102642,2024-05-05,North,Online,Small Business,Rep_15,Sports & Outdoors,Dumbbell Set,2,87.46,0.0,51.29,174.92,102.58
ORD100344,2025-02-07,North,In-Store,Small Business,Rep_14,Home & Kitchen,Blender,2,66.86,10.0,42.65,120.35,85.3
ORD100620,2024-06-10,South,Online,Small Business,Rep_03,Electronics,Laptop Stand,4,113.92,0.0,53.95,455.68,215.8
ORD101355,2025-03-03,West,In-Store,Consumer,Rep_12,Electronics,Smartwatch,2,169.82,5.0,81.78,322.66,163.56
ORD102378,2024-08-02,West,Online,Consumer,Rep_12,Electronics,Wireless Earbuds,2,202.65,15.0,92.56,344.5,185.12
ORD101321,2024-07-19,South,Marketplace,Consumer,Rep_09,Electronics,Bluetooth Speaker,6,105.29,0.0,53.51,631.74,321.06
ORD100802,2024-02-21,North,In-Store,Small Business,Rep_06,Sports & Outdoors,Cycling Helmet,5,48.23,5.0,25.5,229.09,127.5
ORD101795,2024-11-21,North,Online,Consumer,Rep_04,Beauty,Perfume,6,43.72,0.0,28.45,262.32,170.7
ORD100178,2024-02-09,East,In-Store,Consumer,Rep_11,Beauty,Skincare Set,3,30.41,5.0,15.58,86.67,46.74
ORD100070,2025-03-12,North,Marketplace,Consumer,Rep_13,Apparel,Backpack,2,37.59,0.0,20.57,75.18,41.14
ORD100864,2024-02-23,East,Marketplace,Consumer,Rep_04,Electronics,Wireless Earbuds,3,97.83,0.0,53.09,293.49,159.27
ORD102006,2025-11-08,West,Online,Small Business,Rep_14,Apparel,Denim Jacket,2,54.42,0.0,26.39,108.84,52.78
ORD101604,2025-03-29,East,Online,Consumer,Rep_06,Apparel,Denim Jacket,5,50.41,0.0,25.52,252.05,127.6
ORD100130,2025-01-28,North,In-Store,Consumer,Rep_11,Home & Kitchen,Vacuum Cleaner,3,135.75,0.0,67.84,407.25,203.52
ORD101922,2025-03-06,West,Online,Small Business,Rep_13,ELECTRONICS,Smartwatch,1,178.47,5.0,85.7,169.55,85.7
ORD101520,2024-08-02,South,Online,Consumer,Rep_04,Home & Kitchen,Coffee Maker,1,95.6,0.0,54.51,95.6,54.51
ORD100291,2024-09-14,East,Online,Consumer,Rep_04,Apparel,Running Shoes,6,78.09,0.0,35.6,468.54,213.6
ORD101140,2025-05-09, South ,Online,Consumer,Rep_01,Sports & Outdoors,Cycling Helmet,3,105.22,0.0,68.82,315.66,206.46
ORD100127,2024-07-07,South,Marketplace,Consumer,Rep_14,Home & Kitchen,Coffee Maker,2,168.74,10.0,85.76,303.73,171.52
ORD101857,2024-03-24,North,Marketplace,Consumer,Rep_09,Apparel,Denim Jacket,6,86.69,0.0,48.17,520.14,289.02
ORD100284,2024-05-26,East,Marketplace,Small Business,Rep_11,Electronics,Smartwatch,3,81.26,0.0,45.27,243.78,135.81
ORD101761,2024-12-05,South,Online,Consumer,Rep_09,Apparel,Backpack,3,107.2,0.0,55.21,321.6,165.63
ORD100623,2025-09-10,East,In-Store,Consumer,Rep_05,Apparel,Winter Coat,7,44.34,5.0,29.99,294.86,209.93
ORD100470,2025-08-05,North,Online,Enterprise,Rep_10,Apparel,Backpack,4,23.08,0.0,10.73,92.32,42.92
ORD100688,2024-08-26,West,Online,Consumer,Rep_12,Home & Kitchen,Coffee Maker,5,118.73,0.0,59.35,593.65,296.75
ORD100832,2025-04-02,West,Marketplace,Consumer,Rep_02,Sports & Outdoors,Yoga Mat,3,32.05,0.0,21.56,96.15,64.68
ORD102367,2025-05-22,West,In-Store,Consumer,Rep_11,Electronics,Power Bank,4,71.26,0.0,39.9,285.04,159.6
ORD101799,2025-09-07,East,In-Store,Enterprise,Rep_07,Home & Kitchen,Blender,3,71.36,0.0,32.73,214.08,98.19
ORD100125,2024-07-16,North,Marketplace,Small Business,Rep_13,Home & Kitchen,Blender,4,154.1,0.0,94.9,616.4,379.6
ORD100852,2024-06-24,South,In-Store,Enterprise,Rep_02,Beauty,Face Serum,4,12.13,15.0,5.97,41.24,23.88
ORD101426,2025-11-22,West,Online,Enterprise,Rep_15,Beauty,Makeup Kit,9,66.73,10.0,44.18,540.51,397.62
ORD101082,2024-08-30,West,In-Store,Small Business,Rep_04,Electronics,Laptop Stand,3,94.59,10.0,55.6,255.39,166.8
ORD101545,2025-08-02,East,In-Store,Small Business,Rep_07,Beauty,Skincare Set,6,82.63,5.0,37.93,470.99,227.58
ORD102258,2025-06-18,West,Online,Consumer,Rep_12,Home & Kitchen,Vacuum Cleaner,6,170.74,0.0,99.43,1024.44,596.58
ORD100610,2025-10-12,North,In-Store,Small Business,Rep_13,Sports & Outdoors,Water Bottle,6,99.82,5.0,60.08,568.97,360.48
ORD100458,2024-07-31,East,In-Store,Consumer,Rep_11,Sports & Outdoors,Camping Tent,2,37.43,0.0,19.09,74.86,38.18
ORD102119,2025-08-27,East,Marketplace,Consumer,Rep_15,Apparel,Denim Jacket,3,70.93,0.0,42.12,212.79,126.36
ORD100755,2024-06-08,South,Online,Consumer,Rep_12,Home & Kitchen,Coffee Maker,4,61.71,0.0,29.37,246.84,117.48
ORD102530,2024-06-21,East,Online,Enterprise,Rep_11,Home & Kitchen,Air Fryer,1,86.51,0.0,41.63,86.51,41.63
ORD100462,2025-02-21,West,In-Store,Small Business,Rep_02,Home & Kitchen,Cookware Set,2,90.46,0.0,47.07,180.92,94.14
ORD100549,2025-02-13,South,In-Store,Small Business,Rep_03,Beauty,Makeup Kit,4,46.36,0.0,30.97,185.44,123.88
ORD100792,2024-02-02,West,Online,Consumer,Rep_05,Home & Kitchen,Air Fryer,2,43.76,5.0,22.37,83.14,44.74
ORD100504,2025-04-25,South,Online,Consumer,Rep_14,Apparel,Yoga Pants,3,83.94,20.0,41.29,201.46,123.87
ORD100308,2025-06-24,East,Online,Consumer,Rep_06,Apparel,Yoga Pants,4,34.31,0.0,22.68,137.24,90.72
ORD101216,2025-07-31,West,Online,Consumer,Rep_04,Home & Kitchen,Blender,1,136.99,15.0,74.77,116.44,74.77
ORD100363,2025-01-24,West,Online,Small Business,Rep_07,Home & Kitchen,Blender,4,76.33,5.0,37.28,290.05,149.12
ORD100579,2025-10-21,South,In-Store,Consumer,Rep_11,Apparel,Denim Jacket,1,63.26,,33.9,63.26,33.9
ORD101818,2025-05-28,South,In-Store,Consumer,Rep_08,Apparel,Backpack,4,81.95,0.0,45.29,327.8,181.16
ORD100681,2025-09-26,North,Marketplace,Consumer,Rep_11,Beauty,Makeup Kit,6,82.67,0.0,54.37,496.02,326.22
ORD100108,2024-07-05,North,Online,Consumer,Rep_13,Home & Kitchen,Cookware Set,3,44.86,0.0,29.51,134.58,88.53
ORD100507,2024-04-19,East,Online,Small Business,Rep_06,Electronics,Wireless Earbuds,1,164.56,10.0,92.71,148.1,92.71
ORD101483,2025-04-12,North,In-Store,Enterprise,Rep_13,Apparel,Winter Coat,5,32.02,0.0,15.56,160.1,77.8
ORD101179,2025-05-30,South,Marketplace,Consumer,Rep_15,Home & Kitchen,Blender,4,45.63,5.0,29.02,173.39,116.08
ORD102266,2025-06-04,South,In-Store,Consumer,Rep_06,Apparel,Denim Jacket,2,67.64,0.0,42.26,135.28,84.52
ORD101686,2025-02-10,North,Online,Consumer,Rep_02,Apparel,Denim Jacket,1,59.66,10.0,33.66,53.69,33.66
ORD100780,2025-08-26,East,Marketplace,Consumer,Rep_10,Home & Kitchen,Blender,5,72.26,10.0,33.55,325.17,167.75
ORD100065,2025-01-12,South,Online,Small Business,Rep_13,Beauty,Skincare Set,1,21.51,0.0,10.01,21.51,10.01
ORD100214,2025-10-10,East,In-Store,Enterprise,Rep_09,Beauty,Skincare Set,8,44.51,0.0,30.01,356.08,240.08
ORD101333,2025-02-25,North,Online,Consumer,Rep_07,Electronics,Bluetooth Speaker,3,123.5,0.0,61.76,370.5,185.28
ORD100978,2025-05-28,West,In-Store,Consumer,Rep_15,Apparel,Winter Coat,3,79.65,5.0,52.25,227.0,156.75
ORD101665,2024-12-16,South,In-Store,Consumer,Rep_12,Apparel,Backpack,4,57.82,5.0,32.53,219.72,130.12
ORD102452,2024-06-22,North,Online,Consumer,Rep_06,Sports & Outdoors,Yoga Mat,4,120.27,0.0,60.83,481.08,243.32
ORD100188,2024-08-25,East,In-Store,Small Business,Rep_09,Sports & Outdoors,Yoga Mat,1,26.53,0.0,12.51,26.53,12.51
ORD100769,2025-04-21,West,Marketplace,Consumer,Rep_05,Electronics,Power Bank,2,196.69,0.0,120.03,393.38,240.06
ORD102267,2024-12-22,East,Online,Small Business,Rep_08,Electronics,Laptop Stand,5,91.81,5.0,50.71,436.1,253.55
ORD100984,2025-12-25,West,Marketplace,Small Business,Rep_04,Beauty,Face Serum,7,48.98,0.0,32.69,342.86,228.83
ORD100532,2024-01-26,South,In-Store,Consumer,Rep_07,Beauty,Face Serum,3,21.67,5.0,10.94,61.76,32.82
ORD100841,2024-05-02,East,In-Store,Consumer,Rep_10,Sports & Outdoors,Yoga Mat,4,101.12,0.0,59.91,404.48,239.64
ORD102179,2025-07-30,East,Online,Consumer,Rep_09,Electronics,Smartwatch,6,150.73,10.0,73.63,813.94,441.78
ORD101038,2024-03-18,West,Marketplace,Consumer,,Electronics,Bluetooth Speaker,1,108.8,0.0,65.29,108.8,65.29
ORD102079,2024-09-01,East,Online,Enterprise,Rep_03,Apparel,Yoga Pants,2,45.02,5.0,25.9,85.54,51.8
ORD101600,2024-05-13,East,Online,Enterprise,Rep_10,Beauty,Skincare Set,3,57.0,0.0,26.31,171.0,78.93
ORD101657,2024-07-21,North,Online,Consumer,Rep_14,Home & Kitchen,Cookware Set,2,120.09,0.0,69.95,240.18,139.9
ORD100992,2025-10-27,North,In-Store,Consumer,Rep_08,Beauty,Makeup Kit,5,72.44,5.0,38.96,344.09,194.8
ORD100280,2025-07-26,South,In-Store,Small Business,Rep_03,Apparel,Backpack,4,16.13,0.0,7.77,64.52,31.08
ORD101985,2025-11-18,South,Online,Consumer,Rep_06,Home & Kitchen,Blender,9,153.57,0.0,77.94,1382.13,701.46
ORD100862,2024-05-05,North,Online,Consumer,Rep_11,Electronics,Bluetooth Speaker,5,130.76,5.0,59.16,621.11,295.8
ORD101783,2025-02-13,South,In-Store,Consumer,Rep_10,Sports & Outdoors,Cycling Helmet,1,42.74,0.0,25.66,42.74,25.66
ORD101589,2024-08-05,North,Online,Consumer,,Home & Kitchen,Vacuum Cleaner,4,127.17,0.0,72.86,508.68,291.44
ORD102374,2024-04-29,East,In-Store,Enterprise,Rep_05,Sports & Outdoors,Yoga Mat,5,13.67,5.0,6.72,64.93,33.6
ORD101715,2025-01-21,East,Online,Small Business,Rep_03,Beauty,Hair Dryer,3,87.17,,40.16,261.51,120.48
ORD101229,2025-08-29,North,In-Store,Consumer,Rep_12,Electronics,Smartwatch,3,173.04,0.0,87.65,519.12,262.95
ORD100485,2024-11-08, West ,Online,Consumer,Rep_11,ELECTRONICS,Bluetooth Speaker,4,168.04,0.0,110.55,672.16,442.2
ORD100905,2025-04-14,North,In-Store,Consumer,Rep_08,Electronics,Laptop Stand,3,104.11,10.0,56.59,281.1,169.77
ORD102495,2025-11-03,East,Online,Small Business,Rep_02,Electronics,Wireless Earbuds,4,219.81,0.0,122.71,879.24,490.84
ORD101656,2025-04-20,North,In-Store,Consumer,Rep_12,Sports & Outdoors,Water Bottle,1,35.69,0.0,22.8,35.69,22.8
ORD101580,2024-02-12,West,In-Store,Enterprise,,Home & Kitchen,Vacuum Cleaner,4,148.55,0.0,71.88,594.2,287.52
ORD100353,2024-01-28,North,Marketplace,Consumer,Rep_05,Electronics,Wireless Earbuds,1,27.51,10.0,13.59,24.76,13.59
ORD102441,2024-12-17,South,Online,Enterprise,Rep_03,Sports & Outdoors,Camping Tent,3,110.28,5.0,67.99,314.3,203.97
ORD101697,2025-04-22,East,In-Store,Consumer,Rep_03,Sports & Outdoors,Camping Tent,5,134.59,0.0,80.44,672.95,402.2
ORD100731,2024-07-01,North,Online,Consumer,Rep_05,Apparel,Running Shoes,5,106.48,5.0,70.25,505.78,351.25
ORD100421,2025-04-26,East,Online,Small Business,Rep_06,Beauty,Skincare Set,6,75.61,10.0,44.65,408.29,267.9
ORD100702,2025-03-30,West,In-Store,Consumer,Rep_15,Electronics,Bluetooth Speaker,1,106.26,0.0,58.93,106.26,58.93
ORD102348,2025-03-17,South,Online,Consumer,Rep_15,Beauty,Face Serum,1,50.2,0.0,22.84,50.2,22.84
ORD102425,2025-03-04,West,Online,Consumer,Rep_05,Apparel,Backpack,3,92.73,0.0,53.34,278.19,160.02
ORD102528,2024-01-30,South,In-Store,Small Business,Rep_03,Apparel,Denim Jacket,1,72.16,5.0,34.91,68.55,34.91
ORD100961,2024-02-18,West,Online,Consumer,Rep_03,Beauty,Makeup Kit,1,72.36,10.0,48.89,65.12,48.89
ORD102248,2024-07-09,East,Online,Consumer,Rep_05,Sports & Outdoors,Cycling Helmet,3,126.07,5.0,61.9,359.3,185.7
ORD102561,2024-12-02,South,In-Store,Consumer,Rep_08,Beauty,Hair Dryer,5,79.52,0.0,41.31,397.6,206.55
ORD101225,2024-08-06,East,Online,Enterprise,Rep_05,Electronics,Bluetooth Speaker,5,189.51,0.0,125.45,947.55,627.25
ORD102277,2024-02-19,North,In-Store,Small Business,Rep_04,Beauty,Skincare Set,9,52.19,5.0,23.57,446.22,212.13
ORD101315,2024-11-22,West,In-Store,Consumer,Rep_09,Apparel,Winter Coat,5,99.38,0.0,58.17,496.9,290.85
ORD101064,2024-07-04,South,Online,Small Business,Rep_15,Home & Kitchen,Vacuum Cleaner,4,78.71,0.0,42.77,314.84,171.08
ORD100361,2025-06-15,North,Online,Enterprise,Rep_12,Home & Kitchen,Blender,3,99.73,10.0,45.62,269.27,136.86
ORD102087,2024-12-01,South,Online,Enterprise,Rep_10,Sports & Outdoors,Camping Tent,3,63.48,0.0,36.01,190.44,108.03
ORD100649,2025-06-15,South,Marketplace,Consumer,Rep_01,Sports & Outdoors,Dumbbell Set,3,103.19,0.0,50.37,309.57,151.11
ORD101209,2025-06-01,West,In-Store,Small Business,Rep_11,Electronics,Smartwatch,5,211.09,0.0,135.02,1055.45,675.1
ORD100452,2024-05-22,South,Marketplace,Consumer,Rep_08,Sports & Outdoors,Water Bottle,2,47.15,5.0,25.31,89.58,50.62
ORD102384,2024-05-17,North,In-Store,Consumer,Rep_03,Electronics,Wireless Earbuds,3,194.19,0.0,99.06,582.57,297.18
ORD102395,2024-04-03,South,Online,Consumer,Rep_01,Electronics,Wireless Earbuds,2,157.88,0.0,75.49,315.76,150.98
ORD100224,2025-08-29,North,In-Store,Consumer,Rep_11,Home & Kitchen,Vacuum Cleaner,1,119.21,10.0,72.97,107.29,72.97
ORD101166,2024-06-17,South,Online,Consumer,Rep_06,Beauty,Perfume,8,38.33,15.0,20.49,260.64,163.92
ORD101347,2025-05-24,North,In-Store,Consumer,Rep_05,Electronics,Power Bank,7,114.48,0.0,62.98,801.36,440.86
ORD100185,2024-01-03,West,In-Store,Small Business,Rep_05,Home & Kitchen,Vacuum Cleaner,2,149.25,0.0,70.59,298.5,141.18
ORD101696,2025-10-16,North,Marketplace,Small Business,Rep_15,Sports & Outdoors,Dumbbell Set,3,141.74,0.0,92.76,425.22,278.28
ORD102171,2024-06-11,North,In-Store,Consumer,Rep_14,Apparel,Denim Jacket,7,70.16,0.0,43.46,491.12,304.22
ORD102475,2025-10-23,East,Online,Small Business,Rep_03,Apparel,Running Shoes,3,107.15,5.0,49.38,305.38,148.14
ORD100160,2025-01-24,West,Online,Consumer,Rep_07,Beauty,Perfume,1,68.48,10.0,41.74,61.63,41.74
ORD102518,2024-06-22,East,In-Store,Consumer,Rep_06,Home & Kitchen,Cookware Set,6,47.5,0.0,22.11,285.0,132.66
ORD101513,2024-11-21,North,In-Store,Small Business,Rep_14,Sports & Outdoors,Camping Tent,3,50.17,0.0,33.47,150.51,100.41
ORD101442,2024-04-30,West,Online,Consumer,Rep_03,Electronics,Wireless Earbuds,4,144.26,0.0,90.07,577.04,360.28
ORD101257,2024-05-05,South,Online,Consumer,Rep_04,Beauty,Perfume,1,79.51,0.0,40.85,79.51,40.85
ORD101946,2024-01-15,North,In-Store,Enterprise,Rep_04,Home & Kitchen,Cookware Set,4,165.98,0.0,92.08,663.92,368.32
ORD100263,2025-02-06,South,Online,Consumer,Rep_15,Electronics,Smartwatch,1,216.1,5.0,109.69,205.3,109.69
ORD100368,2025-10-09,East,In-Store,Small Business,Rep_14,Beauty,Face Serum,4,79.22,0.0,43.61,316.88,174.44
ORD101568,2024-11-05,East,Online,Enterprise,Rep_05,Apparel,Running Shoes,6,104.11,0.0,56.82,624.66,340.92
ORD101251,2025-11-21,East,Online,Small Business,Rep_11,Electronics,Laptop Stand,8,45.52,0.0,28.22,364.16,225.76
ORD101825,2024-04-18,East,Online,Consumer,Rep_09,Home & Kitchen,Vacuum Cleaner,2,171.18,5.0,85.77,325.24,171.54
ORD102149,2024-02-20,East,In-Store,Small Business,Rep_06,Apparel,Running Shoes,1,31.42,5.0,15.22,29.85,15.22
ORD101022,2025-03-22,East,Online,Small Business,Rep_02,Sports & Outdoors,Cycling Helmet,3,136.25,15.0,88.62,347.44,265.86
ORD100939,2025-11-04,East,In-Store,Consumer,Rep_08,Beauty,Makeup Kit,6,54.6,5.0,30.88,311.22,185.28
ORD101731,2025-04-21,North,Online,Small Business,Rep_09,Home & Kitchen,Vacuum Cleaner,4,31.16,0.0,19.81,124.64,79.24
ORD101732,2025-11-12,East,Online,Consumer,Rep_13,Home & Kitchen,Air Fryer,7,89.74,0.0,45.36,628.18,317.52
ORD102521,2024-03-26,South,Online,Consumer,Rep_03,Apparel,Running Shoes,3,99.15,0.0,45.56,297.45,136.68
ORD100333,2025-09-04,West,Online,Consumer,Rep_02,Electronics,Laptop Stand,6,198.32,15.0,117.19,1011.43,703.14
ORD101374,2025-03-07,North,In-Store,Consumer,Rep_12,Apparel,Winter Coat,1,93.56,5.0,57.26,88.88,57.26
ORD102059,2024-04-21,North,Online,Enterprise,Rep_07,Sports & Outdoors,Cycling Helmet,2,65.22,0.0,40.16,130.44,80.32
ORD100788,2024-03-23,West,In-Store,Consumer,Rep_14,Electronics,Bluetooth Speaker,5,105.18,5.0,63.25,499.61,316.25
ORD102325,2024-11-24,West,Online,Consumer,Rep_11,Electronics,Power Bank,3,213.8,0.0,96.67,641.4,290.01
ORD102592,2024-06-03,East,Marketplace,Small Business,Rep_01,Sports & Outdoors,Cycling Helmet,5,97.05,0.0,52.69,485.25,263.45
ORD101414,2024-05-17,North,Marketplace,Small Business,Rep_07,Home & Kitchen,Air Fryer,2,179.94,5.0,91.4,341.89,182.8
ORD100854,2024-09-16,North,In-Store,Small Business,Rep_05,Electronics,Power Bank,6,170.53,15.0,111.85,869.7,671.1
ORD102319,2024-03-02,North,Online,Small Business,Rep_10,Apparel,Yoga Pants,5,109.25,0.0,71.17,546.25,355.85
ORD100380,2024-04-14,North,Online,Consumer,Rep_05,Home & Kitchen,Vacuum Cleaner,2,132.74,5.0,86.98,252.21,173.96
ORD101636,2024-07-21,South,Online,Consumer,Rep_13,Electronics,Wireless Earbuds,1,62.09,5.0,31.47,58.99,31.47
ORD101167,2024-02-06,East,Online,Consumer,Rep_07,Home & Kitchen,Vacuum Cleaner,6,86.66,0.0,46.3,519.96,277.8
ORD101720,2025-11-15,East,Marketplace,Consumer,Rep_09,Electronics,Wireless Earbuds,8,90.82,0.0,44.34,726.56,354.72
ORD102551,2024-07-06,South,Online,Consumer,Rep_06,Beauty,Face Serum,3,86.1,15.0,52.04,219.55,156.12
ORD101385,2025-06-19,South,Online,Consumer,Rep_07,Apparel,Running Shoes,3,19.67,5.0,11.03,56.06,33.09
ORD100858,2024-02-01,North,In-Store,Small Business,Rep_13,Home & Kitchen,Cookware Set,1,112.3,0.0,62.19,112.3,62.19
ORD101555,2024-08-06,South,In-Store,Consumer,Rep_09,Electronics,Bluetooth Speaker,4,59.28,10.0,33.71,213.41,134.84
ORD101433,2025-07-06,North,In-Store,Consumer,Rep_02,Apparel,Backpack,2,89.02,0.0,49.2,178.04,98.4
ORD101455,2024-08-12,East,In-Store,Small Business,Rep_15,Apparel,Backpack,1,117.16,0.0,52.98,117.16,52.98
ORD101870,2024-01-21,East,Online,Small Business,Rep_11,Apparel,Winter Coat,3,116.96,0.0,62.01,350.88,186.03
ORD101443,2025-11-20,West,Marketplace,Enterprise,Rep_12,Beauty,Skincare Set,4,25.83,15.0,15.13,87.82,60.52
ORD102196,2025-06-02,West,In-Store,Small Business,Rep_05,BEAUTY,Skincare Set,9,57.78,0.0,30.24,520.02,272.16
ORD102239,2025-10-09,West,Marketplace,Small Business,Rep_04,Electronics,Power Bank,3,188.25,0.0,120.11,564.75,360.33
ORD101578,2024-02-03,East,Online,Consumer,Rep_03,Beauty,Hair Dryer,2,67.78,5.0,33.52,128.78,67.04
ORD102083,2025-10-15,East,Online,Small Business,Rep_10,Beauty,Hair Dryer,5,82.7,0.0,39.94,413.5,199.7
ORD102240,2025-09-12,North,Online,Consumer,Rep_12,Apparel,Backpack,4,41.33,0.0,28.1,165.32,112.4
ORD100578,2024-03-23,North,In-Store,Small Business,Rep_10,Home & Kitchen,Coffee Maker,4,145.82,20.0,92.93,466.62,371.72
ORD101181,2025-04-04,North,Online,Consumer,Rep_06,Apparel,Denim Jacket,3,44.55,10.0,21.29,120.28,63.87
ORD100207,2025-08-07,West,Online,Consumer,Rep_14,Sports & Outdoors,Cycling Helmet,2,12.55,0.0,7.54,25.1,15.08
ORD101113,2025-09-06,East,In-Store,Consumer,Rep_04,BEAUTY,Makeup Kit,7,89.41,0.0,52.75,625.87,369.25
ORD102486,2025-05-31,East,In-Store,Small Business,Rep_05,Sports & Outdoors,Yoga Mat,5,136.89,5.0,90.63,650.23,453.15
ORD102616,2025-11-02,East,Online,Consumer,Rep_12,Home & Kitchen,Blender,6,101.42,20.0,50.98,486.82,305.88
ORD101081,2025-03-04,East,Marketplace,Consumer,Rep_13,Beauty,Makeup Kit,3,58.66,5.0,36.96,167.18,110.88
ORD102527,2024-09-17,South,Online,Consumer,,Electronics,Smartwatch,2,156.72,5.0,105.33,297.77,210.66
ORD100881,2025-12-14,West,Online,Consumer,Rep_12,Apparel,Backpack,7,53.93,0.0,32.64,377.51,228.48
ORD100143,2024-09-03,North,In-Store,Consumer,Rep_09,Apparel,Backpack,2,114.8,0.0,68.62,229.6,137.24
ORD100748,2024-08-10,West,Marketplace,Consumer,Rep_07,Sports & Outdoors,Camping Tent,2,50.32,0.0,29.41,100.64,58.82
ORD100556,2024-01-29,East,In-Store,Consumer,Rep_15,Apparel,Denim Jacket,5,25.82,0.0,15.33,129.1,76.65
ORD100824,2025-03-19,North,Online,Consumer,Rep_09,Electronics,Smartwatch,4,154.1,0.0,96.81,616.4,387.24
ORD100249,2025-05-17,North,In-Store,Consumer,Rep_12,Apparel,Backpack,3,97.73,0.0,56.36,293.19,169.08
ORD100104,2025-12-30,East,Online,Enterprise,Rep_06,Electronics,Power Bank,1,116.32,0.0,72.92,116.32,72.92
ORD101445,2025-11-17,North,Marketplace,Consumer,Rep_05,ELECTRONICS,Wireless Earbuds,2,52.86,0.0,29.54,105.72,59.08
ORD100430,2024-11-01,North,Online,Consumer,Rep_04,Electronics,Smartwatch,6,67.14,,30.42,402.84,182.52
ORD102462,2024-03-28,West,Online,Consumer,Rep_06,Electronics,Bluetooth Speaker,1,52.11,0.0,24.98,52.11,24.98
ORD100493,2025-04-25,South,Online,Small Business,Rep_12,Electronics,Smartwatch,4,28.75,0.0,19.1,115.0,76.4
ORD101533,2024-05-20,North,In-Store,Consumer,Rep_10,Electronics,Bluetooth Speaker,1,166.15,0.0,103.06,166.15,103.06
ORD102544,2025-09-21,West,Online,Consumer,Rep_08,Home & Kitchen,Blender,3,153.47,10.0,79.6,414.37,238.8
ORD101792,2024-08-12,South,Marketplace,Enterprise,Rep_01,Home & Kitchen,Cookware Set,1,136.93,15.0,76.86,116.39,76.86
ORD101275,2024-04-09,West,Online,Consumer,Rep_15,Home & Kitchen,Blender,2,42.12,20.0,22.64,67.39,45.28
ORD101448,2025-01-05,West,Online,Consumer,Rep_05,Sports & Outdoors,Dumbbell Set,4,126.86,0.0,62.29,507.44,249.16
ORD102122,2024-09-03,North,Marketplace,Consumer,Rep_04,Home & Kitchen,Coffee Maker,1,121.66,0.0,60.79,121.66,60.79
ORD102515,2024-01-03,West,Online,Consumer,Rep_03,Home & Kitchen,Air Fryer,4,82.03,0.0,54.55,328.12,218.2
ORD101125,2025-07-05,South,Online,Consumer,Rep_10,Sports & Outdoors,Cycling Helmet,2,68.85,10.0,37.71,123.93,75.42
ORD101705,2025-11-12,North,Online,Consumer,Rep_06,Home & Kitchen,Cookware Set,6,77.52,10.0,36.51,418.61,219.06
ORD102225,2024-07-03,North,Online,Small Business,Rep_13,Home & Kitchen,Air Fryer,2,114.2,0.0,62.11,228.4,124.22
ORD101133,2025-04-21,West,Online,Consumer,Rep_03,Home & Kitchen,Vacuum Cleaner,8,143.65,0.0,83.63,1149.2,669.04
ORD101587,2025-05-16,South,Online,Consumer,Rep_12,Sports & Outdoors,Cycling Helmet,1,139.69,0.0,78.74,139.69,78.74
ORD100765,2024-08-09,South,Marketplace,Consumer,Rep_15,Electronics,Laptop Stand,2,60.78,20.0,29.91,97.25,59.82
ORD101628,2025-02-25,North,In-Store,Enterprise,Rep_12,Electronics,Bluetooth Speaker,5,162.58,20.0,97.71,650.32,488.55
ORD100146,2024-01-01,North,In-Store,Consumer,Rep_01,Home & Kitchen,Blender,4,71.15,0.0,39.61,284.6,158.44
ORD101601,2025-08-12,East,Marketplace,Small Business,Rep_13,Home & Kitchen,Air Fryer,4,93.35,0.0,61.99,373.4,247.96
ORD102565,2024-01-14,South,Online,Consumer,Rep_08,Sports & Outdoors,Dumbbell Set,3,13.83,5.0,6.7,39.42,20.1
ORD101816,2025-10-23,East,Marketplace,Consumer,Rep_12,Apparel,Backpack,2,61.63,0.0,28.16,123.26,56.32
ORD102537,2025-02-16,West,Marketplace,Consumer,Rep_01,Home & Kitchen,Blender,3,157.05,0.0,71.45,471.15,214.35
ORD101048,2024-05-25,North,Online,Enterprise,Rep_07,Beauty,Perfume,3,41.01,20.0,26.87,98.42,80.61
ORD100321,2024-09-21, East ,Online,Consumer,Rep_03,Electronics,Smartwatch,4,108.74,0.0,57.61,434.96,230.44
ORD100111,2025-08-14,West,Marketplace,Consumer,Rep_03,Home & Kitchen,Air Fryer,5,22.86,10.0,13.51,102.87,67.55
ORD100588,2024-11-15,West,Online,Consumer,Rep_10,Home & Kitchen,Coffee Maker,2,92.07,0.0,41.66,184.14,83.32
ORD102507,2024-06-13,West,Online,Consumer,Rep_06,Home & Kitchen,Air Fryer,1,103.53,10.0,64.99,93.18,64.99
ORD101724,2024-05-29,North,In-Store,Consumer,Rep_07,Home & Kitchen,Cookware Set,3,59.09,0.0,30.08,177.27,90.24
ORD100136,2024-03-22,North,Online,Consumer,Rep_06,Beauty,Perfume,3,30.07,5.0,19.39,85.7,58.17
ORD100653,2025-06-24,North,Online,Consumer,Rep_08,Electronics,Power Bank,2,120.09,0.0,72.93,240.18,145.86
ORD102269,2025-11-14,East,Online,Small Business,Rep_04,Home & Kitchen,Vacuum Cleaner,2,114.96,0.0,63.87,229.92,127.74
ORD102057,2024-12-03,South,Marketplace,Consumer,Rep_11,Electronics,Wireless Earbuds,4,102.23,0.0,66.57,408.92,266.28
ORD101047,2025-09-26,North,Online,Consumer,Rep_15,Home & Kitchen,Coffee Maker,1,90.11,10.0,48.77,81.1,48.77
ORD101782,2025-05-25,South,In-Store,Small Business,Rep_13,Beauty,Perfume,1,76.88,0.0,38.88,76.88,38.88
ORD100930,2025-05-19,East,Online,Enterprise,Rep_08,Home & Kitchen,Coffee Maker,7,63.33,20.0,41.55,354.65,290.85
ORD100220,2024-09-25,South,Marketplace,Small Business,Rep_10,Home & Kitchen,Blender,1,86.2,5.0,44.4,81.89,44.4
ORD100927,2024-08-05,North,Online,Consumer,Rep_11,Electronics,Bluetooth Speaker,3,166.1,0.0,111.29,498.3,333.87
ORD101496,2025-02-09,East,In-Store,Consumer,Rep_13,Sports & Outdoors,Dumbbell Set,6,65.02,10.0,33.26,351.11,199.56
ORD101788,2025-05-31,South,Marketplace,Enterprise,Rep_04,Home & Kitchen,Air Fryer,1,99.7,0.0,58.18,99.7,58.18
ORD101897,2025-01-25,East,Online,Consumer,Rep_10,Home & Kitchen,Coffee Maker,3,59.33,0.0,39.69,177.99,119.07
ORD100606,2024-08-19,South,Online,Consumer,Rep_06,Sports & Outdoors,Camping Tent,2,97.09,0.0,57.33,194.18,114.66
ORD101744,2024-05-21,East,In-Store,Consumer,Rep_12,Electronics,Bluetooth Speaker,5,96.17,20.0,46.66,384.68,233.3
ORD101188,2024-07-15,North,In-Store,Enterprise,Rep_12,Sports & Outdoors,Camping Tent,3,102.26,0.0,54.91,306.78,164.73
ORD101235,2025-08-05,South,Marketplace,Consumer,Rep_09,Beauty,Perfume,3,53.45,0.0,31.83,160.35,95.49
ORD100113,2024-02-24,North,In-Store,Enterprise,Rep_13,Home & Kitchen,Air Fryer,2,130.87,0.0,81.58,261.74,163.16
ORD100986,2024-02-03,North,In-Store,Consumer,Rep_14,Beauty,Perfume,1,13.65,15.0,6.98,11.6,6.98
ORD101515,2025-10-04,North,Online,Consumer,Rep_11,Electronics,Wireless Earbuds,3,72.19,5.0,45.16,205.74,135.48
ORD101417,2024-02-04,West,Online,Enterprise,Rep_09,Apparel,Winter Coat,1,27.38,0.0,13.05,27.38,13.05
ORD100222,2025-05-05,South,Online,Small Business,Rep_01,Electronics,Power Bank,3,210.1,0.0,142.82,630.3,428.46
ORD100518,2025-01-23,East,In-Store,Consumer,Rep_03,Beauty,Face Serum,5,35.55,0.0,22.65,177.75,113.25
ORD101969,2024-06-14,North,Marketplace,Small Business,Rep_15,Beauty,Makeup Kit,8,72.81,20.0,38.38,465.98,307.04
ORD100830,2024-05-30,North,In-Store,Small Business,Rep_15,Sports & Outdoors,Dumbbell Set,3,58.42,20.0,28.91,140.21,86.73
ORD101454,2025-07-30,West,Online,Consumer,Rep_02,Sports & Outdoors,Yoga Mat,3,94.9,0.0,56.39,284.7,169.17
ORD102152,2024-08-06,East,In-Store,Consumer,Rep_13,Apparel,Denim Jacket,2,108.63,5.0,52.32,206.4,104.64
ORD100347,2024-11-28,East,Online,Small Business,Rep_05,Apparel,Running Shoes,6,98.92,5.0,55.91,563.84,335.46
ORD100167,2025-04-18,East,Marketplace,Consumer,Rep_01,Sports & Outdoors,Water Bottle,4,106.39,0.0,69.46,425.56,277.84
ORD102451,2024-04-23,North,In-Store,Consumer,Rep_04,Beauty,Hair Dryer,2,40.35,20.0,24.19,64.56,48.38
ORD100116,2024-08-24,South,In-Store,Consumer,Rep_03,Beauty,Hair Dryer,1,18.02,0.0,11.27,18.02,11.27
ORD100530,2025-08-23,South,In-Store,Enterprise,Rep_06,Apparel,Yoga Pants,3,90.25,20.0,48.18,216.6,144.54
ORD102235,2024-05-02,East,In-Store,Consumer,Rep_01,Apparel,Yoga Pants,1,98.8,10.0,63.65,88.92,63.65
ORD100320,2025-09-11,North,In-Store,Small Business,Rep_08,Apparel,Running Shoes,3,97.53,20.0,47.84,234.07,143.52
ORD101028,2024-03-19,North,Marketplace,Enterprise,Rep_01,Beauty,Hair Dryer,3,23.02,0.0,11.31,69.06,33.93
ORD100473,2024-04-02,East,Online,Small Business,Rep_11,Home & Kitchen,Cookware Set,1,148.05,5.0,77.64,140.65,77.64
ORD101508,2024-09-18,North,In-Store,Small Business,Rep_13,Sports & Outdoors,Camping Tent,2,44.76,10.0,29.63,80.57,59.26
ORD101886,2024-03-20,South,Marketplace,Small Business,Rep_11,Electronics,Wireless Earbuds,2,143.44,15.0,89.35,243.85,178.7
ORD102218,2025-05-08,West,In-Store,Consumer,Rep_04,Electronics,Smartwatch,2,158.99,0.0,82.53,317.98,165.06
ORD100227,2024-05-31,South,Online,,Rep_10,Home & Kitchen,Coffee Maker,1,50.54,10.0,26.18,45.49,26.18
ORD101025,2024-09-14,East,In-Store,Consumer,Rep_13,Home & Kitchen,Blender,2,87.46,10.0,44.98,157.43,89.96
ORD101855,2024-01-09,South,Online,Consumer,Rep_14,Beauty,Face Serum,4,43.31,0.0,25.02,173.24,100.08
ORD101366,2024-06-08,East,In-Store,Consumer,Rep_04,Apparel,Yoga Pants,7,106.82,0.0,69.76,747.74,488.32
ORD100081,2025-10-30,West,Marketplace,Small Business,Rep_11,Sports & Outdoors,Yoga Mat,6,87.0,0.0,40.95,522.0,245.7
ORD101178,2025-01-22,West,Online,Enterprise,Rep_08,Sports & Outdoors,Camping Tent,3,40.91,0.0,22.93,122.73,68.79
ORD101353,2024-02-22,North,Online,Small Business,Rep_04,Sports & Outdoors,Yoga Mat,4,28.15,0.0,16.39,112.6,65.56
ORD100668,2025-08-26,East,Online,Consumer,Rep_11,Sports & Outdoors,Camping Tent,2,67.86,10.0,42.9,122.15,85.8
ORD101698,2025-06-10, South ,Online,Enterprise,Rep_07,ELECTRONICS,Smartwatch,7,46.05,0.0,23.25,322.35,162.75
ORD100849,2025-08-17,East,In-Store,Consumer,Rep_14,Beauty,Hair Dryer,2,18.92,0.0,10.57,37.84,21.14
ORD102333,2025-06-30,South,Marketplace,Consumer,Rep_06,Beauty,Face Serum,6,28.23,0.0,18.25,169.38,109.5
ORD101961,2025-03-31,North,Marketplace,Consumer,Rep_14,Apparel,Backpack,7,73.37,5.0,36.39,487.91,254.73
ORD102104,2024-05-11,West,Online,Small Business,Rep_15,Home & Kitchen,Air Fryer,3,157.24,5.0,94.44,448.13,283.32
ORD100515,2025-02-09,East,In-Store,Consumer,Rep_12,Apparel,Denim Jacket,5,56.05,0.0,27.98,280.25,139.9
ORD100109,2024-01-16,North,In-Store,Small Business,Rep_03,Apparel,Winter Coat,2,66.88,0.0,41.04,133.76,82.08
ORD101721,2025-09-28,West,Marketplace,Enterprise,Rep_13,Home & Kitchen,Coffee Maker,5,102.52,0.0,65.2,512.6,326.0
ORD101582,2024-05-08,South,Online,Small Business,Rep_09,Beauty,Face Serum,2,66.7,5.0,40.81,126.73,81.62
ORD102466,2025-10-08,East,Marketplace,Consumer,Rep_12,Sports & Outdoors,Water Bottle,7,71.42,5.0,36.98,474.94,258.86
ORD101088,2024-09-13,North,In-Store,Consumer,Rep_07,Electronics,Laptop Stand,3,75.68,10.0,45.93,204.34,137.79
ORD100311,2024-09-04,South,Online,Small Business,Rep_09,Sports & Outdoors,Cycling Helmet,5,134.06,20.0,61.26,536.24,306.3
ORD101808,2025-01-20,East,In-Store,Consumer,Rep_04,Beauty,Hair Dryer,6,54.57,10.0,28.72,294.68,172.32
ORD100019,2024-04-12,East,In-Store,Consumer,Rep_13,Apparel,Denim Jacket,2,87.95,0.0,58.51,175.9,117.02
ORD100357,2024-02-10,East,Online,Consumer,Rep_10,HOME & KITCHEN,Coffee Maker,1,173.1,0.0,103.38,173.1,103.38
ORD100360,2024-01-17,West,In-Store,Consumer,Rep_02,Apparel,Running Shoes,1,80.4,0.0,37.0,80.4,37.0
ORD101575,2024-12-05,West,In-Store,Consumer,Rep_11,Beauty,Makeup Kit,7,71.84,20.0,40.89,402.3,286.23
ORD100392,2024-08-21,East,In-Store,Small Business,Rep_09,Home & Kitchen,Air Fryer,4,147.37,0.0,66.6,589.48,266.4
ORD101151,2025-08-27,West,Online,Small Business,Rep_08,Sports & Outdoors,Yoga Mat,3,129.62,5.0,80.69,369.42,242.07
ORD101334,2025-09-29,North,Marketplace,Small Business,Rep_05,Electronics,Bluetooth Speaker,3,146.32,5.0,66.1,417.01,198.3
ORD100657,2025-02-13,West,In-Store,Enterprise,Rep_13,Electronics,Smartwatch,4,105.55,0.0,52.25,422.2,209.0
ORD102478,2024-07-08,North,Online,Consumer,Rep_11,Apparel,Backpack,1,82.06,5.0,47.32,77.96,47.32
ORD102376,2025-07-31,West,Online,Enterprise,Rep_01,Apparel,Backpack,7,62.21,0.0,38.99,435.47,272.93
ORD102024,2024-01-19,West,In-Store,Consumer,Rep_05,Apparel,Yoga Pants,3,113.16,0.0,52.34,339.48,157.02
ORD102607,2024-05-03,North,In-Store,Consumer,Rep_13,Sports & Outdoors,Cycling Helmet,3,2472.5,5.0,24.24,140.93,72.72
ORD101996,2025-02-17,West,Online,Consumer,Rep_10,Sports & Outdoors,Cycling Helmet,5,54.71,0.0,35.47,273.55,177.35
ORD102569,2025-10-14,East,Online,Enterprise,Rep_12,Sports & Outdoors,Camping Tent,3,51.06,0.0,31.07,153.18,93.21
ORD100370,2024-09-11,East,Online,Consumer,Rep_03,Sports & Outdoors,Camping Tent,4,71.7,20.0,43.87,229.44,175.48
ORD101981,2024-07-29,South,In-Store,Consumer,Rep_02,Home & Kitchen,Vacuum Cleaner,4,48.37,0.0,24.65,193.48,98.6
ORD100313,2024-06-06,South,Marketplace,Consumer,Rep_09,Sports & Outdoors,Camping Tent,2,106.92,0.0,51.72,213.84,103.44
ORD101196,2024-07-16,North,Online,Enterprise,Rep_11,Home & Kitchen,Cookware Set,5,66.53,0.0,40.4,332.65,202.0
ORD100593,2024-06-04,North,In-Store,Small Business,Rep_14,Electronics,Bluetooth Speaker,4,182.77,,82.64,731.08,330.56
ORD100970,2025-04-18,West,In-Store,Consumer,Rep_10,Electronics,Laptop Stand,7,152.47,0.0,72.22,1067.29,505.54
ORD102208,2025-09-28,West,In-Store,Consumer,Rep_15,Electronics,Wireless Earbuds,6,61.03,0.0,31.52,366.18,189.12
ORD101543,2025-01-02,South,In-Store,Consumer,Rep_04,Sports & Outdoors,Water Bottle,4,76.85,5.0,46.74,292.03,186.96
ORD101432,2025-01-30,South,Online,Consumer,Rep_01,Home & Kitchen,Cookware Set,3,65.6,0.0,33.05,196.8,99.15
ORD101444,2024-06-08,North,Marketplace,Consumer,Rep_03,Home & Kitchen,Coffee Maker,5,147.88,15.0,81.05,628.49,405.25
ORD101544,2024-04-30,North,Online,Consumer,Rep_08,Electronics,Bluetooth Speaker,4,210.26,0.0,138.02,841.04,552.08
ORD100438,2024-12-06,North,Online,Consumer,Rep_01,Home & Kitchen,Cookware Set,2,50.29,0.0,27.16,100.58,54.32
ORD100326,2024-02-18,South,In-Store,Consumer,Rep_07,Apparel,Running Shoes,2,80.85,0.0,42.18,161.7,84.36
ORD102176,2025-04-12,East,In-Store,Consumer,Rep_06,Apparel,Running Shoes,1,37.75,5.0,19.79,35.86,19.79
ORD100387,2025-05-09,East,Online,Consumer,Rep_06,Electronics,Power Bank,6,30.01,0.0,15.8,180.06,94.8
ORD101041,2024-10-24,South,In-Store,Consumer,Rep_13,Beauty,Hair Dryer,6,17.11,15.0,9.25,87.26,55.5
ORD101376,2024-11-08,West,Online,Enterprise,Rep_15,Electronics,Power Bank,6,105.82,0.0,54.92,634.92,329.52
ORD100281,2024-08-30,West,Online,Small Business,Rep_03,Apparel,Yoga Pants,1,24.11,0.0,13.65,24.11,13.65
ORD102608,2024-11-17,South,Marketplace,Small Business,Rep_07,Home & Kitchen,Coffee Maker,6,129.01,15.0,69.2,657.95,415.2
ORD100351,2025-10-03,West,Online,Consumer,Rep_14,Sports & Outdoors,Camping Tent,3,149.54,0.0,84.56,448.62,253.68
ORD100042,2025-07-21,North,Online,Consumer,Rep_04,Beauty,Face Serum,5,10.1,0.0,5.11,50.5,25.55
ORD102163,2024-02-06,West,Online,Enterprise,Rep_07,Beauty,Skincare Set,4,80.31,15.0,44.53,273.05,178.12
ORD100101,2024-11-24,West,Online,Consumer,Rep_02,Electronics,Bluetooth Speaker,6,186.31,5.0,95.01,1061.97,570.06
ORD100446,2024-12-14,West,In-Store,Consumer,Rep_07,Beauty,Hair Dryer,6,84.82,15.0,46.0,432.58,276.0
ORD101268,2024-07-28,South,Online,Small Business,Rep_02,BEAUTY,Skincare Set,4,82.28,5.0,52.67,312.66,210.68
ORD100134,2024-08-16,South,In-Store,Small Business,Rep_13,Electronics,Laptop Stand,2,135.71,10.0,87.15,244.28,174.3
ORD100574,2024-08-14,West,Online,Small Business,Rep_06,Electronics,Power Bank,2,73.7,0.0,44.12,147.4,88.24
ORD100876,2025-03-22,East,Online,Enterprise,Rep_11,Electronics,Laptop Stand,4,106.6,0.0,67.24,426.4,268.96
ORD101769,2024-07-30,North,Online,,Rep_05,Apparel,Winter Coat,3,29.34,,14.72,88.02,44.16
ORD100856,2025-07-24,North,Online,Consumer,Rep_14,Apparel,Running Shoes,2,102.29,0.0,60.67,204.58,121.34
ORD100128,2024-12-14,North,In-Store,Consumer,Rep_09,Electronics,Power Bank,4,43.33,0.0,22.04,173.32,88.16
ORD100747,2024-04-16,North,Marketplace,Consumer,Rep_03,Beauty,Makeup Kit,2,41.73,0.0,25.38,83.46,50.76
ORD100572,2024-01-19,North,Online,Small Business,Rep_08,Electronics,Laptop Stand,4,141.0,0.0,86.09,564.0,344.36
ORD102227,2025-05-25,West,Online,Small Business,Rep_01,Beauty,Makeup Kit,4,50.42,20.0,29.72,161.34,118.88
ORD102411,2024-09-15, East ,Online,Consumer,Rep_06,Apparel,Denim Jacket,1,103.57,0.0,53.01,103.57,53.01
ORD100875,2024-08-20,North,In-Store,Consumer,Rep_13,Apparel,Winter Coat,3,59.91,0.0,40.61,179.73,121.83
ORD100103,2025-09-17,North,Online,Consumer,Rep_11,Apparel,Yoga Pants,7,61.3,0.0,36.07,429.1,252.49
ORD101303,2024-06-12,North,Online,Enterprise,Rep_02,Sports & Outdoors,Yoga Mat,3,31.9,0.0,15.02,95.7,45.06
ORD100410,2024-04-22,East,Online,Enterprise,Rep_05,Home & Kitchen,Coffee Maker,2,88.7,0.0,40.17,177.4,80.34
ORD101576,2024-10-06,South,Online,Consumer,Rep_12,Home & Kitchen,Cookware Set,5,123.58,15.0,73.16,525.21,365.8
ORD100604,2025-08-14, West ,Online,Small Business,Rep_13,Beauty,Face Serum,3,84.68,0.0,55.64,254.04,166.92
ORD102568,2025-06-25,South,In-Store,Consumer,Rep_12,Sports & Outdoors,Cycling Helmet,3,80.17,0.0,44.45,240.51,133.35
ORD102116,2025-06-27,North,In-Store,Consumer,Rep_05,Apparel,Denim Jacket,4,18.15,5.0,10.88,68.97,43.52
ORD102082,2025-05-21,East,Online,Consumer,Rep_10,Beauty,Face Serum,1,58.67,0.0,36.26,58.67,36.26
ORD102435,2024-05-30,West,In-Store,Consumer,Rep_13,Electronics,Power Bank,1,180.46,0.0,93.49,180.46,93.49
ORD101754,2024-11-19,North,In-Store,Small Business,Rep_11,Electronics,Smartwatch,1,204.25,5.0,122.66,194.04,122.66
ORD100711,2024-02-24,East,Online,Consumer,Rep_11,APPAREL,Yoga Pants,1,17.59,0.0,11.0,17.59,11.0
ORD100324,2025-06-21,North,Online,Consumer,Rep_06,Sports & Outdoors,Yoga Mat,8,129.4,0.0,76.5,1035.2,612.0
ORD100078,2024-11-12,East,Online,Consumer,Rep_03,Electronics,Power Bank,6,115.04,5.0,74.82,655.73,448.92
ORD100540,2025-06-19,West,Online,Small Business,Rep_14,Sports & Outdoors,Water Bottle,7,18.4,10.0,10.65,115.92,74.55
ORD100355,2024-12-24,North,Marketplace,Small Business,Rep_09,Electronics,Smartwatch,3,108.78,15.0,59.25,277.39,177.75
ORD100359,2025-06-19,East,Online,Consumer,Rep_11,Sports & Outdoors,Yoga Mat,8,59.71,0.0,32.79,477.68,262.32
ORD101018,2025-10-17,North,Online,Small Business,Rep_06,Home & Kitchen,Coffee Maker,4,122.59,0.0,74.12,490.36,296.48
ORD100915,2024-07-30,North,Marketplace,Consumer,,Home & Kitchen,Coffee Maker,1,23.12,20.0,12.17,18.5,12.17
ORD100307,2025-09-26,South,Online,Consumer,Rep_15,Home & Kitchen,Vacuum Cleaner,6,108.77,0.0,51.26,652.62,307.56
ORD101781,2024-06-17,West,In-Store,Consumer,Rep_12,Apparel,Winter Coat,5,62.31,15.0,41.8,264.82,209.0
ORD101619,2024-11-26,East,Marketplace,Small Business,Rep_06,Home & Kitchen,Air Fryer,7,172.15,15.0,104.88,1024.29,734.16
ORD101892,2024-06-26,East,Online,Consumer,Rep_11,Home & Kitchen,Air Fryer,3,128.18,0.0,76.52,384.54,229.56
ORD101627,2024-06-18,North,Online,Consumer,Rep_12,Home & Kitchen,Coffee Maker,1,56.19,0.0,27.02,56.19,27.02
ORD100882,2024-08-11,South,In-Store,Consumer,Rep_10,Home & Kitchen,Coffee Maker,3,123.49,5.0,74.17,351.95,222.51
ORD100698,2025-06-29,South,Online,Consumer,Rep_07,Apparel,Backpack,6,48.43,0.0,29.61,290.58,177.66
ORD101413,2025-06-04,North,In-Store,Consumer,Rep_14,Apparel,Running Shoes,4,75.81,0.0,34.6,303.24,138.4
ORD100003,2024-08-16,West,Online,Consumer,Rep_11,Apparel,Yoga Pants,4,85.18,0.0,46.89,340.72,187.56
ORD100215,2024-12-12,West,Online,Consumer,Rep_11,Home & Kitchen,Blender,4,157.04,0.0,86.95,628.16,347.8
ORD100976,2024-03-19,East,In-Store,Consumer,Rep_11,Home & Kitchen,Blender,1,45.63,5.0,24.66,43.35,24.66
ORD100098,2025-03-21,South,In-Store,Consumer,Rep_04,Sports & Outdoors,Water Bottle,2,110.24,0.0,71.54,220.48,143.08
ORD101267,2024-07-11,East,Online,Consumer,Rep_14,Home & Kitchen,Vacuum Cleaner,4,152.78,5.0,73.58,580.56,294.32
ORD101332,2025-05-21,East,Online,Consumer,Rep_05,Apparel,Denim Jacket,5,101.0,15.0,57.59,429.25,287.95
ORD102399,2024-12-07,West,Marketplace,Consumer,Rep_08,Sports & Outdoors,Dumbbell Set,7,144.35,10.0,74.84,909.4,523.88
ORD102297,2024-08-23,West,Online,Consumer,Rep_10,Electronics,Wireless Earbuds,3,29.93,5.0,14.36,85.3,43.08
ORD101191,2024-04-26,West,Online,Consumer,Rep_11,Sports & Outdoors,Cycling Helmet,4,12.57,0.0,6.95,50.28,27.8
ORD101313,2024-03-06,North,Online,Consumer,Rep_03,Electronics,Power Bank,3,106.39,0.0,56.14,319.17,168.42
ORD101409,2025-07-28,North,In-Store,Small Business,Rep_10,Electronics,Laptop Stand,2,188.56,0.0,106.81,377.12,213.62
ORD100700,2024-09-30,South,Online,Enterprise,Rep_01,Home & Kitchen,Cookware Set,4,132.84,0.0,87.34,531.36,349.36
ORD100455,2024-06-23,North,In-Store,Small Business,Rep_08,Home & Kitchen,Cookware Set,4,171.21,5.0,115.35,650.6,461.4
ORD102187,2025-11-17,West,In-Store,Small Business,Rep_06,Apparel,Backpack,6,23.79,0.0,11.5,142.74,69.0
ORD102027,2025-01-29,West,In-Store,Enterprise,Rep_11,Electronics,Power Bank,4,177.63,0.0,107.92,710.52,431.68
ORD100521,2025-03-21,North,In-Store,Small Business,Rep_02,Electronics,Wireless Earbuds,4,160.6,0.0,97.14,642.4,388.56
ORD101516,2025-05-21,West,Online,Small Business,Rep_15,Beauty,Hair Dryer,1,65.15,0.0,30.46,65.15,30.46
ORD101037,2024-05-22,South,Online,Consumer,Rep_08,Electronics,Smartwatch,2,25.54,0.0,17.15,51.08,34.3
ORD100389,2025-08-11,West,In-Store,Small Business,Rep_10,Home & Kitchen,Blender,2,76.45,10.0,48.79,137.61,97.58
ORD100951,2024-09-28,West,Online,Small Business,Rep_09,Apparel,Denim Jacket,3,46.44,5.0,31.04,132.35,93.12
ORD100411,2024-06-10,South,In-Store,Small Business,Rep_01,Home & Kitchen,Air Fryer,4,88.32,20.0,42.09,282.62,168.36
ORD101688,2024-06-07,South,Online,Consumer,Rep_11,Electronics,Laptop Stand,1,123.05,10.0,68.93,110.74,68.93
ORD101881,2025-11-26,North,Online,Consumer,Rep_15,Electronics,Bluetooth Speaker,6,136.23,0.0,92.19,817.38,553.14
ORD101577,2024-02-15,South,Online,Consumer,Rep_14,Apparel,Denim Jacket,2,39.56,10.0,24.72,71.21,49.44
ORD101591,2025-09-06,East,Marketplace,Small Business,Rep_09,Home & Kitchen,Blender,11,111.34,0.0,62.2,1224.74,684.2
ORD102019,2025-11-29, West ,Online,Consumer,Rep_06,Electronics,Wireless Earbuds,3,103.73,0.0,56.88,311.19,170.64
ORD100501,2024-10-26,North,Online,Small Business,Rep_10,Beauty,Perfume,3,68.13,0.0,35.4,204.39,106.2
ORD100932,2024-06-08,East,Online,Consumer,Rep_13,Home & Kitchen,Blender,4,30.07,0.0,15.54,120.28,62.16
ORD100758,2024-02-20,West,In-Store,Enterprise,Rep_15,Home & Kitchen,Blender,3,145.0,0.0,94.16,435.0,282.48
ORD101917,2024-04-06,North,Online,Consumer,Rep_15,Home & Kitchen,Coffee Maker,4,45.95,0.0,22.94,183.8,91.76
ORD100428,2025-06-20,North,Online,Consumer,Rep_09,Home & Kitchen,Blender,6,98.23,0.0,48.03,589.38,288.18
ORD101238,2024-02-18,East,Online,Small Business,Rep_05,Sports & Outdoors,Water Bottle,4,128.36,0.0,75.18,513.44,300.72
ORD101136,2024-04-12,North,Online,Consumer,Rep_10,Home & Kitchen,Air Fryer,1,115.97,20.0,60.2,92.78,60.2
ORD100073,2024-02-02,North,Online,Consumer,Rep_09,Home & Kitchen,Cookware Set,5,158.58,0.0,92.08,792.9,460.4
ORD100025,2025-04-24,West,Online,Consumer,Rep_11,Beauty,Skincare Set,2,60.4,0.0,37.04,120.8,74.08
ORD101126,2025-05-23,West,In-Store,Consumer,Rep_04,Sports & Outdoors,Cycling Helmet,2,122.86,0.0,74.49,245.72,148.98
ORD101139,2024-12-23,South,In-Store,Small Business,Rep_15,Beauty,Makeup Kit,6,71.22,0.0,32.64,427.32,195.84
ORD100505,2025-12-25,West,In-Store,Small Business,Rep_11,Electronics,Smartwatch,4,160.28,10.0,90.78,577.01,363.12
ORD101672,2024-10-05,West,In-Store,Consumer,Rep_12,Electronics,Power Bank,3,147.86,5.0,80.59,0.0,241.77
ORD102456,2025-03-06,West,Online,Consumer,Rep_12,Beauty,Face Serum,2,43.0,0.0,21.37,86.0,42.74
ORD101646,2024-03-23,South,Online,Consumer,Rep_11,Sports & Outdoors,Water Bottle,1,101.66,0.0,61.31,101.66,61.31
ORD101120,2024-05-13,East,Marketplace,Small Business,Rep_14,Sports & Outdoors,Camping Tent,2,98.68,5.0,58.67,187.49,117.34
ORD101336,2025-05-28,West,In-Store,Consumer,Rep_15,Electronics,Bluetooth Speaker,4,56.28,0.0,34.98,225.12,139.92
ORD100586,2025-02-11,West,Online,Small Business,Rep_04,Home & Kitchen,Vacuum Cleaner,6,134.89,0.0,81.4,809.34,488.4
ORD102360,2025-05-09,South,In-Store,Consumer,Rep_10,Home & Kitchen,Vacuum Cleaner,5,148.11,20.0,91.38,592.44,456.9
ORD100611,2024-07-09,North,Online,Consumer,Rep_06,Beauty,Face Serum,4,16.78,15.0,8.21,57.05,32.84
ORD101138,2024-12-20,North,Online,Small Business,Rep_01,Electronics,Laptop Stand,5,90.92,0.0,41.97,454.6,209.85
ORD100425,2024-05-16,South,In-Store,Consumer,Rep_14,Apparel,Running Shoes,3,28.27,0.0,18.37,84.81,55.11
ORD100648,2025-08-12,East,Online,Small Business,Rep_03,Beauty,Skincare Set,6,74.37,0.0,44.06,446.22,264.36
ORD101622,2025-01-25,South,Marketplace,Consumer,Rep_05,Apparel,Yoga Pants,2,23.72,0.0,12.84,47.44,25.68
ORD102506,2025-09-02,West,Online,Enterprise,Rep_01,Beauty,Face Serum,3,53.21,0.0,24.73,159.63,74.19
ORD100565,2024-11-06,West,In-Store,Consumer,Rep_07,Beauty,Makeup Kit,7,77.7,0.0,51.76,543.9,362.32
ORD102567,2025-06-10,North,Marketplace,Consumer,Rep_02,Electronics,Smartwatch,5,128.36,5.0,71.99,609.71,359.95
ORD100885,2024-05-15,South,In-Store,Consumer,Rep_02,Electronics,Wireless Earbuds,6,157.34,,104.69,944.04,628.14
ORD102605,2025-03-06,North,Online,Enterprise,Rep_01,Sports & Outdoors,Camping Tent,4,111.38,0.0,57.49,445.52,229.96
ORD102199,2024-02-15,West,Online,Small Business,Rep_14,Apparel,Yoga Pants,3,23.81,5.0,11.19,67.86,33.57
ORD101595,2024-02-28,North,Online,Enterprise,Rep_06,Apparel,Running Shoes,3,113.8,0.0,57.29,341.4,171.87
ORD102316,2025-02-22,West,Online,Consumer,Rep_12,Sports & Outdoors,Dumbbell Set,1,138.7,20.0,67.2,110.96,67.2
ORD101920,2025-06-26,West,Online,Consumer,Rep_03,Apparel,Denim Jacket,3,111.1,5.0,71.66,316.63,214.98
ORD101953,2025-11-19,North,Marketplace,Consumer,Rep_12,Apparel,Running Shoes,1,62.38,5.0,35.37,59.26,35.37
ORD101936,2024-01-12,North,Online,Consumer,Rep_06,Beauty,Skincare Set,2,51.62,10.0,28.27,92.92,56.54
ORD100500,2024-06-10,East,In-Store,Consumer,Rep_01,Beauty,Face Serum,3,89.03,0.0,43.23,267.09,129.69
ORD102532,2024-09-20,West,In-Store,Consumer,Rep_06,Sports & Outdoors,Camping Tent,1,108.71,0.0,68.55,108.71,68.55
ORD101766,2025-08-03,South,In-Store,Small Business,Rep_13,Beauty,Perfume,3,43.64,0.0,28.38,130.92,85.14
ORD100164,2025-09-01,East,Marketplace,Consumer,Rep_12,Home & Kitchen,Air Fryer,3,23.24,0.0,10.96,69.72,32.88
ORD102406,2024-09-21,North,Marketplace,Small Business,Rep_12,Sports & Outdoors,Camping Tent,4,59.31,15.0,28.97,201.65,115.88
ORD100243,2024-07-23,South,Online,Consumer,Rep_11,Electronics,Power Bank,2,135.67,0.0,65.82,271.34,131.64
ORD102539,2025-04-05,East,Online,Consumer,Rep_04,Home & Kitchen,Blender,1,155.96,0.0,101.23,155.96,101.23
ORD100378,2025-04-22,North,Marketplace,Consumer,Rep_10,Sports & Outdoors,Cycling Helmet,3,57.12,15.0,26.32,145.66,78.96
ORD101087,2025-11-16,North,Online,Small Business,Rep_14,Sports & Outdoors,Water Bottle,6,73.55,0.0,47.42,441.3,284.52
ORD101412,2025-08-29,North,Online,Consumer,Rep_08,Electronics,Laptop Stand,3,211.26,0.0,110.5,633.78,331.5
ORD102309,2024-08-25,South,Marketplace,Small Business,Rep_11,Home & Kitchen,Air Fryer,4,72.15,0.0,45.19,288.6,180.76
ORD100294,2025-10-23,West,Online,Small Business,Rep_01,Electronics,Bluetooth Speaker,4,78.87,0.0,48.5,315.48,194.0
ORD101495,2025-04-27,West,In-Store,Small Business,Rep_03,Beauty,Skincare Set,3,66.8,20.0,33.98,160.32,101.94
ORD102381,2025-12-07,West,In-Store,Consumer,Rep_06,Sports & Outdoors,Camping Tent,6,38.96,15.0,20.82,198.7,124.92
ORD102458,2025-06-25,North,Marketplace,Consumer,Rep_12,Beauty,Skincare Set,4,53.81,15.0,30.73,182.95,122.92
ORD101308,2024-12-14,North,In-Store,Consumer,Rep_06,Sports & Outdoors,Cycling Helmet,5,132.61,0.0,78.81,663.05,394.05
ORD100315,2025-08-20,South,In-Store,Consumer,Rep_06,Home & Kitchen,Vacuum Cleaner,4,123.36,5.0,58.12,468.77,232.48
ORD100528,2025-02-07,West,Online,Consumer,Rep_05,Apparel,Backpack,5,51.44,0.0,27.12,257.2,135.6
ORD102635,2025-04-04,South,Online,Consumer,Rep_03,Electronics,Bluetooth Speaker,4,159.2,5.0,81.1,604.96,324.4
ORD101177,2025-07-01,North,In-Store,Consumer,Rep_11,Apparel,Winter Coat,2,98.36,0.0,49.95,196.72,99.9
ORD100189,2025-05-29,East,Online,Consumer,Rep_10,Electronics,Laptop Stand,5,109.51,15.0,57.32,465.42,286.6
ORD100027,2025-10-07,East,Marketplace,Consumer,Rep_11,Apparel,Yoga Pants,3,64.79,0.0,35.29,194.37,105.87
ORD102222,2024-05-24,East,In-Store,Enterprise,Rep_06,Apparel,Winter Coat,1,65.42,0.0,41.83,65.42,41.83
ORD101693,2024-11-07,West,Online,Consumer,Rep_03,Electronics,Power Bank,7,61.18,0.0,38.14,428.26,266.98
ORD101531,2025-07-31,South,Marketplace,Small Business,Rep_07,Apparel,Winter Coat,1,54.5,10.0,33.35,49.05,33.35
ORD101074,2025-02-22,East,Marketplace,Small Business,Rep_10,Beauty,Hair Dryer,2,20.29,0.0,9.28,40.58,18.56
ORD102350,2024-10-27,East,Online,Consumer,Rep_03,Home & Kitchen,Air Fryer,2,177.44,0.0,98.3,354.88,196.6
ORD101561,2025-06-13, West ,Marketplace,Consumer,Rep_02,Electronics,Smartwatch,5,25.75,0.0,16.81,128.75,84.05
ORD102095,2024-06-07,South,In-Store,Consumer,Rep_01,Beauty,Skincare Set,2,78.7,15.0,39.46,133.79,78.92
ORD102370,2024-01-22,East,Online,Consumer,Rep_02,Sports & Outdoors,Dumbbell Set,1,32.34,0.0,17.63,32.34,17.63
ORD102382,2024-05-08,South,In-Store,Small Business,Rep_07,Home & Kitchen,Blender,3,159.85,10.0,102.76,431.6,308.28
ORD100585,2025-11-18,North,In-Store,Consumer,Rep_01,Beauty,Makeup Kit,9,41.05,0.0,23.43,369.45,210.87
ORD100837,2025-06-25,East,In-Store,Small Business,Rep_06,Beauty,Skincare Set,4,65.86,0.0,34.74,263.44,138.96
ORD100710,2024-09-21,East,Marketplace,Consumer,Rep_11,Apparel,Backpack,4,86.71,10.0,50.22,312.16,200.88
ORD102250,2025-07-11,West,Online,Consumer,Rep_08,Sports & Outdoors,Water Bottle,3,98.35,0.0,47.83,295.05,143.49
ORD102201,2024-10-20,East,Online,Consumer,Rep_13,Apparel,Denim Jacket,2,70.2,0.0,36.06,140.4,72.12
ORD101250,2024-01-19,North,Online,Consumer,Rep_02,Electronics,Bluetooth Speaker,2,135.83,0.0,65.87,271.66,131.74
ORD101832,2025-11-24,South,In-Store,Consumer,Rep_09,Sports & Outdoors,Water Bottle,8,127.46,0.0,73.96,1019.68,591.68
ORD102286,2024-05-08,North,Marketplace,Consumer,Rep_04,Apparel,Yoga Pants,2,48.51,20.0,27.97,77.62,55.94
ORD102612,2024-04-29,East,Marketplace,Consumer,,Beauty,Skincare Set,4,54.48,15.0,35.95,185.23,143.8
ORD100816,2024-06-24,North,Online,Small Business,Rep_09,Electronics,Wireless Earbuds,6,110.2,0.0,58.59,661.2,351.54
ORD102233,2025-09-14,South,Online,Consumer,Rep_12,Apparel,Winter Coat,2,71.59,0.0,43.7,143.18,87.4
ORD101490,2024-10-18,North,Online,Small Business,Rep_07,Beauty,Hair Dryer,3,85.62,0.0,56.58,256.86,169.74
ORD100957,2024-12-02,South,Online,Consumer,Rep_12,Home & Kitchen,Vacuum Cleaner,5,64.6,10.0,31.48,290.7,157.4
ORD100302,2024-07-14,East,Online,Consumer,Rep_13,Beauty,Hair Dryer,1,14.17,0.0,7.18,14.17,7.18
ORD100571,2024-06-12,South,Marketplace,Small Business,Rep_01,Electronics,Power Bank,-5,202.85,5.0,124.44,963.54,622.2
ORD100630,2025-03-22,South,In-Store,Consumer,Rep_15,Electronics,Bluetooth Speaker,3,176.21,0.0,97.64,528.63,292.92
ORD102172,2025-05-17,West,Marketplace,Consumer,Rep_01,Apparel,Yoga Pants,4,42.88,0.0,21.28,171.52,85.12
ORD102599,2025-03-08,East,Marketplace,Consumer,Rep_05,Apparel,Winter Coat,4,64.66,0.0,32.65,258.64,130.6
ORD101324,2025-04-30,East,Marketplace,Consumer,Rep_03,APPAREL,Winter Coat,5,66.67,0.0,30.45,333.35,152.25
ORD101063,2024-07-21, East ,In-Store,Consumer,Rep_14,Electronics,Wireless Earbuds,1,94.07,5.0,49.88,89.37,49.88
ORD101425,2025-04-18,West,Online,Consumer,Rep_09,Sports & Outdoors,Water Bottle,2,114.87,0.0,69.57,229.74,139.14
ORD102182,2024-04-01,North,In-Store,Consumer,Rep_15,ELECTRONICS,Bluetooth Speaker,2,91.92,10.0,45.82,165.46,91.64
ORD101847,2024-01-03,South,Marketplace,Consumer,Rep_10,Beauty,Makeup Kit,4,76.4,0.0,47.56,305.6,190.24
ORD101541,2024-10-09,East,In-Store,Consumer,Rep_03,Electronics,Laptop Stand,4,95.93,0.0,47.68,383.72,190.72
ORD102337,2025-08-02,North,Online,Consumer,Rep_01,Apparel,Yoga Pants,5,33.97,0.0,17.65,169.85,88.25
ORD101436,2025-06-14,East,Online,Enterprise,Rep_04,Electronics,Wireless Earbuds,6,181.81,0.0,108.87,1090.86,653.22
ORD101429,2024-04-14,North,In-Store,,Rep_09,Home & Kitchen,Blender,2,27.46,15.0,15.17,46.68,30.34
ORD100923,2025-02-18,North,In-Store,Consumer,Rep_14,Electronics,Wireless Earbuds,3,145.51,0.0,97.46,436.53,292.38
ORD100722,2024-08-05,North,Marketplace,Consumer,Rep_02,HOME & KITCHEN,Vacuum Cleaner,4,100.63,0.0,49.06,402.52,196.24
ORD100059,2025-12-25,East,In-Store,Consumer,Rep_11,Electronics,Bluetooth Speaker,3,88.68,0.0,53.67,266.04,161.01
ORD101905,2024-12-03,South,Marketplace,Consumer,Rep_13,Sports & Outdoors,Water Bottle,5,71.49,0.0,44.7,357.45,223.5
ORD101434,2025-03-04,South,Marketplace,Consumer,Rep_13,Home & Kitchen,Vacuum Cleaner,6,172.23,10.0,109.17,930.04,655.02
ORD100023,2025-11-14,West,Online,Consumer,Rep_07,Electronics,Wireless Earbuds,8,111.25,10.0,50.8,801.0,406.4
ORD100577,2024-08-20,East,Online,Consumer,Rep_09,Electronics,Power Bank,2,214.48,0.0,139.81,428.96,279.62
ORD100683,2024-03-24,East,Online,Consumer,Rep_09,ELECTRONICS,Smartwatch,1,98.53,0.0,52.17,98.53,52.17
ORD101015,2025-07-01,East,Online,Small Business,Rep_02,Sports & Outdoors,Yoga Mat,3,124.9,0.0,72.55,374.7,217.65
ORD100346,2024-05-02,South,In-Store,Consumer,Rep_04,Apparel,Running Shoes,2,60.17,0.0,29.23,120.34,58.46
ORD101963,2025-06-20,North,In-Store,Small Business,Rep_06,Beauty,Skincare Set,4,37.84,10.0,19.98,136.22,79.92
ORD100761,2025-01-26,North,Online,Consumer,Rep_13,Home & Kitchen,Coffee Maker,5,30.32,15.0,20.16,128.86,100.8
ORD100008,2024-12-06,South,Online,Enterprise,Rep_03,Electronics,Power Bank,3,117.33,0.0,55.73,351.99,167.19
ORD102619,2025-12-10,North,Online,Consumer,Rep_05,Beauty,Face Serum,8,29.91,20.0,19.98,191.42,159.84
ORD100228,2024-03-24,West,In-Store,Consumer,Rep_01,Sports & Outdoors,Dumbbell Set,2,55.54,0.0,26.15,111.08,52.3
ORD100489,2025-05-03,North,In-Store,Small Business,Rep_13,Sports & Outdoors,Water Bottle,4,52.62,0.0,27.07,210.48,108.28
ORD102282,2024-10-19,West,In-Store,Consumer,Rep_08,ELECTRONICS,Smartwatch,6,91.42,0.0,57.94,548.52,347.64
ORD100829,2025-05-24,East,In-Store,Consumer,Rep_15,Apparel,Yoga Pants,1,43.04,0.0,27.38,43.04,27.38
ORD101617,2024-09-09,South,Online,Enterprise,Rep_03,Apparel,Winter Coat,3,73.3,0.0,43.55,219.9,130.65
ORD100449,2024-10-25,East,Online,Consumer,Rep_07,Apparel,Running Shoes,2,60.66,0.0,38.89,121.32,77.78
ORD102205,2025-04-22,West,Online,Consumer,Rep_01,Beauty,Skincare Set,2,48.4,0.0,22.87,96.8,45.74
ORD100015,2025-03-16,East,Online,Small Business,Rep_01,Electronics,Laptop Stand,1,85.52,0.0,39.57,85.52,39.57
ORD101114,2024-05-05,East,In-Store,Consumer,Rep_05,Home & Kitchen,Cookware Set,5,145.89,15.0,96.47,620.03,482.35
ORD102556,2025-12-17,South,Online,Consumer,Rep_10,Apparel,Yoga Pants,8,118.7,10.0,59.24,854.64,473.92
ORD102167,2024-12-31,North,Online,Consumer,Rep_15,Beauty,Perfume,9,81.31,0.0,37.01,731.79,333.09
ORD100823,2024-12-21,West,Online,Consumer,Rep_14,Sports & Outdoors,Dumbbell Set,5,132.64,0.0,83.91,663.2,419.55
ORD101777,2025-02-05,North,In-Store,Small Business,Rep_03,Electronics,Laptop Stand,4,129.69,0.0,68.13,518.76,272.52
ORD101226,2025-03-16,South,Marketplace,Enterprise,Rep_11,Sports & Outdoors,Yoga Mat,1,96.15,0.0,64.84,96.15,64.84
ORD102086,2025-12-05,West,Online,Consumer,Rep_15,Electronics,Wireless Earbuds,9,26.31,0.0,12.95,236.79,116.55
ORD102247,2025-01-24,East,Online,Consumer,Rep_02,Beauty,Perfume,2,56.01,0.0,27.58,112.02,55.16
ORD101231,2025-07-30,West,In-Store,Consumer,Rep_04,Beauty,Hair Dryer,2,86.71,0.0,45.45,173.42,90.9
ORD102149,2024-02-20,East,In-Store,Small Business,Rep_06,Apparel,Running Shoes,1,31.42,5.0,15.22,29.85,15.22
ORD101009,2025-02-16,South,Marketplace,Small Business,Rep_04,APPAREL,Running Shoes,3,15.61,0.0,9.04,46.83,27.12
ORD102345,2024-09-14,East,Online,Consumer,Rep_02,Home & Kitchen,Blender,2,35.77,0.0,18.27,71.54,36.54
ORD102433,2024-03-24,North,Marketplace,Small Business,Rep_11,Home & Kitchen,Air Fryer,4,109.07,0.0,63.96,436.28,255.84
ORD101872,2024-11-04,East,Online,Consumer,Rep_07,Home & Kitchen,Coffee Maker,4,126.7,0.0,76.69,506.8,306.76
ORD101106,2025-09-01,East,Online,Enterprise,Rep_01,Sports & Outdoors,Cycling Helmet,1,113.2,0.0,56.47,113.2,56.47
ORD102540,2024-09-06,East,In-Store,,Rep_04,Sports & Outdoors,Dumbbell Set,1,60.35,0.0,39.6,60.35,39.6
ORD100352,2025-06-07,West,Online,Consumer,Rep_06,Apparel,Yoga Pants,3,99.86,10.0,56.12,269.62,168.36
ORD102211,2024-11-05,West,Online,Enterprise,Rep_12,Apparel,Winter Coat,4,76.91,0.0,43.87,307.64,175.48
ORD100442,2025-05-13,West,In-Store,Consumer,Rep_01,Electronics,Laptop Stand,6,219.55,,149.2,1317.3,895.2
ORD101933,2024-02-06,West,In-Store,Consumer,Rep_14,Home & Kitchen,Coffee Maker,1,166.93,0.0,112.31,166.93,112.31
ORD100285,2024-12-30,South,In-Store,Small Business,Rep_15,Home & Kitchen,Vacuum Cleaner,5,167.26,5.0,86.3,794.48,431.5
ORD100783,2024-06-28,West,Online,Consumer,Rep_06,Electronics,Laptop Stand,4,126.91,0.0,77.75,507.64,311.0
ORD100860,2024-03-08,South,In-Store,Consumer,Rep_15,Sports & Outdoors,Camping Tent,1,96.98,0.0,48.32,96.98,48.32
ORD101527,2024-07-12,South,Marketplace,Consumer,Rep_13,Home & Kitchen,Blender,4,38.11,5.0,20.86,144.82,83.44
ORD102368,2024-07-08,West,In-Store,Small Business,Rep_03,Apparel,Denim Jacket,6,39.47,5.0,23.19,224.98,139.14
ORD100348,2024-04-08,South,In-Store,Consumer,Rep_09,Beauty,Makeup Kit,8,18.66,0.0,10.84,149.28,86.72
ORD100068,2025-05-25,East,Online,Consumer,Rep_03,Electronics,Laptop Stand,6,215.24,0.0,126.64,1291.44,759.84
ORD100403,2024-09-19,South,In-Store,Small Business,Rep_10,Home & Kitchen,Air Fryer,4,87.22,5.0,50.76,331.44,203.04
ORD100754,2025-12-27,West,Online,Small Business,Rep_12,Beauty,Hair Dryer,9,25.23,0.0,14.75,227.07,132.75
ORD100797,2025-03-14,West,Marketplace,Consumer,Rep_12,Beauty,Perfume,7,59.26,0.0,34.82,414.82,243.74
ORD101050,2024-03-08,South,Online,Small Business,Rep_09,Beauty,Makeup Kit,6,18.99,0.0,9.76,113.94,58.56
ORD101226,2025-03-16,South,Marketplace,Enterprise,Rep_11,Sports & Outdoors,Yoga Mat,1,96.15,0.0,64.84,96.15,64.84
ORD102153,2024-01-08,East,In-Store,Small Business,Rep_06,Home & Kitchen,Vacuum Cleaner,5,44.86,0.0,22.4,224.3,112.0
ORD100177,2025-10-23,West,Marketplace,Enterprise,Rep_09,Home & Kitchen,Cookware Set,2,174.33,15.0,86.28,296.36,172.56
ORD100953,2024-04-10,West,Marketplace,Consumer,Rep_04,Beauty,Skincare Set,4,48.75,0.0,27.0,195.0,108.0
ORD102073,2025-10-29,West,Online,Small Business,Rep_05,Beauty,Hair Dryer,2,33.93,5.0,22.71,64.47,45.42
ORD101395,2024-04-10,West,Online,Consumer,Rep_06,Electronics,Smartwatch,1,175.71,10.0,90.49,158.14,90.49
ORD101695,2025-10-11,South,Marketplace,Consumer,Rep_01,Electronics,Wireless Earbuds,3,166.23,0.0,111.94,498.69,335.82
ORD100045,2025-09-12,North,Online,Consumer,Rep_10,Beauty,Face Serum,6,11.52,0.0,7.02,69.12,42.12
ORD100252,2025-09-18,South,In-Store,Consumer,Rep_12,Home & Kitchen,Vacuum Cleaner,3,176.61,0.0,100.27,529.83,300.81
ORD100558,2024-06-17,North,Marketplace,Small Business,Rep_06,Electronics,Power Bank,4,88.59,0.0,46.91,354.36,187.64
ORD101475,2025-07-09,West,Online,Small Business,Rep_04,Electronics,Laptop Stand,2,200.9,5.0,132.13,381.71,264.26
ORD100193,2024-09-05,South,In-Store,Consumer,Rep_08,Home & Kitchen,Coffee Maker,3,126.71,0.0,60.96,380.13,182.88
ORD102584,2025-07-17,South,Online,Enterprise,Rep_09,Home & Kitchen,Vacuum Cleaner,1,23.67,0.0,15.2,23.67,15.2
ORD101813,2024-06-17,North,Marketplace,Consumer,Rep_01,Sports & Outdoors,Cycling Helmet,3,13.1,0.0,8.7,39.3,26.1
ORD100445,2024-10-31,North,Marketplace,Consumer,Rep_06,Apparel,Yoga Pants,3,41.66,0.0,19.14,124.98,57.42
ORD101821,2024-08-10,North,Online,Consumer,Rep_03,Home & Kitchen,Coffee Maker,4,170.13,0.0,96.21,680.52,384.84
ORD102621,2024-05-22,West,Online,Consumer,Rep_03,Beauty,Hair Dryer,4,84.93,10.0,54.12,305.75,216.48
ORD101330,2024-08-24,East,Online,Enterprise,Rep_04,Sports & Outdoors,Yoga Mat,3,120.6,5.0,65.22,343.71,195.66
ORD100255,2024-11-16,South,Marketplace,Consumer,Rep_14,Apparel,Yoga Pants,2,92.96,0.0,52.75,185.92,105.5
ORD100451,2024-10-18,South,Online,Consumer,Rep_12,Home & Kitchen,Blender,4,93.25,10.0,47.69,335.7,190.76
ORD102088,2024-02-15,North,Marketplace,Consumer,Rep_15,Electronics,Laptop Stand,3,45.54,5.0,20.99,129.79,62.97
ORD101469,2025-08-17,East,Online,Consumer,Rep_03,Electronics,Wireless Earbuds,1,67.56,15.0,38.16,57.43,38.16
ORD102214,2024-12-10,West,In-Store,Consumer,Rep_08,Beauty,Hair Dryer,6,78.59,15.0,45.76,400.81,274.56
ORD102060,2025-02-22,North,Online,Small Business,Rep_12,Sports & Outdoors,Camping Tent,1,28.03,0.0,13.81,28.03,13.81
ORD102567,2025-06-10,North,Marketplace,Consumer,Rep_02,Electronics,Smartwatch,5,128.36,5.0,71.99,609.71,359.95
ORD100948,2024-02-07,South,In-Store,Consumer,Rep_05,Beauty,Skincare Set,1,80.85,0.0,45.69,80.85,45.69
ORD100510,2024-12-24,North,In-Store,Consumer,Rep_13,Home & Kitchen,Air Fryer,2,83.77,20.0,50.78,134.03,101.56
ORD101457,2025-12-24,East,Online,Consumer,Rep_10,Electronics,Wireless Earbuds,7,178.81,5.0,100.04,1189.09,700.28
ORD102449,2024-02-26,North,In-Store,Small Business,Rep_12,Electronics,Wireless Earbuds,5,26.47,0.0,12.6,132.35,63.0
ORD101331,2024-05-04,West,In-Store,Consumer,Rep_01,Apparel,Winter Coat,1,50.95,0.0,23.29,50.95,23.29
ORD101309,2024-07-18,West,In-Store,Consumer,Rep_06,Sports & Outdoors,Water Bottle,3,71.21,0.0,34.29,213.63,102.87
ORD102212,2024-07-18,North,In-Store,Consumer,Rep_08,Sports & Outdoors,Water Bottle,7,110.87,0.0,70.64,776.09,494.48
ORD101863,2025-11-20,North,Online,Consumer,Rep_10,Home & Kitchen,Vacuum Cleaner,4,156.66,0.0,86.61,626.64,346.44
ORD101453,2025-08-30,South,In-Store,Consumer,Rep_13,Home & Kitchen,Cookware Set,3,45.78,5.0,28.25,130.47,84.75
ORD101481,2025-10-20,North,In-Store,Consumer,Rep_03,Home & Kitchen,Cookware Set,4,72.76,0.0,43.01,291.04,172.04
ORD102161,2024-03-14,South,Online,Small Business,Rep_01,Sports & Outdoors,Water Bottle,6,120.16,15.0,78.59,612.82,471.54
ORD102125,2024-02-16,East,Online,Consumer,Rep_01,Sports & Outdoors,Dumbbell Set,6,16.25,0.0,8.66,97.5,51.96
ORD100621,2025-07-08,South,In-Store,Enterprise,Rep_12,Electronics,Power Bank,11,136.98,0.0,68.71,1506.78,755.81
ORD102429,2024-12-19,East,In-Store,Small Business,Rep_13,Home & Kitchen,Blender,7,82.61,10.0,48.88,520.44,342.16
ORD102099,2024-12-28,South,Online,Consumer,Rep_06,Home & Kitchen,Cookware Set,5,108.85,10.0,73.18,489.82,365.9
ORD101726,2025-12-26,North,In-Store,Small Business,Rep_06,Electronics,Smartwatch,9,164.51,0.0,81.75,1480.59,735.75
ORD102396,2025-10-23,East,Marketplace,Consumer,Rep_13,Electronics,Bluetooth Speaker,3,92.51,0.0,55.05,277.53,165.15
ORD100663,2025-02-09,North,Online,Small Business,Rep_13,Beauty,Hair Dryer,4,77.82,0.0,39.92,311.28,159.68
ORD100774,2024-06-09,West,Online,Consumer,Rep_12,Apparel,Winter Coat,4,62.91,0.0,29.71,251.64,118.84
ORD100573,2025-12-05,North,Online,Small Business,Rep_03,Home & Kitchen,Cookware Set,2,102.96,0.0,46.35,205.92,92.7
ORD102068,2025-08-24,East,In-Store,Enterprise,Rep_14,Apparel,Winter Coat,3,30.33,0.0,20.19,90.99,60.57
ORD101488,2024-12-01,West,Online,Consumer,Rep_07,HOME & KITCHEN,Vacuum Cleaner,1,85.86,0.0,39.74,85.86,39.74
ORD101121,2025-11-03,East,Online,Consumer,Rep_03,Home & Kitchen,Coffee Maker,3,59.57,0.0,40.46,178.71,121.38
ORD102494,2025-12-08,East,Marketplace,Consumer,Rep_15,Apparel,Yoga Pants,7,41.07,5.0,24.25,273.12,169.75
ORD102245,2025-08-13,South,Marketplace,Consumer,Rep_07,Sports & Outdoors,Cycling Helmet,1,141.53,0.0,83.77,141.53,83.77
ORD102091,2025-02-11,South,Marketplace,Consumer,Rep_08,Beauty,Hair Dryer,4,29.45,0.0,18.78,117.8,75.12
ORD100139,2025-08-01,North,Online,Small Business,Rep_14,Electronics,Laptop Stand,8,43.9,,24.17,333.64,193.36
ORD101846,2025-10-21,West,Online,Consumer,Rep_06,Apparel,Denim Jacket,4,60.62,10.0,32.84,218.23,131.36
ORD100282,2024-03-31,West,In-Store,Consumer,Rep_09,Home & Kitchen,Vacuum Cleaner,4,90.8,5.0,48.95,345.04,195.8
ORD100258,2025-05-29,South,Online,Enterprise,Rep_10,Home & Kitchen,Vacuum Cleaner,3,46.49,0.0,27.92,139.47,83.76
ORD100616,2024-10-24,South,In-Store,Consumer,Rep_02,Apparel,Yoga Pants,3,21.64,0.0,10.09,64.92,30.27
ORD101699,2025-06-15,West,In-Store,Consumer,Rep_10,Sports & Outdoors,Water Bottle,3,39.22,5.0,17.96,111.78,53.88
ORD101723,2025-09-09,North,Online,Consumer,Rep_12,Electronics,Wireless Earbuds,3,91.74,0.0,57.62,275.22,172.86
ORD100725,2024-06-04,South,Marketplace,Consumer,Rep_03,Apparel,Backpack,4,66.19,5.0,31.01,251.52,124.04
ORD101707,2025-08-24,South,Online,Enterprise,Rep_01,Beauty,Makeup Kit,5,75.32,10.0,48.49,338.94,242.45
ORD100677,2024-11-04,South,In-Store,Small Business,Rep_05,Home & Kitchen,Air Fryer,3,162.24,0.0,84.07,486.72,252.21
ORD102331,2025-04-11,South,Online,Consumer,Rep_02,Beauty,Face Serum,5,77.35,0.0,35.81,386.75,179.05
ORD101152,2025-05-27,North,Online,Small Business,Rep_09,Home & Kitchen,Vacuum Cleaner,4,98.39,0.0,60.87,393.56,243.48
ORD101588,2025-01-27,North,Online,Consumer,Rep_15,Beauty,Face Serum,3,44.41,10.0,20.45,119.91,61.35
ORD100055,2025-09-30,West,Online,Consumer,Rep_08,Sports & Outdoors,Yoga Mat,4,138.53,0.0,93.84,554.12,375.36
ORD101921,2024-10-20,East,Marketplace,Enterprise,Rep_13,Home & Kitchen,Coffee Maker,3,90.0,0.0,48.67,270.0,146.01
ORD101411,2025-05-05,East,In-Store,Consumer,Rep_07,Apparel,Running Shoes,5,18.45,0.0,10.66,92.25,53.3
ORD101288,2024-02-17,North,Online,Small Business,Rep_10,Apparel,Backpack,2,69.84,5.0,35.11,132.7,70.22
ORD100166,2024-03-31,North,Marketplace,Consumer,Rep_11,Sports & Outdoors,Camping Tent,3,109.21,0.0,55.28,327.63,165.84
ORD101734,2024-05-26,South,Marketplace,Small Business,Rep_06,Apparel,Winter Coat,2,67.5,10.0,40.15,121.5,80.3
ORD100872,2025-04-16,South,Marketplace,Consumer,Rep_01,Beauty,Hair Dryer,10,37.09,0.0,25.02,370.9,250.2
ORD101361,2025-11-25,East,In-Store,Consumer,Rep_06,Electronics,Bluetooth Speaker,6,78.17,5.0,39.08,445.57,234.48
ORD100887,2025-06-13,East,Online,Small Business,Rep_04,Home & Kitchen,Coffee Maker,4,66.11,0.0,31.2,264.44,124.8
ORD100888,2025-11-07,South,Online,Enterprise,Rep_14,Apparel,Winter Coat,1,75.62,0.0,38.06,75.62,38.06
ORD102100,2025-06-10,North,In-Store,Consumer,Rep_05,Sports & Outdoors,Dumbbell Set,3,64.98,20.0,44.02,155.95,132.06
ORD100498,2025-10-16,West,Online,Consumer,Rep_07,Home & Kitchen,Coffee Maker,5,92.84,0.0,55.05,464.2,275.25
ORD100714,2024-10-27,North,Online,Consumer,Rep_09,Sports & Outdoors,Cycling Helmet,5,63.96,0.0,35.89,319.8,179.45
ORD102426,2025-01-31,West,Online,Consumer,Rep_05,Electronics,Power Bank,2,144.64,0.0,97.93,289.28,195.86
ORD101056,2025-05-30,West,Marketplace,Consumer,Rep_04,Home & Kitchen,Air Fryer,4,142.61,5.0,89.76,541.92,359.04
ORD102438,2024-03-27,South,Marketplace,Consumer,Rep_10,Home & Kitchen,Cookware Set,6,67.73,0.0,32.13,406.38,192.78
ORD100364,2025-01-03,West,In-Store,Consumer,Rep_03,Sports & Outdoors,Yoga Mat,3,138.93,10.0,66.94,375.11,200.82
ORD102036,2024-12-07,North,Online,Consumer,Rep_09,Home & Kitchen,Vacuum Cleaner,6,37.26,0.0,25.06,223.56,150.36
ORD101584,2025-11-18,North,Online,Consumer,Rep_13,Home & Kitchen,Cookware Set,3,71.4,0.0,36.75,214.2,110.25
ORD100897,2025-07-20,East,Online,Small Business,Rep_08,Sports & Outdoors,Yoga Mat,1,92.95,10.0,44.36,83.66,44.36
ORD100800,2024-07-01,North,In-Store,Consumer,Rep_04,Sports & Outdoors,Dumbbell Set,1,89.41,0.0,49.28,89.41,49.28
ORD100617,2025-12-10,West,Marketplace,Small Business,Rep_11,Sports & Outdoors,Camping Tent,4,142.97,0.0,76.77,571.88,307.08
ORD100600,2025-03-31,East,Marketplace,Consumer,Rep_03,Sports & Outdoors,Dumbbell Set,2,42.91,0.0,21.22,85.82,42.44
ORD100123,2024-01-19,West,In-Store,Consumer,Rep_02,Sports & Outdoors,Dumbbell Set,2,95.13,0.0,43.74,190.26,87.48
ORD100334,2025-12-04,South,In-Store,Small Business,Rep_13,SPORTS & OUTDOORS,Cycling Helmet,6,143.65,0.0,69.36,861.9,416.16
ORD101979,2025-02-22,East,Marketplace,Small Business,Rep_02,Home & Kitchen,Blender,6,121.47,0.0,69.63,728.82,417.78
ORD102009,2025-08-07,North,Online,Small Business,Rep_05,Home & Kitchen,Cookware Set,1,158.49,0.0,105.62,158.49,105.62
ORD102131,2024-09-23,North,In-Store,Consumer,Rep_07,Home & Kitchen,Air Fryer,4,58.99,0.0,39.55,235.96,158.2
ORD100980,2025-12-12,South,Marketplace,Consumer,Rep_10,Electronics,Bluetooth Speaker,3,115.19,0.0,56.2,345.57,168.6
ORD102373,2025-09-08,South,Online,Consumer,Rep_09,Home & Kitchen,Cookware Set,1,107.09,0.0,67.39,107.09,67.39
ORD101706,2024-05-04,East,Online,Enterprise,Rep_14,Electronics,Laptop Stand,2,29.88,0.0,14.53,59.76,29.06
ORD100918,2025-11-29,North,In-Store,Consumer,Rep_12,Beauty,Skincare Set,7,20.46,0.0,10.11,143.22,70.77
ORD101079,2024-01-31,South,Marketplace,Consumer,Rep_03,Home & Kitchen,Cookware Set,8,126.36,0.0,73.91,1010.88,591.28
ORD100483,2024-05-02,North,Online,Small Business,Rep_05,Apparel,Running Shoes,5,63.72,0.0,33.19,318.6,165.95
ORD100581,2025-12-19,East,Marketplace,Small Business,Rep_09,Sports & Outdoors,Camping Tent,4,59.84,0.0,32.07,239.36,128.28
ORD102535,2025-01-31,North,Online,Consumer,Rep_11,Home & Kitchen,Blender,2,81.98,0.0,54.47,163.96,108.94
ORD101274,2025-12-22,South,Online,Consumer,Rep_01,Electronics,Power Bank,1,90.9,0.0,50.94,90.9,50.94
ORD101284,2025-03-14,East,Online,Consumer,Rep_14,Electronics,Laptop Stand,1,207.55,0.0,128.05,207.55,128.05
ORD101194,2024-06-21, South ,In-Store,Consumer,Rep_08,Electronics,Smartwatch,2,84.13,5.0,40.92,159.85,81.84
ORD100828,2025-12-28,South,Online,Small Business,Rep_04,Home & Kitchen,Cookware Set,7,45.08,0.0,21.27,315.56,148.89
ORD100991,2025-10-13,West,Marketplace,Consumer,Rep_08,Home & Kitchen,Coffee Maker,1,157.64,0.0,92.12,157.64,92.12
ORD100065,2025-01-12,South,Online,Small Business,Rep_13,Beauty,Skincare Set,1,21.51,0.0,10.01,21.51,10.01
ORD101195,2024-01-20,North,Online,Consumer,Rep_09,Electronics,Laptop Stand,6,96.19,15.0,54.3,490.57,325.8
ORD101350,2025-12-16,East,Online,Small Business,Rep_04,Electronics,Laptop Stand,3,194.77,0.0,111.84,584.31,335.52
ORD102123,2024-11-16,East,In-Store,Consumer,Rep_05,Apparel,Denim Jacket,6,94.03,10.0,43.5,507.76,261.0
ORD101915,2025-03-22,West,In-Store,Consumer,Rep_11,Beauty,Face Serum,5,65.97,0.0,41.26,329.85,206.3
ORD100409,2025-12-07,West,Online,Consumer,Rep_10,Home & Kitchen,Cookware Set,6,39.82,20.0,26.73,191.14,160.38
ORD101673,2024-06-01,South,Marketplace,Consumer,Rep_02,Home & Kitchen,Blender,2,22.94,0.0,14.38,45.88,28.76
ORD100297,2024-08-03,West,In-Store,Small Business,,Sports & Outdoors,Yoga Mat,2,71.57,0.0,35.73,143.14,71.46
ORD100925,2024-04-21,North,In-Store,Consumer,Rep_09,Beauty,Face Serum,3,62.09,20.0,32.91,149.02,98.73
ORD100022,2024-03-03,South,In-Store,Consumer,Rep_15,Home & Kitchen,Vacuum Cleaner,4,96.7,0.0,58.77,386.8,235.08
ORD101542,2025-01-23,South,In-Store,Consumer,Rep_05,Apparel,Backpack,1,84.2,5.0,39.84,79.99,39.84
ORD100728,2024-06-20,West,In-Store,Consumer,Rep_03,Apparel,Denim Jacket,1,60.3,0.0,34.54,60.3,34.54
ORD101745,2024-06-16,West,Online,Consumer,Rep_07,Home & Kitchen,Cookware Set,4,47.08,0.0,23.85,188.32,95.4
ORD101307,2024-11-09,West,In-Store,Small Business,Rep_03,Apparel,Yoga Pants,3,36.34,5.0,18.63,103.57,55.89
ORD102168,2024-08-16,North,Online,Small Business,Rep_02,Apparel,Winter Coat,1,20.53,0.0,10.03,20.53,10.03
ORD100671,2024-07-20,East,Online,Consumer,Rep_07,Home & Kitchen,Cookware Set,1,178.93,0.0,107.86,178.93,107.86
ORD101199,2024-02-16,South,Online,Consumer,Rep_05,Apparel,Backpack,2,119.06,20.0,53.87,190.5,107.74
ORD100181,2024-05-06,South,Online,Consumer,Rep_03,Electronics,Bluetooth Speaker,3,203.63,0.0,95.22,610.89,285.66
ORD100293,2024-05-24,West,Online,Enterprise,Rep_04,Sports & Outdoors,Dumbbell Set,4,124.72,0.0,60.75,498.88,243.0
ORD100201,2025-08-26,East,Online,Small Business,,Electronics,Laptop Stand,1,164.83,0.0,101.4,164.83,101.4
ORD102436,2025-07-25,North,Online,Small Business,Rep_12,Home & Kitchen,Air Fryer,6,29.65,0.0,15.79,177.9,94.74
ORD100126,2024-07-08,West,Online,Consumer,Rep_05,Apparel,Running Shoes,4,113.39,0.0,77.1,453.56,308.4
ORD100531,2024-08-17,South,Marketplace,Consumer,Rep_08,Apparel,Winter Coat,5,104.38,0.0,62.57,521.9,312.85
ORD101431,2025-08-02,West,In-Store,Small Business,Rep_09,Electronics,Smartwatch,2,154.04,0.0,78.82,308.08,157.64
ORD100199,2024-01-30,West,Online,Small Business,Rep_15,Beauty,Hair Dryer,3,33.06,20.0,18.22,79.34,54.66
ORD101530,2025-07-03,East,In-Store,Consumer,Rep_08,Electronics,Wireless Earbuds,5,28.03,10.0,13.57,126.14,67.85
ORD100692,2024-11-30,West,In-Store,Consumer,Rep_09,Beauty,Perfume,5,81.65,0.0,48.6,408.25,243.0
ORD100934,2025-06-02,West,Marketplace,Small Business,Rep_03,Beauty,Face Serum,5,42.97,0.0,25.43,214.85,127.15
ORD100686,2024-01-04,East,Online,Consumer,Rep_15,Beauty,Makeup Kit,2,62.38,0.0,29.36,124.76,58.72
ORD100817,2024-10-05,South,Online,Consumer,Rep_09,Home & Kitchen,Coffee Maker,2,133.11,0.0,88.48,266.22,176.96
ORD100216,2024-04-25,South,Online,Consumer,Rep_01,Apparel,Winter Coat,1,49.33,0.0,26.02,49.33,26.02
ORD101277,2024-09-05,West,Online,Consumer,Rep_04,Electronics,Power Bank,3,36.84,5.0,19.63,104.99,58.89
ORD100152,2024-06-19,South,Marketplace,Consumer,Rep_07,Beauty,Skincare Set,4,41.72,0.0,23.26,166.88,93.04
ORD102138,2024-10-22,West,In-Store,Consumer,Rep_11,Home & Kitchen,Vacuum Cleaner,1,57.67,10.0,34.06,51.9,34.06
ORD101700,2025-05-23,North,Online,Consumer,Rep_07,Apparel,Winter Coat,8,20.0,0.0,12.65,160.0,101.2
ORD100965,2024-01-17,East,In-Store,Consumer,Rep_08,Home & Kitchen,Coffee Maker,3,66.32,5.0,36.06,189.01,108.18
ORD100478,2024-04-29, West ,Online,Small Business,Rep_06,Home & Kitchen,Blender,3,62.87,15.0,37.08,160.32,111.24
ORD101282,2024-04-17,North,In-Store,Consumer,Rep_04,Apparel,Backpack,2,65.62,0.0,43.59,131.24,87.18
ORD102526,2024-02-26,North,Online,Consumer,Rep_11,Home & Kitchen,Coffee Maker,2,94.01,0.0,50.08,188.02,100.16
ORD101150,2024-11-22,West,Online,Consumer,Rep_07,Sports & Outdoors,Cycling Helmet,10,63.73,0.0,43.29,637.3,432.9
ORD100812,2024-01-17,South,Online,Consumer,Rep_12,Home & Kitchen,Blender,1,94.63,10.0,61.57,85.17,61.57
ORD102415,2025-10-03,West,Online,Small Business,Rep_15,Apparel,Denim Jacket,2,19.57,0.0,12.67,39.14,25.34
ORD102003,2024-02-17,East,Marketplace,Enterprise,Rep_14,Electronics,Smartwatch,1,167.77,15.0,106.18,142.6,106.18
ORD100843,2025-04-03,West,In-Store,Small Business,Rep_15,Home & Kitchen,Blender,1,116.07,0.0,52.81,116.07,52.81
ORD102124,2025-04-01,North,Online,Consumer,Rep_01,Sports & Outdoors,Water Bottle,1,140.72,0.0,93.41,140.72,93.41
ORD101264,2024-04-28,East,In-Store,Small Business,Rep_06,Home & Kitchen,Air Fryer,2,139.06,5.0,83.24,264.21,166.48
ORD101008,2024-10-11,West,In-Store,Consumer,Rep_10,Apparel,Winter Coat,4,109.76,0.0,56.67,439.04,226.68
ORD101971,2024-04-27,East,Online,Consumer,Rep_04,Electronics,Smartwatch,1,89.04,20.0,52.46,71.23,52.46
ORD100967,2024-06-27,South,Marketplace,Consumer,Rep_13,Sports & Outdoors,Yoga Mat,5,68.54,5.0,40.03,325.57,200.15
ORD100949,2025-01-15,South,In-Store,Small Business,Rep_05,Home & Kitchen,Air Fryer,1,123.39,20.0,64.87,98.71,64.87
ORD101861,2024-07-31,East,Online,Enterprise,Rep_14,Home & Kitchen,Cookware Set,2,41.55,10.0,21.31,74.79,42.62
ORD100972,2024-03-05,South,Online,Enterprise,,Beauty,Face Serum,2,81.66,0.0,52.89,163.32,105.78
ORD100187,2024-08-23,South,In-Store,Consumer,Rep_02,Beauty,Face Serum,1,48.17,5.0,32.22,45.76,32.22
ORD100246,2025-05-08,South,Marketplace,Consumer,Rep_09,Electronics,Wireless Earbuds,8,198.1,0.0,107.59,1584.8,860.72
ORD101982,2024-08-23,West,Online,Consumer,Rep_06,Home & Kitchen,Coffee Maker,2,28.38,0.0,18.64,56.76,37.28
ORD102228,2025-01-24,North,Online,Consumer,Rep_12,Beauty,Skincare Set,2,57.29,10.0,35.02,103.12,70.04
ORD102250,2025-07-11,West,Online,Consumer,,Sports & Outdoors,Water Bottle,3,98.35,0.0,47.83,295.05,143.49
ORD102209,2024-08-01,East,Online,Enterprise,Rep_06,Electronics,Bluetooth Speaker,1,25.47,0.0,17.18,25.47,17.18
ORD101326,2024-11-21,South,Online,Consumer,Rep_15,Apparel,Backpack,4,26.67,0.0,14.81,106.68,59.24
ORD100283,2024-08-02,East,In-Store,Consumer,Rep_03,Home & Kitchen,Blender,3,155.27,0.0,94.58,465.81,283.74
ORD102051,2024-01-10,North,Online,Consumer,Rep_05,Sports & Outdoors,Water Bottle,4,119.55,15.0,61.09,406.47,244.36
ORD101674,2024-11-22,East,Marketplace,Consumer,Rep_11,Home & Kitchen,Coffee Maker,6,34.93,0.0,22.22,209.58,133.32
ORD101505,2025-07-14,West,In-Store,Consumer,Rep_11,Sports & Outdoors,Camping Tent,5,84.71,10.0,44.02,381.2,220.1
ORD100903,2025-02-23,East,Online,Enterprise,Rep_12,Home & Kitchen,Cookware Set,4,113.13,0.0,54.48,452.52,217.92
ORD102611,2025-06-01,West,Online,Consumer,Rep_12,Home & Kitchen,Blender,7,95.61,0.0,43.45,669.27,304.15
ORD101269,2025-11-13,West,In-Store,Consumer,Rep_04,Home & Kitchen,Vacuum Cleaner,7,41.76,5.0,27.57,277.7,192.99
ORD102128,2025-01-24,East,Online,Small Business,Rep_07,Apparel,Yoga Pants,5,59.31,0.0,37.23,296.55,186.15
ORD100975,2025-04-26,East,In-Store,Consumer,Rep_01,Sports & Outdoors,Water Bottle,5,30.06,10.0,15.63,135.27,78.15
ORD101797,2024-01-22,West,Online,Consumer,Rep_05,Electronics,Wireless Earbuds,1,170.73,0.0,91.05,170.73,91.05
ORD101889,2025-08-08,West,In-Store,Small Business,Rep_15,Home & Kitchen,Vacuum Cleaner,5,72.85,20.0,36.14,291.4,180.7
ORD100122,2025-10-28,South,Online,Consumer,Rep_10,Home & Kitchen,Coffee Maker,7,141.06,10.0,73.48,888.68,514.36
ORD101072,2025-06-08,East,Online,Consumer,Rep_08,Electronics,Power Bank,3,180.28,15.0,94.74,459.71,284.22
ORD101304,2024-03-20,North,In-Store,Consumer,Rep_13,HOME & KITCHEN,Coffee Maker,4,86.0,0.0,53.09,344.0,212.36
ORD100417,2025-08-13,East,In-Store,Small Business,Rep_01,Apparel,Yoga Pants,4,15.6,0.0,7.26,62.4,29.04
ORD102223,2025-04-12,North,In-Store,Consumer,Rep_10,Electronics,Bluetooth Speaker,6,55.68,0.0,35.15,334.08,210.9
ORD100869,2025-12-02,West,Marketplace,Consumer,Rep_13,Apparel,Backpack,6,110.59,0.0,52.38,663.54,314.28
ORD101987,2025-11-05,North,Online,Consumer,Rep_14,Apparel,Winter Coat,6,66.35,0.0,40.39,398.1,242.34
ORD100307,2025-09-26,South,Online,Consumer,Rep_15,Home & Kitchen,Vacuum Cleaner,6,108.77,0.0,51.26,652.62,307.56
ORD101845,2025-02-26,North,Online,Consumer,Rep_04,Beauty,Hair Dryer,4,13.58,5.0,6.12,51.6,24.48
ORD100756,2025-01-27,South,Online,Consumer,Rep_14,Electronics,Wireless Earbuds,6,26.22,0.0,16.15,157.32,96.9
ORD101156,2024-11-17,West,Marketplace,Consumer,Rep_02,Apparel,Yoga Pants,5,118.11,0.0,70.89,590.55,354.45
ORD101108,2025-10-10,North,Online,Small Business,Rep_02,Home & Kitchen,Air Fryer,1,39.02,0.0,23.28,39.02,23.28
ORD100067,2025-04-21,East,Online,Consumer,Rep_08,Beauty,Hair Dryer,1,19.51,10.0,10.57,17.56,10.57
ORD101980,2025-09-30,East,In-Store,Consumer,Rep_02,Home & Kitchen,Blender,5,168.36,0.0,87.66,841.8,438.3
ORD100332,2025-08-31,East,Online,Enterprise,Rep_07,Beauty,Face Serum,2,54.04,10.0,36.71,97.27,73.42
ORD100336,2024-09-23,East,In-Store,Consumer,Rep_06,Beauty,Face Serum,6,29.49,0.0,18.51,176.94,111.06
ORD100912,2024-08-31,South,In-Store,Enterprise,Rep_03,Electronics,Laptop Stand,3,106.26,0.0,61.37,318.78,184.11
ORD101536,2025-12-02,South,Online,Small Business,Rep_03,Sports & Outdoors,Yoga Mat,5,56.47,0.0,32.44,282.35,162.2
ORD101807,2024-01-26,South,Marketplace,Enterprise,Rep_04,Electronics,Laptop Stand,3,77.84,5.0,47.41,221.84,142.23
ORD100472,2024-09-21,North,Marketplace,Small Business,Rep_14,Home & Kitchen,Cookware Set,3,113.18,15.0,60.2,288.61,180.6
ORD100901,2024-04-02,North,In-Store,Enterprise,Rep_08,Electronics,Smartwatch,2,96.8,,59.19,183.92,118.38
ORD101406,2024-10-15,North,Online,Small Business,Rep_06,Electronics,Wireless Earbuds,1,151.97,15.0,91.11,129.17,91.11
ORD100865,2024-03-07,West,Online,Small Business,Rep_04,Electronics,Laptop Stand,2,116.05,10.0,64.44,208.89,128.88
ORD101535,2024-08-15,West,Marketplace,Consumer,Rep_08,Apparel,Yoga Pants,1,108.19,0.0,56.18,108.19,56.18
ORD100884,2025-10-11,North,Online,Small Business,Rep_03,Home & Kitchen,Vacuum Cleaner,2,47.15,0.0,22.41,94.3,44.82
ORD100477,2025-01-06,North,Marketplace,Consumer,Rep_04,Home & Kitchen,Vacuum Cleaner,6,68.04,0.0,43.95,408.24,263.7
ORD101329,2025-01-16,North,Online,Consumer,Rep_02,Home & Kitchen,Blender,3,46.37,0.0,24.69,139.11,74.07
ORD101342,2025-11-11,South,In-Store,Consumer,Rep_07,Home & Kitchen,Air Fryer,6,160.08,0.0,81.89,960.48,491.34
ORD101729,2025-02-18,West,Online,Consumer,Rep_11,Apparel,Winter Coat,3,27.55,15.0,12.56,70.25,37.68
ORD102483,2024-03-02,West,Online,Consumer,Rep_12,Beauty,Skincare Set,5,40.29,0.0,25.54,201.45,127.7
ORD101340,2024-12-06,North,In-Store,Consumer,Rep_12,Apparel,Backpack,4,54.77,0.0,26.3,219.08,105.2
ORD100132,2025-05-21,North,Online,Small Business,Rep_15,Beauty,Face Serum,5,44.89,0.0,22.07,224.45,110.35
ORD102487,2024-10-14,West,In-Store,Small Business,Rep_12,Beauty,Makeup Kit,1,85.69,0.0,50.04,85.69,50.04
ORD101626,2024-10-25,West,Online,Consumer,Rep_02,Home & Kitchen,Coffee Maker,2,164.18,10.0,101.95,295.52,203.9
ORD100981,2025-06-11,East,In-Store,Enterprise,Rep_13,Beauty,Hair Dryer,4,22.26,5.0,12.94,84.59,51.76
ORD101233,2025-01-14,North,In-Store,Consumer,Rep_08,Sports & Outdoors,Water Bottle,2,28.5,0.0,16.13,57.0,32.26
ORD101968,2024-08-12,North,Marketplace,Consumer,Rep_05,Sports & Outdoors,Dumbbell Set,1,51.76,0.0,27.24,51.76,27.24
ORD102202,2024-03-23,East,Marketplace,Consumer,Rep_06,Sports & Outdoors,Camping Tent,3,138.79,5.0,88.73,395.55,266.19
ORD101149,2024-12-15,East,In-Store,Consumer,Rep_10,Apparel,Yoga Pants,5,86.09,0.0,46.23,430.45,231.15
ORD102364,2024-04-14,West,In-Store,Consumer,Rep_06,Home & Kitchen,Air Fryer,6,95.87,0.0,44.73,575.22,268.38
ORD102255,2025-08-31,East,Online,Consumer,Rep_05,Beauty,Perfume,4,34.78,0.0,17.41,139.12,69.64
ORD100256,2024-07-28,East,Online,Consumer,Rep_04,Electronics,Bluetooth Speaker,6,61.42,0.0,31.9,368.52,191.4
ORD100550,2025-01-17,East,Online,Consumer,Rep_11,Home & Kitchen,Cookware Set,3,75.66,0.0,44.26,226.98,132.78
ORD102018,2024-09-14,West,Online,Small Business,Rep_07,Apparel,Winter Coat,2,51.36,0.0,29.25,102.72,58.5
ORD100898,2024-03-11,West,In-Store,Consumer,Rep_04,Home & Kitchen,Cookware Set,2,67.72,15.0,36.96,115.12,73.92
ORD100289,2024-01-23,South,Online,Consumer,Rep_04,Sports & Outdoors,Cycling Helmet,1,26.23,10.0,16.05,23.61,16.05
ORD102145,2025-12-25,North,Marketplace,Consumer,Rep_10,Sports & Outdoors,Cycling Helmet,4,143.9,0.0,87.02,575.6,348.08
ORD100777,2024-06-24,East,In-Store,Small Business,Rep_04,Sports & Outdoors,Water Bottle,8,102.94,0.0,67.99,823.52,543.92
ORD102111,2025-10-14,South,In-Store,Enterprise,Rep_14,Electronics,Laptop Stand,1,57.76,5.0,27.81,54.87,27.81
ORD100053,2024-02-22,South,Online,Consumer,Rep_12,Apparel,Yoga Pants,2,36.72,10.0,18.04,66.1,36.08
ORD101827,2025-03-12,South,Online,Small Business,Rep_02,Sports & Outdoors,Camping Tent,1,27.69,20.0,15.11,22.15,15.11
ORD100557,2025-11-02,North,In-Store,Consumer,Rep_09,Apparel,Backpack,3,83.72,0.0,39.09,251.16,117.27
ORD100040,2024-05-09,South,In-Store,Small Business,Rep_09,Sports & Outdoors,Yoga Mat,4,124.42,5.0,83.33,472.8,333.32
ORD101838,2024-01-10,North,Online,Consumer,Rep_07,Beauty,Face Serum,2,54.61,0.0,25.22,109.22,50.44
ORD101172,2024-05-03,West,In-Store,Small Business,Rep_03,Sports & Outdoors,Yoga Mat,1,107.24,15.0,66.85,91.15,66.85
ORD100261,2024-12-15,East,Online,Small Business,Rep_05,Beauty,Face Serum,3,44.5,5.0,28.73,126.82,86.19
ORD102139,2024-10-28,West,Online,Consumer,Rep_09,Apparel,Winter Coat,3,89.55,5.0,45.9,255.22,137.7
ORD100083,2024-01-26,West,In-Store,Small Business,Rep_09,Electronics,Wireless Earbuds,1,64.36,0.0,35.44,64.36,35.44
ORD102147,2024-01-21,North,In-Store,Consumer,Rep_12,Electronics,Bluetooth Speaker,3,49.77,0.0,27.19,149.31,81.57
ORD102166,2024-06-26,West,Marketplace,Consumer,Rep_14,Sports & Outdoors,Yoga Mat,6,132.13,0.0,77.55,792.78,465.3
ORD101083,2024-02-20,East,Online,Small Business,Rep_15,Apparel,Backpack,3,80.79,0.0,53.15,242.37,159.45
ORD102502,2024-08-27,East,Online,Consumer,Rep_08,Apparel,Backpack,2,91.44,10.0,52.59,164.59,105.18
ORD102146,2024-09-03, East ,Online,Consumer,Rep_11,Apparel,Running Shoes,2,87.42,5.0,54.53,166.1,109.06
ORD100030,2025-02-16,South,In-Store,Consumer,Rep_07,Electronics,Bluetooth Speaker,7,192.03,0.0,86.89,1344.21,608.23
ORD101537,2024-08-07,West,In-Store,Consumer,Rep_11,Electronics,Smartwatch,4,112.72,5.0,75.75,428.34,303.0
ORD101765,2024-08-19,North,Online,Small Business,Rep_06,Home & Kitchen,Cookware Set,2,97.71,0.0,53.52,195.42,107.04
ORD102162,2024-08-29,North,Online,Small Business,Rep_04,Beauty,Hair Dryer,1,12.72,15.0,7.11,10.81,7.11
ORD102460,2024-12-04,West,Online,Consumer,Rep_10,Home & Kitchen,Blender,4,119.67,0.0,78.68,478.68,314.72
ORD102508,2025-01-23,South,Online,Consumer,Rep_09,Apparel,Denim Jacket,4,42.74,0.0,22.78,170.96,91.12
ORD102387,2025-09-24,South,In-Store,Consumer,Rep_01,Sports & Outdoors,Cycling Helmet,1,134.75,0.0,91.36,134.75,91.36
ORD101020,2025-09-08,East,Online,Small Business,Rep_04,Electronics,Laptop Stand,4,46.53,0.0,22.15,186.12,88.6
ORD102386,2025-01-24,North,Online,Consumer,Rep_14,Electronics,Laptop Stand,5,149.8,0.0,71.52,749.0,357.6
ORD101403,2024-02-26,North,Online,Consumer,Rep_05,Beauty,Face Serum,2,80.41,5.0,40.93,152.78,81.86
ORD102134,2025-03-18,West,Online,Consumer,Rep_06,Apparel,Backpack,5,103.18,0.0,67.44,515.9,337.2
ORD101206,2025-01-02,North,Online,Enterprise,Rep_09,Apparel,Winter Coat,3,108.43,0.0,50.41,325.29,151.23
ORD100717,2024-03-04,East,Online,Consumer,Rep_14,Electronics,Power Bank,2,66.93,0.0,39.69,133.86,79.38
ORD100048,2024-11-08,West,Online,Small Business,Rep_08,Electronics,Smartwatch,7,212.5,5.0,123.48,1413.12,864.36
ORD100209,2024-09-23,East,Online,Small Business,Rep_07,Apparel,Winter Coat,2,71.11,5.0,37.72,135.11,75.44
ORD101491,2024-10-06,East,Online,Small Business,Rep_14,Electronics,Power Bank,5,129.69,5.0,81.39,616.03,406.95
ORD100893,2024-06-06,North,Online,Consumer,Rep_04,Sports & Outdoors,Dumbbell Set,3,45.51,0.0,27.39,136.53,82.17
ORD100153,2025-02-16,South,Online,Consumer,Rep_07,Apparel,Yoga Pants,4,100.87,5.0,50.93,383.31,203.72
ORD101590,2025-11-10,North,In-Store,Consumer,Rep_06,Electronics,Wireless Earbuds,9,209.75,0.0,121.99,1887.75,1097.91
ORD100394,2025-10-17,East,Marketplace,Small Business,Rep_10,Electronics,Bluetooth Speaker,5,150.36,0.0,86.61,751.8,433.05
ORD101147,2025-06-23,North,Online,Consumer,Rep_01,BEAUTY,Hair Dryer,3,34.2,0.0,17.46,102.6,52.38
ORD101379,2025-01-15,East,Marketplace,Consumer,Rep_07,Apparel,Backpack,3,105.01,0.0,55.03,315.03,165.09
ORD101158,2025-04-26,West,Marketplace,Consumer,Rep_08,Electronics,Power Bank,5,155.28,0.0,95.23,776.4,476.15
ORD100268,2024-04-20,North,In-Store,Consumer,Rep_13,Home & Kitchen,Blender,1,48.14,0.0,32.68,48.14,32.68
ORD100385,2024-01-13,North,Marketplace,Consumer,Rep_08,Home & Kitchen,Blender,1,156.26,0.0,70.77,156.26,70.77
ORD101244,2024-04-26,North,Online,Consumer,Rep_02,Electronics,Smartwatch,3,29.94,0.0,17.65,89.82,52.95
ORD100041,2025-07-26,North,Marketplace,Consumer,Rep_07,Apparel,Backpack,1,21.88,0.0,11.78,21.88,11.78
ORD102646,2025-10-12,South,Online,Consumer,Rep_09,Apparel,Running Shoes,3,117.29,0.0,57.42,351.87,172.26
ORD100597,2025-11-10,North,Online,Consumer,Rep_01,Sports & Outdoors,Yoga Mat,5,108.12,0.0,49.81,540.6,249.05
ORD101089,2024-08-04,South,Online,Consumer,Rep_08,Sports & Outdoors,Dumbbell Set,3,13.97,0.0,7.24,41.91,21.72
ORD100680,2024-03-04,North,Online,Small Business,Rep_13,Electronics,Power Bank,3,85.37,0.0,47.32,256.11,141.96
ORD101902,2024-11-24,East,In-Store,Small Business,Rep_02,Beauty,Makeup Kit,5,56.89,0.0,35.35,284.45,176.75
ORD100524,2025-10-29,South,Online,Enterprise,Rep_02,Electronics,Wireless Earbuds,1,115.5,0.0,70.72,115.5,70.72
ORD101851,2024-01-16,North,Online,Consumer,Rep_09,Home & Kitchen,Air Fryer,6,80.04,0.0,52.3,480.24,313.8
ORD101565,2024-06-20,East,In-Store,Consumer,Rep_08,Apparel,Yoga Pants,6,26.9,0.0,12.54,161.4,75.24
ORD102630,2025-07-09,East,Online,Consumer,Rep_15,Sports & Outdoors,Yoga Mat,4,112.68,0.0,71.9,450.72,287.6
ORD101328,2024-01-30,South,Online,Consumer,Rep_11,Sports & Outdoors,Dumbbell Set,2,91.96,0.0,48.52,183.92,97.04
ORD101811,2025-03-07,West,In-Store,Consumer,Rep_08,Electronics,Smartwatch,1,28.26,0.0,16.17,28.26,16.17
ORD102603,2025-09-03,South,Online,Consumer,Rep_03,Electronics,Power Bank,4,40.23,10.0,27.21,144.83,108.84
ORD102450,2025-01-06,North,In-Store,Consumer,Rep_04,Sports & Outdoors,Water Bottle,1,136.57,0.0,91.47,136.57,91.47
ORD101518,2025-06-03,North,Online,Small Business,Rep_15,Sports & Outdoors,Camping Tent,4,94.05,0.0,43.07,376.2,172.28
ORD101016,2024-12-31,West,Online,Consumer,Rep_12,Home & Kitchen,Air Fryer,5,158.73,0.0,99.2,793.65,496.0
ORD102154,2025-07-25,South,Online,Small Business,Rep_15,Electronics,Wireless Earbuds,6,30.9,,20.61,185.4,123.66
ORD101767,2025-10-11,West,In-Store,Enterprise,Rep_13,Electronics,Bluetooth Speaker,2,212.43,15.0,106.69,361.13,213.38
ORD101916,2024-09-02,North,Online,Small Business,,Sports & Outdoors,Water Bottle,4,36.56,0.0,18.92,146.24,75.68
ORD102170,2025-12-10,East,Online,Small Business,Rep_11,Electronics,Bluetooth Speaker,14,50.91,5.0,29.84,677.1,417.76
ORD100225,2025-01-16,East,In-Store,Small Business,Rep_06,Apparel,Running Shoes,3,68.69,0.0,41.34,206.07,124.02
ORD102552,2025-07-29,North,In-Store,Consumer,Rep_13,Beauty,Hair Dryer,4,29.03,0.0,15.19,116.12,60.76
ORD102110,2025-08-18,East,In-Store,Consumer,Rep_05,Electronics,Bluetooth Speaker,3,207.09,0.0,128.03,621.27,384.09
ORD102559,2025-09-17,South,In-Store,Small Business,Rep_13,Electronics,Power Bank,2,107.76,0.0,70.25,215.52,140.5
ORD102347,2024-07-04,East,In-Store,Consumer,Rep_06,Apparel,Winter Coat,1,75.53,0.0,45.85,75.53,45.85
ORD102317,2025-04-11,South,Online,Consumer,Rep_04,Electronics,Bluetooth Speaker,4,29.29,0.0,15.05,117.16,60.2
ORD101360,2024-09-08,North,In-Store,Consumer,Rep_10,Electronics,Power Bank,3,73.26,5.0,35.17,208.79,105.51
ORD101256,2025-02-18,West,In-Store,Consumer,Rep_15,Apparel,Running Shoes,6,44.07,0.0,25.68,264.42,154.08
ORD102617,2024-07-17,North,Online,Consumer,Rep_05,Beauty,Makeup Kit,4,60.44,0.0,38.4,241.76,153.6
ORD101111,2025-09-05,West,In-Store,Small Business,Rep_04,Sports & Outdoors,Camping Tent,7,62.14,0.0,35.57,434.98,248.99
ORD102078,2024-10-15,East,Online,Small Business,Rep_11,Home & Kitchen,Coffee Maker,1,126.2,0.0,74.31,126.2,74.31
ORD101492,2024-09-09,East,Marketplace,Enterprise,Rep_04,Home & Kitchen,Coffee Maker,5,94.57,5.0,47.39,449.21,236.95
ORD101661,2025-03-09,East,Online,Consumer,Rep_02,Beauty,Hair Dryer,3,69.69,0.0,33.02,209.07,99.06
ORD102021,2025-11-29,North,Online,Small Business,Rep_08,Electronics,Wireless Earbuds,7,170.91,0.0,107.0,1196.37,749.0
ORD102188,2024-12-03,North,Marketplace,Enterprise,Rep_13,Sports & Outdoors,Dumbbell Set,2,14.77,0.0,8.94,29.54,17.88
ORD101550,2025-11-26,North,In-Store,Consumer,Rep_08,Beauty,Face Serum,9,22.7,0.0,11.14,204.3,100.26
ORD101609,2024-04-30,South,Marketplace,Small Business,Rep_12,Apparel,Running Shoes,5,69.4,0.0,34.35,347.0,171.75
ORD100205,2024-12-16,West,In-Store,Small Business,Rep_03,Sports & Outdoors,Water Bottle,5,31.38,5.0,14.65,149.06,73.25
ORD101027,2025-11-01,West,In-Store,Enterprise,Rep_04,Apparel,Running Shoes,5,68.64,5.0,35.68,326.04,178.4
ORD102432,2025-07-30,South,Online,Enterprise,Rep_12,Apparel,Running Shoes,3,76.53,15.0,46.42,195.15,139.26
ORD101801,2025-09-13,East,Online,Consumer,Rep_13,Apparel,Yoga Pants,3,95.58,0.0,54.0,286.74,162.0
ORD101327,2024-08-30,East,In-Store,Enterprise,Rep_10,Beauty,Makeup Kit,1,37.03,20.0,20.31,29.62,20.31
ORD101510,2025-09-30,West,In-Store,Consumer,Rep_07,Electronics,Bluetooth Speaker,6,151.75,0.0,91.37,910.5,548.22
ORD101046,2025-12-03,North,In-Store,Small Business,Rep_06,Home & Kitchen,Vacuum Cleaner,4,35.06,0.0,23.27,140.24,93.08
ORD100693,2024-04-12,East,Online,Small Business,Rep_07,Electronics,Laptop Stand,3,111.42,0.0,54.7,334.26,164.1
ORD102114,2024-06-07,West,Online,Consumer,Rep_05,Electronics,Smartwatch,1,152.99,10.0,100.67,137.69,100.67
ORD101115,2025-04-04,South,Online,Consumer,Rep_15,Beauty,Perfume,2,56.37,5.0,35.26,107.1,70.52
ORD102237,2024-09-17,South,Online,,Rep_09,Electronics,Bluetooth Speaker,1,82.7,0.0,43.69,82.7,43.69
ORD101186,2025-03-07,South,Online,Small Business,Rep_02,Sports & Outdoors,Cycling Helmet,3,73.98,0.0,47.69,221.94,143.07
ORD101369,2024-08-01,West,In-Store,Small Business,Rep_15,Electronics,Smartwatch,1,34.32,0.0,18.1,34.32,18.1
ORD101173,2025-12-08,East,Marketplace,Enterprise,Rep_15,Home & Kitchen,Vacuum Cleaner,7,143.91,0.0,72.9,1007.37,510.3
ORD102407,2025-09-20, West ,In-Store,Consumer,Rep_05,Apparel,Denim Jacket,4,112.38,0.0,63.34,449.52,253.36
ORD102304,2024-03-03,East,Online,Small Business,Rep_11,Electronics,Power Bank,7,33.82,0.0,21.71,236.74,151.97
ORD102085,2025-03-19,South,Online,Small Business,Rep_15,Beauty,Perfume,4,59.95,0.0,39.79,239.8,159.16
ORD101860,2025-06-04,South,Online,Consumer,Rep_09,Beauty,Makeup Kit,6,29.98,0.0,16.73,179.88,100.38
ORD100157,2025-02-09, West ,Online,Consumer,Rep_06,Beauty,Skincare Set,5,67.92,0.0,40.76,339.6,203.8
ORD101849,2024-11-11,North,In-Store,Consumer,Rep_11,Home & Kitchen,Coffee Maker,2,80.29,5.0,46.63,152.55,93.26
ORD101940,2024-04-22,West,Online,Consumer,Rep_09,Sports & Outdoors,Dumbbell Set,1,73.49,10.0,34.31,66.14,34.31
ORD100712,2025-05-15,South,Online,Small Business,Rep_14,Apparel,Yoga Pants,2,19.89,5.0,10.99,37.79,21.98
ORD101676,2025-10-07,West,Marketplace,Consumer,Rep_04,Home & Kitchen,Blender,3,93.58,0.0,47.08,280.74,141.24
ORD101184,2024-02-24,East,Online,Consumer,Rep_09,Home & Kitchen,Blender,1,113.38,0.0,62.99,113.38,62.99
ORD100305,2025-10-30, East ,Online,Consumer,Rep_07,Home & Kitchen,Vacuum Cleaner,6,151.5,5.0,88.56,863.55,531.36
ORD100656,2025-12-19,North,Online,Consumer,Rep_15,Electronics,Laptop Stand,6,59.28,0.0,36.11,355.68,216.66
ORD101571,2025-07-13,North,Online,Small Business,Rep_14,Home & Kitchen,Coffee Maker,5,105.02,15.0,60.02,446.34,300.1
ORD101419,2024-06-27,North,Online,Small Business,Rep_11,Apparel,Denim Jacket,4,44.77,5.0,27.6,170.13,110.4
ORD100399,2024-10-19,West,Online,Small Business,Rep_15,Electronics,Bluetooth Speaker,1,104.52,0.0,68.81,104.52,68.81
ORD100798,2025-01-04,East,Marketplace,Small Business,Rep_11,Beauty,Perfume,1,51.87,10.0,34.55,46.68,34.55
ORD100797,2025-03-14,West,Marketplace,Consumer,Rep_12,Beauty,Perfume,7,59.26,0.0,34.82,414.82,243.74
ORD100618,2024-06-13,West,In-Store,Consumer,Rep_11,Apparel,Denim Jacket,3,67.15,0.0,45.51,201.45,136.53
ORD101388,2025-05-13,North,Online,Small Business,Rep_05,Sports & Outdoors,Cycling Helmet,3,28.05,0.0,14.93,84.15,44.79
ORD100508,2025-09-04,East,Marketplace,Enterprise,Rep_11,Beauty,Perfume,4,52.48,5.0,31.34,199.42,125.36
ORD100079,2024-01-30,South,Online,Consumer,Rep_07,Apparel,Denim Jacket,1,19.24,15.0,12.36,16.35,12.36
ORD100736,2024-09-08,West,Online,Consumer,Rep_15,Home & Kitchen,Vacuum Cleaner,2,35.03,0.0,16.72,70.06,33.44
ORD102011,2024-12-11,West,Online,Small Business,Rep_14,Electronics,Laptop Stand,3,204.93,5.0,136.96,584.05,410.88
ORD100274,2024-04-27,South,Online,Enterprise,Rep_06,Sports & Outdoors,Camping Tent,3,40.9,0.0,22.57,122.7,67.71
ORD101756,2025-12-27,West,In-Store,Consumer,Rep_14,Apparel,Denim Jacket,6,113.11,5.0,65.79,644.73,394.74
ORD100867,2025-10-20,East,In-Store,Consumer,Rep_07,Beauty,Face Serum,3,23.61,0.0,15.93,70.83,47.79
ORD100459,2024-04-02,North,In-Store,Small Business,Rep_09,Electronics,Smartwatch,1,214.25,0.0,111.1,214.25,111.1
ORD100886,2024-04-24, South ,In-Store,Consumer,Rep_08,Beauty,Face Serum,2,18.75,0.0,11.93,37.5,23.86
ORD100062,2024-08-10,South,Online,Small Business,Rep_05,Apparel,Denim Jacket,2,50.29,0.0,34.18,100.58,68.36
ORD100599,2024-05-25, West ,Online,Consumer,Rep_09,Home & Kitchen,Coffee Maker,2,107.86,0.0,60.66,215.72,121.32
ORD101774,2024-08-23,North,In-Store,Consumer,Rep_14,Apparel,Denim Jacket,7,35.46,0.0,20.06,248.22,140.42
ORD100859,2025-01-12,East,Online,Consumer,Rep_15,Beauty,Face Serum,4,48.4,0.0,31.5,193.6,126.0
ORD100457,2025-12-22,South,Marketplace,Consumer,Rep_12,Beauty,Hair Dryer,7,32.13,5.0,15.91,213.66,111.37
ORD101727,2025-10-11,North,Marketplace,Consumer,Rep_03,Home & Kitchen,Vacuum Cleaner,1,21.85,0.0,13.84,21.85,13.84
ORD101502,2025-06-19,West,Marketplace,Small Business,Rep_07,Home & Kitchen,Vacuum Cleaner,5,179.64,0.0,118.41,898.2,592.05
ORD102346,2025-04-15,West,Online,Consumer,Rep_04,Electronics,Smartwatch,4,130.61,15.0,83.69,444.07,334.76
ORD101117,2024-06-22,North,In-Store,Consumer,Rep_07,Electronics,Smartwatch,4,64.29,0.0,42.55,257.16,170.2
ORD100870,2024-03-20,South,Online,Consumer,Rep_05,Beauty,Hair Dryer,5,34.36,0.0,22.22,171.8,111.1
ORD100790,2024-03-18,North,Marketplace,Consumer,Rep_10,Apparel,Running Shoes,1,79.5,20.0,35.94,63.6,35.94
ORD102570,2025-10-20,East,Online,Small Business,Rep_11,Home & Kitchen,Coffee Maker,3,140.61,0.0,79.52,421.83,238.56
ORD101306,2025-02-19,West,In-Store,Small Business,Rep_13,Apparel,Winter Coat,3,98.28,0.0,66.54,294.84,199.62
ORD102489,2025-10-10,North,Online,Consumer,Rep_07,Beauty,Face Serum,6,12.04,0.0,7.62,72.24,45.72
ORD101559,2025-08-20,North,In-Store,Small Business,Rep_10,Sports & Outdoors,Yoga Mat,3,53.0,0.0,26.19,159.0,78.57
ORD102410,2025-02-28,South,Marketplace,Small Business,Rep_03,Sports & Outdoors,Cycling Helmet,4,127.03,10.0,63.33,457.31,253.32
ORD101371,2024-06-23,South,In-Store,Small Business,Rep_07,Electronics,Wireless Earbuds,5,206.08,0.0,105.86,1030.4,529.3
ORD102194,2025-10-20,West,Online,Consumer,Rep_10,Beauty,Hair Dryer,2,13.41,0.0,8.22,26.82,16.44
ORD102077,2024-07-04,North,Online,Small Business,Rep_14,Apparel,Backpack,3,108.45,0.0,49.46,325.35,148.38
ORD101683,2024-08-21,North,Online,Small Business,Rep_07,Apparel,Denim Jacket,3,71.77,0.0,33.53,215.31,100.59
ORD100760,2025-02-06,South,In-Store,Consumer,Rep_07,Beauty,Hair Dryer,3,40.53,5.0,26.24,115.51,78.72
ORD100954,2024-02-24,South,In-Store,Small Business,Rep_09,Electronics,Wireless Earbuds,4,117.86,0.0,61.56,471.44,246.24
ORD101470,2024-12-31,North,In-Store,Small Business,Rep_04,Apparel,Yoga Pants,5,106.47,20.0,71.58,425.88,357.9
ORD100650,2024-06-27,North,In-Store,Consumer,Rep_06,Beauty,Face Serum,3,74.95,0.0,35.31,224.85,105.93
ORD100733,2025-10-22,West,In-Store,Consumer,Rep_11,Sports & Outdoors,Cycling Helmet,5,50.88,5.0,23.01,241.68,115.05
ORD102517,2025-11-07,South,Online,Consumer,Rep_03,Apparel,Backpack,3,34.84,0.0,15.7,104.52,47.1
ORD100379,2024-11-18,West,Online,Consumer,Rep_09,Apparel,Backpack,4,64.29,0.0,33.99,257.16,135.96
ORD100564,2024-11-02,East,Online,Consumer,,Electronics,Power Bank,4,54.87,5.0,32.42,208.51,129.68
ORD101200,2025-03-13,West,In-Store,Consumer,Rep_14,Apparel,Yoga Pants,5,69.14,0.0,35.87,345.7,179.35
ORD102558,2025-02-28,South,Online,Consumer,Rep_07,Electronics,Laptop Stand,3,178.45,0.0,115.29,535.35,345.87
ORD100956,2024-09-29,West,Online,Consumer,Rep_07,Apparel,Backpack,5,84.95,0.0,52.48,424.75,262.4
ORD100741,2024-09-05,East,Online,Consumer,Rep_07,Apparel,Backpack,2,78.3,0.0,36.18,156.6,72.36
ORD101740,2024-07-12,East,Marketplace,Small Business,Rep_11,Beauty,Face Serum,1,76.8,10.0,48.68,69.12,48.68
ORD100231,2024-02-22,South,Online,Consumer,Rep_02,Electronics,Power Bank,2,164.64,0.0,97.27,329.28,194.54
ORD100659,2025-12-06,South,In-Store,Enterprise,Rep_14,Apparel,Winter Coat,3,81.31,0.0,53.39,243.93,160.17
ORD100382,2024-11-14,West,Online,Consumer,Rep_08,Electronics,Laptop Stand,9,48.03,5.0,32.32,410.66,290.88
ORD101703,2025-09-05,West,Online,Consumer,Rep_02,Apparel,Backpack,1,98.3,0.0,58.38,98.3,58.38
ORD102098,2024-04-18,East,Online,Consumer,,Home & Kitchen,Blender,1,71.84,0.0,41.13,71.84,41.13
ORD100072,2024-05-25,West,In-Store,Enterprise,Rep_07,Beauty,Skincare Set,3,56.15,20.0,30.18,134.76,90.54
ORD101094,2025-01-05,South,In-Store,Enterprise,Rep_13,Beauty,Perfume,2,84.12,5.0,39.93,159.83,79.86
ORD102493,2024-02-11,North,In-Store,Small Business,Rep_04,Beauty,Makeup Kit,1,89.02,0.0,44.65,89.02,44.65
ORD101907,2024-04-05,East,In-Store,Small Business,Rep_06,Beauty,Skincare Set,1,41.27,5.0,23.66,39.21,23.66
ORD100171,2025-08-21,East,Online,Consumer,Rep_01,Home & Kitchen,Blender,4,151.5,10.0,88.88,545.4,355.52
ORD101820,2024-06-28,West,In-Store,Consumer,Rep_13,Home & Kitchen,Blender,2,166.82,0.0,103.02,333.64,206.04
ORD100168,2025-11-06,South,Online,Consumer,Rep_10,Apparel,Winter Coat,7,100.56,15.0,57.23,598.33,400.61
ORD101517,2024-09-23,North,Online,Consumer,Rep_08,Apparel,Denim Jacket,1,89.86,0.0,47.15,89.86,47.15
ORD101806,2025-09-01,South,Marketplace,Small Business,Rep_14,Electronics,Wireless Earbuds,4,156.29,0.0,95.9,625.16,383.6
ORD101346,2024-07-19,North,Online,Small Business,Rep_12,Apparel,Backpack,2,96.98,0.0,50.84,193.96,101.68
ORD100272,2024-11-02,East,In-Store,Enterprise,Rep_15,Apparel,Yoga Pants,4,29.06,0.0,19.1,116.24,76.4
ORD101215,2025-10-24,West,Marketplace,Consumer,Rep_15,Apparel,Denim Jacket,3,26.03,15.0,12.25,66.38,36.75
ORD100420,2024-05-16,North,In-Store,Consumer,Rep_08,Electronics,Wireless Earbuds,2,45.49,0.0,26.81,90.98,53.62
ORD101118,2024-01-10,East,Online,Consumer,Rep_10,Home & Kitchen,Vacuum Cleaner,4,56.36,5.0,29.12,214.17,116.48
ORD102206,2024-06-14,East,Online,Small Business,Rep_14,Sports & Outdoors,Yoga Mat,4,34.87,0.0,18.3,139.48,73.2
ORD101747,2024-05-11,West,In-Store,Small Business,Rep_06,Apparel,Denim Jacket,4,24.89,0.0,15.6,99.56,62.4
ORD100195,2025-01-05,North,Online,Small Business,Rep_07,Sports & Outdoors,Dumbbell Set,3,22.32,10.0,12.73,60.26,38.19
ORD101066,2024-05-30,East,Online,Consumer,Rep_03,Sports & Outdoors,Camping Tent,4,86.6,0.0,45.19,346.4,180.76
ORD100056,2024-04-14,South,Online,Enterprise,Rep_11,Beauty,Skincare Set,4,59.82,0.0,40.59,239.28,162.36
ORD101127,2025-09-12,South,Marketplace,Small Business,Rep_05,Apparel,Backpack,7,114.99,10.0,71.9,724.44,503.3
ORD102581,2025-05-20,East,Marketplace,Enterprise,Rep_02,Home & Kitchen,Blender,4,52.42,0.0,31.3,209.68,125.2
ORD102056,2024-04-10,West,In-Store,Consumer,Rep_11,Sports & Outdoors,Water Bottle,3,45.82,0.0,26.01,137.46,78.03
ORD100644,2024-12-15,North,In-Store,Consumer,Rep_14,Beauty,Face Serum,5,59.01,0.0,28.0,295.05,140.0
ORD102401,2025-12-10,North,Online,Enterprise,Rep_12,Electronics,Power Bank,5,204.99,5.0,104.02,973.7,520.1
ORD100038,2025-09-24,South,In-Store,Small Business,Rep_09,Electronics,Wireless Earbuds,5,82.79,0.0,38.53,413.95,192.65
ORD100306,2024-10-19,South,Online,Consumer,Rep_14,Sports & Outdoors,Yoga Mat,5,125.88,5.0,84.37,597.93,421.85
ORD101793,2025-12-29, East ,In-Store,Small Business,Rep_10,Electronics,Power Bank,4,132.91,0.0,65.35,531.64,261.4
ORD100006,2024-12-27,West,In-Store,Small Business,Rep_12,Home & Kitchen,Cookware Set,6,35.42,0.0,20.7,212.52,124.2
ORD101104,2025-02-21,East,In-Store,Small Business,Rep_01,Apparel,Backpack,4,25.65,10.0,14.94,92.34,59.76
ORD100782,2024-07-28,North,In-Store,Consumer,Rep_13,ELECTRONICS,Power Bank,5,151.92,0.0,77.59,759.6,387.95
ORD100408,2025-01-27,North,In-Store,Consumer,Rep_13,Sports & Outdoors,Yoga Mat,3,148.17,0.0,87.11,444.51,261.33
ORD102263,2024-01-10,East,Marketplace,Consumer,Rep_14,Home & Kitchen,Blender,4,128.67,0.0,65.6,514.68,262.4
ORD100781,2024-08-29,South,In-Store,Consumer,Rep_10,Home & Kitchen,Blender,1,41.53,0.0,21.23,41.53,21.23
ORD101190,2024-02-25,West,In-Store,Small Business,Rep_11,Electronics,Wireless Earbuds,3,120.34,0.0,80.74,361.02,242.22
ORD100534,2025-09-27,East,Online,Consumer,Rep_15,Apparel,Backpack,1,46.83,0.0,30.8,46.83,30.8
ORD100583,2024-08-09,West,Online,Small Business,Rep_10,Electronics,Laptop Stand,2,58.13,10.0,34.86,104.63,69.72
ORD102355,2025-07-23,North,In-Store,Consumer,Rep_11,Beauty,Hair Dryer,4,25.69,0.0,15.6,102.76,62.4
ORD102628,2024-05-06,West,Online,Small Business,Rep_13,Beauty,Perfume,2,46.54,0.0,24.57,93.08,49.14
ORD102257,2025-08-01,East,Marketplace,Enterprise,Rep_09,Electronics,Laptop Stand,1,70.83,10.0,36.2,63.75,36.2
ORD100846,2024-08-15, West ,Marketplace,Small Business,Rep_04,Home & Kitchen,Cookware Set,7,124.71,0.0,77.24,872.97,540.68
ORD101748,2025-01-22,West,In-Store,Consumer,Rep_05,Home & Kitchen,Cookware Set,1,161.09,0.0,103.6,161.09,103.6
ORD102453,2025-06-10,North,Online,Consumer,Rep_10,Sports & Outdoors,Cycling Helmet,6,120.56,0.0,57.64,723.36,345.84
ORD101957,2025-07-14,East,In-Store,Consumer,Rep_15,Apparel,Backpack,2,60.21,0.0,35.86,120.42,71.72
ORD101351,2024-09-22,North,Marketplace,Small Business,Rep_15,Home & Kitchen,Blender,3,103.99,0.0,64.8,311.97,194.4
ORD102156,2025-02-17,West,Online,Enterprise,Rep_05,APPAREL,Winter Coat,6,46.14,20.0,25.11,221.47,150.66
ORD100813,2024-11-27,East,Marketplace,Consumer,Rep_15,Sports & Outdoors,Water Bottle,6,64.13,0.0,34.32,384.78,205.92
ORD100316,2025-01-04,West,Online,Consumer,Rep_06,Electronics,Laptop Stand,3,184.65,0.0,114.84,553.95,344.52
ORD102392,2024-01-09,East,Online,Small Business,Rep_05,Apparel,Backpack,2,95.39,0.0,47.15,190.78,94.3
ORD102490,2025-02-20,East,Online,Consumer,Rep_07,Beauty,Face Serum,2,63.82,0.0,42.22,127.64,84.44
ORD100516,2025-07-31,East,Online,Consumer,Rep_06,Sports & Outdoors,Camping Tent,1,132.72,5.0,60.42,126.08,60.42
ORD101890,2024-04-02,North,In-Store,Consumer,Rep_06,Sports & Outdoors,Camping Tent,8,129.38,0.0,81.91,1035.04,655.28
ORD100661,2024-11-30,West,In-Store,Small Business,Rep_07,Beauty,Skincare Set,3,72.93,5.0,39.07,207.85,117.21
ORD100533,2025-05-22,North,Online,Consumer,Rep_06,Home & Kitchen,Air Fryer,1,175.58,0.0,92.15,175.58,92.15
ORD101913,2024-07-07,West,Online,Enterprise,Rep_02,Apparel,Yoga Pants,2,72.57,0.0,44.22,145.14,88.44
ORD101875,2025-07-22,East,In-Store,Small Business,Rep_01,Apparel,Running Shoes,1,18.69,5.0,12.52,17.76,12.52
ORD100271,2024-09-05,West,Online,Small Business,Rep_14,Electronics,Power Bank,5,168.74,0.0,101.88,843.7,509.4
ORD100548,2025-04-29,North,Marketplace,Small Business,Rep_12,Home & Kitchen,Coffee Maker,1,137.89,0.0,81.22,137.89,81.22
ORD101692,2025-06-26,South,Online,Enterprise,Rep_09,Apparel,Winter Coat,3,84.04,10.0,40.79,226.91,122.37
ORD101719,2025-09-14,South,Online,Enterprise,Rep_02,Sports & Outdoors,Dumbbell Set,8,56.14,0.0,36.26,449.12,290.08
ORD101477,2024-03-05,South,Marketplace,Consumer,Rep_15,Electronics,Smartwatch,3,42.26,5.0,23.41,120.44,70.23
ORD100964,2024-09-10,North,In-Store,Consumer,Rep_05,Beauty,Face Serum,3,20.59,0.0,11.31,61.77,33.93
ORD102463,2024-06-09,North,Online,Consumer,Rep_09,Electronics,Bluetooth Speaker,5,189.51,5.0,102.48,900.17,512.4
ORD102472,2024-05-12,East,Marketplace,Consumer,Rep_06,Sports & Outdoors,Dumbbell Set,8,74.34,15.0,49.34,505.51,394.72
ORD102418,2024-05-24,South,In-Store,Consumer,Rep_04,Sports & Outdoors,Cycling Helmet,3,60.49,0.0,31.01,181.47,93.03
ORD100598,2025-08-29,West,Online,Enterprise,Rep_10,Apparel,Backpack,4,108.63,5.0,67.36,412.79,269.44
ORD101689,2025-07-14,East,Online,Consumer,Rep_07,Home & Kitchen,Air Fryer,4,157.53,10.0,106.73,567.11,426.92
ORD100894,2024-11-25,North,Online,Consumer,Rep_02,Apparel,Denim Jacket,7,97.9,0.0,65.26,685.3,456.82
ORD102328,2025-01-21,South,Online,Enterprise,Rep_14,Home & Kitchen,Air Fryer,4,98.79,0.0,56.06,395.16,224.24
ORD101775,2024-09-12,East,Marketplace,Consumer,Rep_13,Electronics,Power Bank,-5,124.48,0.0,58.65,622.4,293.25
ORD100570,2024-05-10,East,In-Store,Small Business,Rep_04,Electronics,Smartwatch,3,194.36,20.0,95.26,466.46,285.78
ORD100074,2024-10-07,East,Online,Consumer,Rep_02,Apparel,Yoga Pants,6,90.93,0.0,60.69,545.58,364.14
ORD100061,2025-03-21,West,Marketplace,Consumer,Rep_07,Apparel,Denim Jacket,9,81.38,0.0,42.04,732.42,378.36
ORD101247,2024-06-23,North,Marketplace,Consumer,Rep_09,Beauty,Face Serum,5,23.43,5.0,14.77,111.29,73.85
ORD101560,2025-08-13,South,Online,Consumer,Rep_14,Electronics,Bluetooth Speaker,5,119.26,15.0,59.11,506.86,295.55
ORD100847,2025-10-30,South,Online,Consumer,,Sports & Outdoors,Cycling Helmet,6,68.13,5.0,39.3,388.34,235.8
ORD101259,2025-07-13,East,In-Store,Consumer,Rep_12,Electronics,Wireless Earbuds,6,72.02,0.0,39.99,432.12,239.94
ORD100809,2025-11-26,East,Marketplace,Small Business,Rep_05,Sports & Outdoors,Dumbbell Set,9,121.21,0.0,65.4,1090.89,588.6
ORD100244,2025-08-24,East,Online,Consumer,Rep_07,Sports & Outdoors,Camping Tent,3,21.27,5.0,13.4,60.62,40.2
ORD101049,2024-07-11,East,Marketplace,Consumer,Rep_15,Apparel,Winter Coat,3,59.09,0.0,29.71,177.27,89.13
ORD101938,2025-01-24,North,In-Store,,Rep_07,Sports & Outdoors,Camping Tent,5,146.25,20.0,94.88,585.0,474.4
ORD101246,2025-11-01,South,In-Store,Enterprise,Rep_09,Electronics,Laptop Stand,4,142.07,0.0,84.53,568.28,338.12
ORD100107,2025-09-19,South,In-Store,Consumer,Rep_10,Apparel,Yoga Pants,3,34.81,0.0,17.08,104.43,51.24
ORD100105,2024-12-26,East,Online,Enterprise,Rep_01,Beauty,Perfume,8,61.32,0.0,31.3,490.56,250.4
ORD100673,2025-09-23,North,Marketplace,Consumer,Rep_11,Apparel,Winter Coat,2,34.97,0.0,19.94,69.94,39.88
ORD100642,2024-02-29,North,Online,Consumer,Rep_02,Sports & Outdoors,Camping Tent,3,71.56,10.0,37.59,193.21,112.77
ORD100476,2024-06-24,South,Online,Small Business,Rep_14,Apparel,Yoga Pants,7,112.5,0.0,56.13,787.5,392.91
ORD100665,2024-07-05,South,Online,Small Business,Rep_01,Sports & Outdoors,Cycling Helmet,4,61.41,0.0,28.4,245.64,113.6
ORD100509,2024-09-19,North,In-Store,Consumer,Rep_10,Electronics,Power Bank,4,103.29,0.0,52.89,413.16,211.56
ORD100131,2025-07-02,South,Online,Consumer,Rep_10,Sports & Outdoors,Cycling Helmet,4,117.46,0.0,60.94,469.84,243.76
ORD101640,2024-07-18,South,Online,Consumer,Rep_15,Beauty,Hair Dryer,3,63.01,0.0,31.33,189.03,93.99
ORD100444,2025-11-23,East,Online,Consumer,Rep_15,Home & Kitchen,Vacuum Cleaner,5,171.63,0.0,114.7,858.15,573.5
ORD102356,2024-08-01,East,Marketplace,Consumer,Rep_01,Beauty,Makeup Kit,3,83.71,0.0,42.14,251.13,126.42
ORD101532,2025-10-13,South,Online,Small Business,Rep_10,Electronics,Wireless Earbuds,4,106.33,,48.82,425.32,195.28
ORD100866,2025-04-19,North,Marketplace,Consumer,Rep_10,Home & Kitchen,Blender,5,103.56,0.0,58.2,517.8,291.0
ORD101736,2025-08-04,South,In-Store,Consumer,Rep_06,Sports & Outdoors,Water Bottle,6,51.84,0.0,31.79,311.04,190.74
ORD102009,2025-08-07,North,Online,Small Business,Rep_05,Home & Kitchen,Cookware Set,1,158.49,0.0,105.62,158.49,105.62
ORD101539,2025-01-18,South,Marketplace,Enterprise,Rep_05,Beauty,Skincare Set,1,23.38,15.0,13.3,19.87,13.3
ORD101060,2024-10-21,South,Online,Small Business,Rep_12,Electronics,Bluetooth Speaker,4,76.45,10.0,42.93,275.22,171.72
ORD100208,2024-10-18,West,In-Store,Small Business,Rep_07,Apparel,Denim Jacket,7,116.25,0.0,78.12,813.75,546.84
ORD100057,2024-09-06,South,Online,Consumer,Rep_01,Home & Kitchen,Vacuum Cleaner,5,82.87,0.0,50.22,414.35,251.1
ORD100665,2024-07-05,South,Online,Small Business,Rep_01,Sports & Outdoors,Cycling Helmet,4,61.41,0.0,28.4,245.64,113.6
ORD100102,2024-11-04,West,Online,Small Business,Rep_10,Home & Kitchen,Air Fryer,7,142.4,0.0,86.79,996.8,607.53
ORD101873,2025-10-19,East,Marketplace,Consumer,Rep_08,Home & Kitchen,Cookware Set,5,120.8,5.0,66.89,573.8,334.45
ORD101991,2025-09-19,West,Online,Small Business,Rep_09,Apparel,Denim Jacket,1,36.53,5.0,19.03,34.7,19.03
ORD101345,2024-06-12,South,Online,Small Business,Rep_05,Home & Kitchen,Blender,7,63.64,0.0,42.2,445.48,295.4
ORD102135,2024-01-23,West,Online,Consumer,Rep_07,Apparel,Backpack,1,61.85,10.0,35.33,55.66,35.33
ORD101930,2024-08-19,North,Marketplace,Consumer,Rep_13,Electronics,Laptop Stand,1,156.62,0.0,85.12,156.62,85.12
ORD102329,2024-01-27,South,In-Store,Consumer,Rep_07,Beauty,Skincare Set,4,83.84,0.0,38.22,335.36,152.88
ORD100086,2024-12-26,North,Marketplace,Small Business,Rep_12,Apparel,Backpack,9,104.9,5.0,50.37,896.9,453.33
ORD102582,2024-07-17,East,Marketplace,Enterprise,Rep_13,Home & Kitchen,Vacuum Cleaner,2,167.9,0.0,106.43,335.8,212.86
ORD102341,2025-05-12,West,Online,Small Business,Rep_12,Electronics,Laptop Stand,3,153.62,5.0,71.6,437.82,214.8
ORD100771,2024-09-04,South,In-Store,Consumer,Rep_15,Apparel,Backpack,7,40.21,0.0,20.47,281.47,143.29
ORD101358,2025-03-06,South,Marketplace,Consumer,Rep_11,Home & Kitchen,Cookware Set,4,23.23,0.0,15.47,92.92,61.88
ORD102112,2025-05-28,South,Online,Small Business,Rep_01,Sports & Outdoors,Camping Tent,6,118.69,0.0,78.77,712.14,472.62
ORD101539,2025-01-18,South,Marketplace,Enterprise,Rep_05,Beauty,Skincare Set,1,23.38,15.0,13.3,19.87,13.3
ORD101249,2025-10-04,West,In-Store,Consumer,Rep_07,Apparel,Backpack,3,82.38,0.0,50.81,247.14,152.43
ORD102190,2025-08-12,North,Marketplace,Small Business,Rep_07,Sports & Outdoors,Water Bottle,5,26.35,10.0,14.78,118.58,73.9
ORD100708,2025-02-11,East,In-Store,Small Business,Rep_04,Home & Kitchen,Air Fryer,2,165.22,5.0,76.45,313.92,152.9
ORD101109,2025-04-22,North,In-Store,Consumer,Rep_02,Apparel,Yoga Pants,1,48.05,0.0,30.86,48.05,30.86
ORD102361,2024-05-10,North,In-Store,Consumer,Rep_08,Electronics,Bluetooth Speaker,6,175.62,10.0,87.82,948.35,526.92
ORD102130,2024-07-07,South,In-Store,Small Business,Rep_10,Home & Kitchen,Blender,1,30.03,0.0,15.4,30.03,15.4
ORD100785,2025-04-29,East,Online,Consumer,Rep_13,Apparel,Backpack,2,26.12,15.0,15.19,44.4,30.38
ORD100429,2025-11-26,West,Online,Small Business,Rep_14,Beauty,Makeup Kit,6,21.67,0.0,13.69,130.02,82.14
ORD100538,2025-07-13,South,Online,Small Business,Rep_02,Electronics,Laptop Stand,4,212.4,10.0,107.39,764.64,429.56
ORD100675,2024-04-16,North,Online,Consumer,Rep_04,Apparel,Denim Jacket,1,110.76,0.0,64.88,110.76,64.88
ORD102353,2024-07-04,North,Marketplace,Consumer,Rep_08,Electronics,Laptop Stand,3,145.4,0.0,84.44,436.2,253.32
ORD102358,2024-03-30,East,In-Store,Small Business,Rep_10,ELECTRONICS,Power Bank,4,149.9,0.0,82.31,599.6,329.24
ORD102164,2024-03-20,East,Online,Consumer,Rep_08,Beauty,Face Serum,4,68.93,0.0,34.03,275.72,136.12
ORD100418,2024-01-28,South,Online,Small Business,Rep_06,Home & Kitchen,Blender,4,108.62,0.0,49.02,434.48,196.08
ORD101461,2024-07-12,East,In-Store,Small Business,Rep_01,Home & Kitchen,Vacuum Cleaner,1,44.8,0.0,22.18,44.8,22.18
ORD101484,2024-12-04,North,Online,Consumer,Rep_12,Sports & Outdoors,Camping Tent,1,17.2,5.0,7.8,16.34,7.8
ORD100497,2024-05-23,East,In-Store,,Rep_06,Sports & Outdoors,Water Bottle,4,122.28,0.0,79.62,489.12,318.48
ORD101597,2024-03-30,East,Online,Enterprise,Rep_09,Electronics,Smartwatch,4,43.04,5.0,27.99,163.55,111.96
ORD101073,2025-05-12,East,Marketplace,Consumer,Rep_02,Beauty,Face Serum,6,19.42,20.0,9.76,93.22,58.56
ORD102473,2024-07-14,North,In-Store,Consumer,Rep_02,Electronics,Smartwatch,3,154.04,15.0,90.71,392.8,272.13
ORD102571,2025-08-06,West,In-Store,Small Business,Rep_05,Electronics,Smartwatch,2,177.79,0.0,103.37,355.58,206.74
ORD102144,2024-11-08,East,Online,Consumer,Rep_13,Electronics,Laptop Stand,7,130.21,0.0,62.5,911.47,437.5
ORD100851,2025-08-26,West,Marketplace,Small Business,Rep_13,Apparel,Yoga Pants,4,38.66,5.0,23.63,146.91,94.52
ORD101004,2025-12-05,West,Online,Consumer,Rep_13,Beauty,Face Serum,3,20.17,,13.35,54.46,40.05
ORD101834,2025-07-14,East,Online,Consumer,Rep_05,Home & Kitchen,Air Fryer,3,45.47,0.0,24.93,136.41,74.79
ORD101759,2025-03-29,North,Online,Consumer,Rep_05,Apparel,Backpack,4,31.25,5.0,14.29,118.75,57.16
ORD102106,2024-11-29,South,Online,Consumer,Rep_13,Electronics,Smartwatch,5,131.2,0.0,64.71,656.0,323.55
ORD101598,2024-03-29,East,In-Store,Consumer,Rep_09,Sports & Outdoors,Camping Tent,1,19.45,5.0,9.45,18.48,9.45
ORD100436,2025-09-08,North,Marketplace,Enterprise,Rep_05,Electronics,Wireless Earbuds,1,46.08,0.0,28.5,46.08,28.5
ORD101316,2024-10-17,North,In-Store,Consumer,Rep_10,Home & Kitchen,Coffee Maker,2,89.14,0.0,58.09,178.28,116.18
ORD101279,2025-10-14,East,Marketplace,Small Business,Rep_04,Home & Kitchen,Blender,6,92.92,0.0,57.76,557.52,346.56
ORD101623,2024-09-06,East,In-Store,Small Business,Rep_06,Home & Kitchen,Vacuum Cleaner,5,109.24,10.0,58.33,491.58,291.65
ORD101480,2024-12-10,South,In-Store,Consumer,Rep_02,Apparel,Denim Jacket,13,79.44,5.0,44.98,981.08,584.74
ORD101785,2024-07-20,West,Online,Consumer,Rep_15,Electronics,Laptop Stand,5,128.98,0.0,77.95,644.9,389.75
ORD101648,2024-11-01,North,Marketplace,Consumer,Rep_03,Apparel,Backpack,5,112.39,5.0,66.74,533.85,333.7
ORD101003,2024-05-21,West,Marketplace,Consumer,Rep_07,Apparel,Winter Coat,5,112.4,0.0,75.6,562.0,378.0
ORD101278,2024-04-04,South,Online,Consumer,Rep_05,Home & Kitchen,Vacuum Cleaner,1,168.82,10.0,79.05,151.94,79.05
ORD101032,2025-08-10,West,Online,Consumer,Rep_02,Apparel,Winter Coat,3,59.74,5.0,38.72,170.26,116.16
ORD102115,2024-06-12,East,Marketplace,Enterprise,Rep_06,Electronics,Bluetooth Speaker,4,161.24,5.0,76.18,612.71,304.72
ORD102158,2024-10-03,East,Marketplace,Consumer,Rep_08,Home & Kitchen,Blender,8,177.02,5.0,103.61,1345.35,828.88
ORD102573,2025-09-19,East,In-Store,Small Business,Rep_12,Sports & Outdoors,Cycling Helmet,2,105.11,15.0,63.34,178.69,126.68
ORD101836,2025-01-26,West,In-Store,Consumer,Rep_12,Electronics,Bluetooth Speaker,2,122.58,0.0,59.13,245.16,118.26
ORD102534,2025-09-05,West,Marketplace,Consumer,Rep_04,Home & Kitchen,Vacuum Cleaner,2,68.04,0.0,44.33,136.08,88.66
ORD100304,2025-11-13,North,Online,Small Business,Rep_01,Electronics,Wireless Earbuds,3,104.16,0.0,54.2,312.48,162.6
ORD102326,2024-10-10,South,In-Store,Consumer,Rep_01,Apparel,Backpack,2,103.18,0.0,54.82,206.36,109.64
ORD102055,2024-01-23,East,In-Store,Consumer,Rep_02,Home & Kitchen,Cookware Set,5,36.52,10.0,18.72,164.34,93.6
ORD101098,2025-08-01,North,Online,Consumer,Rep_11,Sports & Outdoors,Yoga Mat,4,92.31,10.0,47.08,332.32,188.32
ORD101441,2025-07-15,East,Online,Enterprise,Rep_05,Electronics,Laptop Stand,2,29.49,15.0,14.24,50.13,28.48
ORD101546,2024-09-14,East,In-Store,Consumer,Rep_15,Electronics,Bluetooth Speaker,6,85.77,0.0,46.1,514.62,276.6
ORD100335,2025-07-29,North,Online,Enterprise,Rep_04,Apparel,Yoga Pants,5,64.35,0.0,32.26,321.75,161.3
ORD100995,2024-03-29,North,In-Store,Consumer,Rep_02,Beauty,Makeup Kit,4,30.65,5.0,16.01,116.47,64.04
ORD100569,2025-07-21,North,Marketplace,Consumer,Rep_06,Electronics,Smartwatch,1,48.56,0.0,22.5,48.56,22.5
ORD101614,2024-04-13,West,In-Store,Consumer,Rep_02,Home & Kitchen,Coffee Maker,4,139.56,0.0,93.22,558.24,372.88
ORD100088,2024-10-11,North,In-Store,Small Business,Rep_03,Home & Kitchen,Coffee Maker,3,145.15,0.0,78.41,435.45,235.23
ORD100874,2025-05-27,East,Online,Small Business,Rep_10,Home & Kitchen,Air Fryer,4,43.48,15.0,26.68,147.83,106.72
ORD102423,2024-05-02,East,Online,Enterprise,Rep_12,Apparel,Denim Jacket,3,15.93,0.0,8.04,47.79,24.12
ORD102497,2025-05-23,North,Online,Consumer,Rep_03,Beauty,Perfume,2,88.4,0.0,57.97,176.8,115.94
ORD101241,2025-04-13,West,Online,Consumer,Rep_11,Beauty,Makeup Kit,1,40.64,10.0,18.82,36.58,18.82
ORD102336,2025-11-23,West,Online,Small Business,Rep_11,Apparel,Denim Jacket,5,113.33,5.0,60.09,538.32,300.45
ORD100712,2025-05-15,South,Online,Small Business,Rep_14,Apparel,Yoga Pants,2,19.89,5.0,10.99,37.79,21.98
ORD101068,2024-02-04,North,In-Store,Consumer,Rep_14,Electronics,Wireless Earbuds,1,44.87,0.0,25.35,44.87,25.35
ORD101880,2024-12-25,East,Online,Consumer,Rep_05,ELECTRONICS,Bluetooth Speaker,8,30.69,0.0,14.72,245.52,117.76
ORD101197,2025-03-31,North,Marketplace,Small Business,Rep_01,Apparel,Yoga Pants,3,71.17,0.0,40.69,213.51,122.07
ORD102579,2024-09-15,West,Marketplace,Consumer,Rep_12,Sports & Outdoors,Camping Tent,2,36.27,0.0,24.37,72.54,48.74
ORD102216,2025-01-14,South,Online,Enterprise,Rep_07,Home & Kitchen,Air Fryer,5,155.79,0.0,93.51,778.95,467.55
ORD100221,2024-12-13,East,In-Store,Enterprise,Rep_10,Beauty,Skincare Set,5,28.9,10.0,15.91,130.05,79.55
ORD100319,2025-05-13,West,Marketplace,Consumer,Rep_14,Home & Kitchen,Air Fryer,4,139.34,0.0,70.87,557.36,283.48
ORD100519,2024-10-14,South,Online,Small Business,Rep_04,Home & Kitchen,Cookware Set,4,89.01,0.0,49.07,356.04,196.28
ORD100878,2024-10-15,West,Online,Enterprise,Rep_03,Home & Kitchen,Vacuum Cleaner,2,115.93,0.0,71.93,231.86,143.86
ORD100629,2024-06-16,West,Online,Consumer,Rep_06,Home & Kitchen,Cookware Set,3,65.14,0.0,39.57,195.42,118.71
ORD100825,2025-10-02,North,In-Store,Consumer,Rep_14,Home & Kitchen,Vacuum Cleaner,1,91.32,0.0,42.5,91.32,42.5
ORD101198,2024-03-26,East,In-Store,Small Business,Rep_05,Sports & Outdoors,Water Bottle,5,39.9,0.0,18.82,199.5,94.1
ORD101290,2024-09-03,East,Online,Enterprise,,Electronics,Bluetooth Speaker,2,103.58,0.0,57.22,207.16,114.44
ORD101030,2024-02-07,South,Online,Consumer,Rep_03,Sports & Outdoors,Dumbbell Set,3,3523.5,0.0,36.58,211.41,109.74
ORD101992,2025-10-16,South,Online,Consumer,Rep_11,Electronics,Laptop Stand,3,100.42,15.0,50.21,256.07,150.63
ORD102287,2024-10-16,East,Online,Enterprise,Rep_12,Electronics,Bluetooth Speaker,1,122.62,0.0,75.85,122.62,75.85
ORD102268,2025-01-22,West,Online,Consumer,Rep_02,Apparel,Running Shoes,7,33.02,10.0,20.28,208.03,141.96
ORD100138,2025-12-09,North,In-Store,Consumer,Rep_04,Electronics,Bluetooth Speaker,8,171.85,0.0,98.19,1374.8,785.52
ORD100163,2024-09-28,South,In-Store,Consumer,Rep_06,Home & Kitchen,Cookware Set,3,170.33,0.0,92.9,510.99,278.7
ORD101463,2025-08-27, North ,Online,Consumer,Rep_09,Home & Kitchen,Vacuum Cleaner,2,161.76,5.0,81.08,307.34,162.16
ORD101618,2024-10-11,East,In-Store,Small Business,Rep_10,Apparel,Yoga Pants,2,84.6,,38.26,169.2,76.52
ORD101678,2025-11-08,North,In-Store,Consumer,Rep_05,Sports & Outdoors,Yoga Mat,13,93.21,0.0,63.07,1211.73,819.91
ORD100001,2025-12-13,East,Online,Enterprise,Rep_10,Beauty,Hair Dryer,7,47.34,0.0,26.48,331.38,185.36
ORD101579,2025-08-24,West,Online,Small Business,Rep_04,Sports & Outdoors,Camping Tent,3,32.58,5.0,17.91,92.85,53.73
ORD101791,2024-06-22,West,Marketplace,Consumer,Rep_09,Home & Kitchen,Cookware Set,9,147.88,15.0,94.35,1131.28,849.15
ORD101045,2025-12-22,North,In-Store,Enterprise,Rep_01,Home & Kitchen,Air Fryer,8,124.1,20.0,62.39,794.24,499.12
ORD100960,2024-04-11,North,In-Store,Consumer,Rep_08,Home & Kitchen,Blender,1,176.35,0.0,108.61,176.35,108.61
ORD102270,2025-11-25,East,Marketplace,Consumer,Rep_05,Home & Kitchen,Air Fryer,4,120.11,0.0,79.6,480.44,318.4
ORD101750,2025-01-03,North,Online,Small Business,Rep_15,Home & Kitchen,Cookware Set,4,118.07,5.0,69.96,448.67,279.84
ORD101547,2025-08-02,East,Online,Small Business,Rep_05,Home & Kitchen,Coffee Maker,7,120.63,0.0,72.9,844.41,510.3
ORD102288,2025-04-17,North,In-Store,Small Business,Rep_13,Sports & Outdoors,Camping Tent,2,119.4,0.0,68.25,238.8,136.5
ORD101830,2025-01-10, West ,Marketplace,Consumer,Rep_14,Sports & Outdoors,Cycling Helmet,5,92.28,15.0,42.26,392.19,211.3
ORD101998,2024-07-03,North,In-Store,Consumer,Rep_11,Sports & Outdoors,Camping Tent,3,27.61,0.0,16.4,82.83,49.2
ORD101504,2025-03-22,South,Online,Consumer,Rep_07,Beauty,Perfume,2,43.27,0.0,26.7,86.54,53.4
ORD101602,2025-03-21,South,Online,Consumer,Rep_10,Apparel,Backpack,1,105.54,5.0,49.51,100.26,49.51
ORD101869,2025-08-27,East,In-Store,Consumer,Rep_05,Electronics,Smartwatch,4,171.04,0.0,111.37,684.16,445.48
ORD102061,2025-02-03,West,Online,Consumer,Rep_15,Beauty,Makeup Kit,6,24.9,0.0,14.38,149.4,86.28
ORD102644,2025-12-09,West,Online,Consumer,Rep_02,Apparel,Backpack,6,16.83,0.0,7.78,100.98,46.68
ORD100962,2025-07-29,West,In-Store,Consumer,Rep_13,Beauty,Face Serum,4,51.0,0.0,24.45,204.0,97.8
ORD101059,2025-05-29,East,In-Store,Consumer,Rep_12,Home & Kitchen,Coffee Maker,2,91.83,20.0,44.36,146.93,88.72
ORD100633,2024-07-09,South,Online,Consumer,Rep_13,Apparel,Winter Coat,2,63.7,0.0,31.04,127.4,62.08
ORD101242,2025-03-16,East,Online,Consumer,Rep_06,Apparel,Yoga Pants,8,57.84,20.0,33.84,370.18,270.72
ORD101642,2024-02-20,West,Marketplace,Enterprise,Rep_14,Home & Kitchen,Coffee Maker,3,27.26,5.0,15.97,77.69,47.91
ORD102430,2024-06-07,East,Online,Consumer,Rep_11,Beauty,Makeup Kit,3,75.74,10.0,41.51,204.5,124.53
ORD100655,2024-05-28,West,Marketplace,Consumer,Rep_05,Sports & Outdoors,Cycling Helmet,10,88.12,0.0,44.92,881.2,449.2
ORD100016,2024-05-22,East,In-Store,Consumer,Rep_13,Electronics,Wireless Earbuds,2,123.38,0.0,56.92,246.76,113.84
ORD102414,2025-10-03,North,Online,Consumer,Rep_04,Apparel,Backpack,2,53.1,0.0,24.61,106.2,49.22
ORD102512,2025-06-23,North,In-Store,Consumer,Rep_04,Home & Kitchen,Coffee Maker,7,138.61,0.0,63.58,970.27,445.06
ORD100137,2025-01-15, North ,Online,Small Business,Rep_03,Electronics,Smartwatch,2,217.5,0.0,147.46,435.0,294.92
ORD102105,2025-09-26,East,Online,Small Business,Rep_06,Home & Kitchen,Coffee Maker,5,97.85,0.0,62.97,489.25,314.85
ORD101581,2025-04-06,North,Online,Consumer,Rep_11,Electronics,Wireless Earbuds,2,194.06,0.0,89.94,388.12,179.88
ORD100697,2025-03-26,North,Online,Consumer,,Electronics,Power Bank,2,219.8,5.0,129.92,417.62,259.84
ORD101097,2025-07-31,North,Online,Consumer,Rep_01,Beauty,Perfume,3,73.54,0.0,48.8,220.62,146.4
ORD102516,2025-12-10,North,In-Store,Enterprise,Rep_03,Home & Kitchen,Cookware Set,10,123.64,5.0,82.76,1174.58,827.6
ORD102334,2024-02-23,South,Online,Consumer,Rep_01,Apparel,Denim Jacket,3,34.56,0.0,15.97,103.68,47.91
ORD102402,2024-12-18,East,Marketplace,Consumer,Rep_05,Electronics,Smartwatch,5,103.4,0.0,63.2,517.0,316.0
ORD100448,2024-09-01,South,Online,Consumer,Rep_08,Home & Kitchen,Cookware Set,2,59.57,0.0,34.38,119.14,68.76
ORD101392,2025-09-17,East,Marketplace,Consumer,Rep_15,Home & Kitchen,Cookware Set,1,36.98,0.0,19.96,36.98,19.96
ORD100035,2024-11-23,West,Marketplace,Consumer,Rep_10,Apparel,Backpack,7,51.38,0.0,32.6,359.66,228.2
ORD101266,2025-04-18,North,Marketplace,Small Business,Rep_05,Home & Kitchen,Cookware Set,7,98.28,0.0,49.37,687.96,345.59
ORD100327,2025-06-02,North,In-Store,Small Business,Rep_10,Apparel,Running Shoes,2,46.88,5.0,23.93,89.07,47.86
ORD100317,2025-08-15,East,Online,Small Business,Rep_14,Electronics,Laptop Stand,3,62.42,0.0,35.53,187.26,106.59
ORD100135,2024-09-26,North,Marketplace,Consumer,Rep_01,Electronics,Bluetooth Speaker,3,131.91,0.0,86.25,395.73,258.75
ORD101169,2024-01-05,South,Online,Small Business,Rep_14,Electronics,Laptop Stand,3,189.89,0.0,118.5,569.67,355.5
ORD101552,2024-03-29,East,In-Store,Consumer,Rep_04,Electronics,Power Bank,6,86.31,5.0,45.63,491.97,273.78
ORD100526,2024-06-04,North,Online,Consumer,Rep_08,Beauty,Perfume,2,33.11,0.0,15.96,66.22,31.92
ORD100087,2025-07-24,East,Marketplace,Consumer,Rep_10,Electronics,Bluetooth Speaker,5,46.59,0.0,22.55,232.95,112.75
ORD101503,2024-01-06,West,Online,Consumer,Rep_06,Beauty,Makeup Kit,4,81.02,0.0,37.31,324.08,149.24
ORD101362,2024-05-24,East,Online,Enterprise,Rep_02,Home & Kitchen,Coffee Maker,4,65.67,0.0,44.53,262.68,178.12
ORD102280,2025-11-09,North,Online,Consumer,Rep_01,Home & Kitchen,Air Fryer,5,61.65,15.0,40.85,262.01,204.25
ORD102054,2025-03-26,East,In-Store,Consumer,Rep_14,Electronics,Laptop Stand,1,189.65,0.0,110.42,189.65,110.42
ORD101681,2024-01-19,East,Marketplace,Consumer,Rep_14,Sports & Outdoors,Cycling Helmet,1,130.72,0.0,76.7,130.72,76.7
ORD100148,2025-08-07,West,Online,Small Business,Rep_06,Electronics,Laptop Stand,5,62.95,0.0,41.55,314.75,207.75
ORD100303,2024-05-04,South,Online,Consumer,Rep_14,Sports & Outdoors,Cycling Helmet,1,89.4,0.0,49.32,89.4,49.32
ORD102420,2025-06-17,North,In-Store,Consumer,Rep_01,Apparel,Running Shoes,3,114.33,0.0,52.38,342.99,157.14
ORD101017,2025-03-29,East,In-Store,Enterprise,Rep_03,Beauty,Perfume,3,60.0,0.0,28.86,180.0,86.58
ORD101924,2024-06-18,West,In-Store,Small Business,Rep_06,Sports & Outdoors,Cycling Helmet,3,126.87,20.0,84.82,304.49,254.46
ORD101052,2025-05-14,South,Marketplace,Consumer,Rep_07,Electronics,Laptop Stand,6,148.7,0.0,78.57,892.2,471.42
ORD102440,2024-07-12,East,In-Store,Enterprise,Rep_09,Electronics,Smartwatch,1,202.92,5.0,127.73,192.77,127.73
ORD100365,2025-08-31,South,Marketplace,Consumer,Rep_11,Electronics,Smartwatch,1,181.21,0.0,111.85,181.21,111.85
ORD100589,2025-11-19,South,Marketplace,Consumer,Rep_02,Sports & Outdoors,Cycling Helmet,3,113.5,10.0,59.47,306.45,178.41
ORD102101,2024-09-22,East,Online,Consumer,Rep_04,Apparel,Running Shoes,5,56.92,0.0,36.59,284.6,182.95
ORD101904,2024-11-09,East,Online,Consumer,Rep_08,BEAUTY,Skincare Set,5,83.55,0.0,48.41,417.75,242.05
ORD100162,2024-05-27,East,In-Store,Consumer,Rep_08,Beauty,Skincare Set,2,45.06,0.0,28.23,90.12,56.46
ORD100198,2024-11-19,East,Online,Consumer,Rep_01,Electronics,Bluetooth Speaker,4,96.05,0.0,65.11,384.2,260.44
ORD101794,2024-07-03,East,Online,Small Business,Rep_15,Apparel,Winter Coat,1,70.6,0.0,38.71,70.6,38.71
ORD101526,2025-10-30,North,In-Store,Consumer,Rep_15,Apparel,Winter Coat,4,27.33,0.0,18.37,109.32,73.48
ORD101768,2024-03-02,North,Online,Consumer,Rep_15,Electronics,Wireless Earbuds,1,181.23,5.0,88.85,172.17,88.85
ORD102613,2025-05-02,West,Online,Consumer,Rep_14,Home & Kitchen,Air Fryer,3,138.7,0.0,89.82,416.1,269.46
ORD100192,2024-05-16,West,Online,Consumer,Rep_03,Apparel,Denim Jacket,4,25.87,0.0,11.87,103.48,47.48
ORD100404,2024-07-16,East,Marketplace,Consumer,Rep_10,Apparel,Winter Coat,8,66.88,0.0,41.12,535.04,328.96
ORD102372,2025-06-03,West,Marketplace,Consumer,Rep_14,Sports & Outdoors,Dumbbell Set,7,42.16,0.0,23.34,295.12,163.38
ORD100250,2024-08-23,West,Marketplace,Consumer,Rep_10,Beauty,Face Serum,1,15.62,0.0,9.94,15.62,9.94
ORD100483,2024-05-02,North,Online,Small Business,Rep_05,Apparel,Running Shoes,5,63.72,0.0,33.19,318.6,165.95
ORD101182,2024-02-16,South,In-Store,Consumer,Rep_03,Sports & Outdoors,Yoga Mat,4,119.8,10.0,67.4,431.28,269.6
ORD101339,2025-08-10,West,Online,Consumer,Rep_13,Apparel,Yoga Pants,3,19.29,20.0,12.45,46.3,37.35
ORD101280,2024-03-19,West,Online,Consumer,Rep_10,Sports & Outdoors,Dumbbell Set,5,76.89,10.0,40.0,346.0,200.0
ORD101031,2024-10-14,North,Marketplace,Consumer,Rep_05,Electronics,Smartwatch,3,215.01,0.0,103.67,645.03,311.01
ORD101632,2024-10-18, South ,Marketplace,Small Business,Rep_03,Apparel,Running Shoes,1,66.83,0.0,44.46,66.83,44.46
ORD100791,2024-08-06,East,In-Store,Enterprise,Rep_10,Beauty,Hair Dryer,4,34.48,5.0,17.22,131.02,68.88
ORD100799,2024-11-18,South,Online,Consumer,Rep_03,Home & Kitchen,Cookware Set,6,70.02,10.0,37.45,378.11,224.7
ORD100384,2025-07-17,North,Online,Consumer,Rep_09,Home & Kitchen,Coffee Maker,2,63.47,0.0,39.0,126.94,78.0
ORD100750,2025-12-18,North,Marketplace,Consumer,Rep_09,Sports & Outdoors,Camping Tent,4,36.74,0.0,21.58,146.96,86.32
ORD101201,2024-08-07,East,Online,Consumer,Rep_10,Sports & Outdoors,Camping Tent,4,87.49,15.0,52.67,297.47,210.68
ORD100422,2025-05-03,South,Marketplace,Small Business,Rep_06,Electronics,Smartwatch,1,197.38,0.0,130.26,197.38,130.26
ORD101864,2024-05-15,East,Marketplace,Consumer,Rep_08,ELECTRONICS,Laptop Stand,2,77.63,0.0,35.53,155.26,71.06
ORD100314,2024-03-29,South,Online,Consumer,Rep_08,Beauty,Makeup Kit,1,25.1,15.0,12.15,21.34,12.15
ORD102534,2025-09-05,West,Marketplace,Consumer,Rep_04,Home & Kitchen,Vacuum Cleaner,2,68.04,0.0,44.33,136.08,88.66
ORD101021,2024-12-19,West,Online,Small Business,Rep_08,Electronics,Smartwatch,6,105.46,0.0,67.22,632.76,403.32
ORD101381,2025-04-29,South,Marketplace,Consumer,Rep_05,Home & Kitchen,Cookware Set,2,76.6,0.0,46.9,153.2,93.8
ORD101883,2025-08-28,North,Online,Consumer,Rep_03,Home & Kitchen,Air Fryer,2,36.17,0.0,20.88,72.34,41.76
ORD102640,2025-04-08,West,In-Store,Small Business,Rep_02,Home & Kitchen,Air Fryer,2,86.46,0.0,51.12,172.92,102.24
ORD101322,2024-12-17,South,In-Store,Consumer,Rep_01,Apparel,Running Shoes,6,15.63,10.0,7.42,84.4,44.52
ORD101479,2025-07-12,North,Marketplace,Consumer,Rep_08,Sports & Outdoors,Camping Tent,6,98.14,0.0,56.37,588.84,338.22
ORD100543,2025-02-12,South,In-Store,Consumer,Rep_11,Electronics,Bluetooth Speaker,5,36.59,0.0,19.09,182.95,95.45
ORD100913,2025-12-25,East,Online,Consumer,Rep_12,Apparel,Winter Coat,6,68.99,5.0,35.36,393.24,212.16
ORD101928,2024-01-17,East,In-Store,Consumer,Rep_03,Home & Kitchen,Blender,3,99.64,5.0,46.65,283.97,139.95
ORD100662,2024-08-19,North,Online,Small Business,Rep_03,Electronics,Smartwatch,3,209.69,0.0,98.08,629.07,294.24
ORD102388,2024-10-21,South,In-Store,Small Business,Rep_05,Home & Kitchen,Coffee Maker,2,61.69,0.0,38.92,123.38,77.84
ORD101529,2025-11-16,East,Marketplace,Consumer,Rep_01,Electronics,Smartwatch,8,104.7,0.0,56.08,837.6,448.64
ORD100902,2025-08-01,East,In-Store,Small Business,Rep_07,Home & Kitchen,Cookware Set,8,59.81,0.0,40.01,478.48,320.08
ORD102648,2024-10-16,West,In-Store,Small Business,Rep_12,Beauty,Hair Dryer,5,67.87,0.0,35.71,339.35,178.55
ORD100685,2025-05-25,North,Online,Small Business,Rep_06,Apparel,Running Shoes,5,92.71,15.0,63.0,394.02,315.0
ORD101551,2024-08-20,West,Online,Consumer,Rep_02,Home & Kitchen,Blender,5,173.3,0.0,112.16,866.5,560.8
ORD100433,2024-04-27,West,Marketplace,Small Business,Rep_04,Home & Kitchen,Air Fryer,3,44.65,0.0,24.39,133.95,73.17
ORD100159,2024-11-21,North,Online,Small Business,Rep_03,Home & Kitchen,Blender,7,54.66,0.0,29.04,382.62,203.28
ORD100999,2024-06-24,North,Online,Consumer,Rep_05,Apparel,Yoga Pants,6,101.07,5.0,56.33,576.1,337.98
ORD101823,2025-04-11,East,In-Store,Consumer,Rep_10,Electronics,Wireless Earbuds,4,91.77,0.0,56.62,367.08,226.48
ORD102178,2024-07-21,North,Online,Enterprise,Rep_03,Home & Kitchen,Vacuum Cleaner,2,164.82,0.0,88.97,329.64,177.94
ORD101384,2024-06-05,South,Online,Consumer,Rep_02,ELECTRONICS,Power Bank,1,75.81,15.0,44.44,64.44,44.44
ORD102519,2024-05-05,North,In-Store,Consumer,Rep_06,Beauty,Perfume,2,28.86,0.0,14.76,57.72,29.52
ORD100202,2024-01-22,West,In-Store,Consumer,Rep_08,Apparel,Yoga Pants,3,116.98,0.0,76.0,350.94,228.0
ORD101023,2025-11-30,East,Marketplace,Consumer,Rep_15,Beauty,Hair Dryer,2,44.6,10.0,22.14,80.28,44.28
ORD100842,2025-10-05,North,In-Store,Enterprise,Rep_08,Home & Kitchen,Coffee Maker,2,161.42,15.0,95.41,274.41,190.82
ORD102437,2024-02-16,West,Marketplace,Consumer,Rep_06,Electronics,Smartwatch,3,78.79,5.0,49.46,224.55,148.38
ORD102067,2025-02-19,East,In-Store,Consumer,Rep_06,SPORTS & OUTDOORS,Dumbbell Set,3,94.69,0.0,48.18,284.07,144.54
ORD100112,2025-11-15,East,Online,Small Business,Rep_11,Home & Kitchen,Cookware Set,7,155.84,0.0,100.94,1090.88,706.58
ORD102543,2024-09-25,North,Online,Consumer,Rep_13,Beauty,Hair Dryer,5,41.1,0.0,26.76,205.5,133.8
ORD101446,2025-05-19,East,In-Store,Consumer,Rep_02,Apparel,Denim Jacket,3,34.48,5.0,18.53,98.27,55.59
ORD101952,2024-03-19,North,Online,Consumer,Rep_07,Home & Kitchen,Cookware Set,4,172.0,15.0,103.69,584.8,414.76
ORD100922,2025-03-22,West,Marketplace,Consumer,Rep_14,Sports & Outdoors,Camping Tent,3,99.46,10.0,49.72,268.54,149.16
ORD101624,2024-07-13,South,In-Store,Small Business,Rep_10,Home & Kitchen,Blender,1,142.22,0.0,88.94,142.22,88.94
ORD102301,2025-10-01,East,Online,Consumer,Rep_02,Electronics,Wireless Earbuds,2,178.43,0.0,97.71,356.86,195.42
ORD101319,2025-11-03,North,Online,Consumer,Rep_07,Apparel,Running Shoes,5,67.1,0.0,36.28,335.5,181.4
ORD101663,2025-08-30,South,In-Store,Small Business,Rep_13,Sports & Outdoors,Dumbbell Set,2,134.17,0.0,72.15,268.34,144.3
ORD100815,2025-05-19,North,Marketplace,Enterprise,Rep_13,Sports & Outdoors,Water Bottle,2,143.22,0.0,76.85,286.44,153.7
ORD101473,2025-07-25,North,In-Store,Consumer,Rep_13,Apparel,Running Shoes,1,79.78,0.0,44.98,79.78,44.98
ORD101773,2025-04-19,North,In-Store,Consumer,Rep_04,Home & Kitchen,Vacuum Cleaner,6,80.26,5.0,48.22,457.48,289.32
ORD100679,2025-09-25,East,In-Store,Small Business,Rep_11,Sports & Outdoors,Water Bottle,2,28.32,0.0,16.99,56.64,33.98
ORD102281,2025-08-14,South,In-Store,Consumer,Rep_10,Home & Kitchen,Coffee Maker,2,90.5,0.0,51.77,181.0,103.54
ORD101093,2025-02-05,East,Online,Consumer,Rep_08,Electronics,Power Bank,2,48.94,0.0,29.25,97.88,58.5
ORD100080,2025-10-27,West,Online,Consumer,Rep_02,Electronics,Wireless Earbuds,2,135.65,20.0,63.98,217.04,127.96
ORD101950,2024-03-18,North,Online,Small Business,Rep_06,Apparel,Yoga Pants,2,66.08,0.0,36.53,132.16,73.06
ORD101239,2024-07-25,North,Online,Small Business,Rep_10,APPAREL,Running Shoes,5,22.84,0.0,15.48,114.2,77.4
ORD100329,2025-07-26,West,In-Store,Consumer,Rep_04,Home & Kitchen,Vacuum Cleaner,4,86.96,10.0,51.44,313.06,205.76
ORD100242,2025-11-22,East,In-Store,Small Business,Rep_14,Electronics,Smartwatch,6,126.23,0.0,69.83,757.38,418.98
ORD100641,2025-06-06,East,Online,Consumer,Rep_05,Sports & Outdoors,Camping Tent,4,46.98,5.0,23.47,178.52,93.88
ORD100696,2024-05-02,North,Online,Small Business,Rep_06,Beauty,Face Serum,3,89.28,0.0,59.8,267.84,179.4
ORD100753,2025-10-30,West,Marketplace,Consumer,Rep_06,Electronics,Bluetooth Speaker,1,38.56,5.0,22.75,36.63,22.75
ORD100435,2024-03-23,North,In-Store,Consumer,Rep_09,Beauty,Hair Dryer,6,48.41,,24.73,275.94,148.38
ORD101563,2024-06-20,West,Online,Consumer,Rep_06,Electronics,Bluetooth Speaker,4,77.17,0.0,36.15,308.68,144.6
ORD101934,2025-06-11,East,Online,Consumer,Rep_04,Beauty,Hair Dryer,3,19.36,0.0,12.88,58.08,38.64
ORD102468,2025-11-18,North,Marketplace,Consumer,Rep_07,Sports & Outdoors,Water Bottle,5,23.98,10.0,11.11,107.91,55.55
ORD101712,2025-06-27,West,Marketplace,Consumer,Rep_14,SPORTS & OUTDOORS,Water Bottle,6,35.47,0.0,19.98,212.82,119.88
ORD100551,2025-01-19,North,Online,Consumer,Rep_14,Sports & Outdoors,Camping Tent,2,88.75,0.0,41.62,177.5,83.24
ORD102324,2025-08-28, South ,Marketplace,Enterprise,Rep_04,Sports & Outdoors,Yoga Mat,7,49.07,0.0,24.36,343.49,170.52
ORD100601,2025-01-06,South,Marketplace,Consumer,Rep_14,Home & Kitchen,Air Fryer,4,50.2,15.0,27.11,170.68,108.44
ORD101964,2024-10-12,North,In-Store,,Rep_12,Sports & Outdoors,Water Bottle,1,119.43,0.0,61.26,119.43,61.26
ORD101013,2024-03-11,East,In-Store,Consumer,Rep_05,Sports & Outdoors,Dumbbell Set,1,95.71,0.0,56.43,95.71,56.43
ORD102498,2025-02-13,East,In-Store,Consumer,Rep_06,Apparel,Winter Coat,4,41.0,0.0,23.44,164.0,93.76
ORD101427,2025-07-21,North,In-Store,Consumer,Rep_08,Beauty,Makeup Kit,4,49.88,5.0,25.52,189.54,102.08
ORD102012,2024-07-05,North,Online,Enterprise,Rep_04,Electronics,Power Bank,4,93.31,0.0,42.91,373.24,171.64
ORD101386,2025-05-12,North,In-Store,Consumer,Rep_14,Sports & Outdoors,Dumbbell Set,1,54.94,0.0,30.67,54.94,30.67
ORD101295,2024-03-06,West,Online,Small Business,Rep_10,Home & Kitchen,Cookware Set,4,119.99,0.0,69.0,479.96,276.0
ORD100466,2024-03-28,South,Online,Enterprise,Rep_15,Electronics,Bluetooth Speaker,7,200.06,0.0,101.11,1400.42,707.77
ORD101499,2025-04-16,South,In-Store,Consumer,Rep_13,Beauty,Face Serum,1,53.52,0.0,25.31,53.52,25.31
ORD102292,2024-10-11,North,Online,Small Business,Rep_13,Home & Kitchen,Air Fryer,6,31.8,10.0,16.32,171.72,97.92
ORD102647,2025-07-16,South,In-Store,Enterprise,Rep_07,Sports & Outdoors,Dumbbell Set,2,84.52,0.0,51.26,169.04,102.52
ORD100277,2024-10-17,East,Marketplace,Small Business,Rep_14,Sports & Outdoors,Water Bottle,1,79.77,0.0,53.42,79.77,53.42
ORD101069,2024-11-27,West,Online,Enterprise,Rep_11,Home & Kitchen,Coffee Maker,10,130.14,15.0,65.03,1106.19,650.3
ORD101548,2025-08-03,West,Online,Consumer,Rep_02,Electronics,Bluetooth Speaker,6,55.89,0.0,27.55,0.0,165.3
ORD101024,2024-11-26,South,Online,Consumer,Rep_12,Apparel,Winter Coat,6,92.54,0.0,56.75,555.24,340.5
ORD101465,2025-07-04,North,Online,Consumer,Rep_05,Home & Kitchen,Vacuum Cleaner,6,41.62,5.0,24.62,237.23,147.72
ORD100940,2025-01-11,East,In-Store,Small Business,Rep_12,ELECTRONICS,Bluetooth Speaker,6,149.66,0.0,96.72,897.96,580.32
ORD101466,2025-10-28,North,Online,Consumer,Rep_15,Home & Kitchen,Coffee Maker,3,114.42,0.0,73.5,343.26,220.5
ORD101323,2024-05-02,North,Marketplace,Small Business,Rep_04,Apparel,Winter Coat,5,38.73,0.0,25.3,193.65,126.5
ORD101399,2024-07-02,East,Online,Consumer,Rep_01,Sports & Outdoors,Camping Tent,-3,12.87,5.0,6.0,36.68,18.0
ORD102207,2024-09-20,West,In-Store,Enterprise,Rep_03,Home & Kitchen,Air Fryer,2,32.09,0.0,18.16,64.18,36.32
ORD101449,2025-10-25,West,Online,Small Business,Rep_11,Beauty,Face Serum,1,69.87,10.0,33.88,62.88,33.88
ORD100906,2024-08-04,North,In-Store,Consumer,Rep_12,Beauty,Hair Dryer,5,51.95,0.0,23.81,259.75,119.05
ORD102389,2025-07-08,West,In-Store,Consumer,Rep_01,Apparel,Denim Jacket,3,2710.0,5.0,25.26,154.47,75.78
ORD101895,2025-04-30,East,Marketplace,Small Business,Rep_11,Apparel,Running Shoes,1,77.59,0.0,44.26,77.59,44.26
ORD100388,2025-06-06,West,Online,Small Business,Rep_12,Electronics,Laptop Stand,4,118.01,10.0,54.08,424.84,216.32
ORD102070,2024-11-21,West,In-Store,Consumer,Rep_15,Apparel,Backpack,8,78.0,0.0,50.17,624.0,401.36
ORD100880,2024-05-30,West,In-Store,Consumer,Rep_06,Home & Kitchen,Coffee Maker,1,26.3,0.0,13.67,26.3,13.67
ORD102442,2025-04-25,West,In-Store,Small Business,Rep_06,Apparel,Running Shoes,1,64.63,15.0,42.83,54.94,42.83
ORD100050,2024-01-08,South,Online,Consumer,Rep_06,Sports & Outdoors,Cycling Helmet,1,143.78,5.0,93.84,136.59,93.84
ORD101887,2024-02-09,North,Online,Consumer,Rep_04,Electronics,Laptop Stand,1,35.46,0.0,22.13,35.46,22.13
ORD101702,2025-06-26,West,Online,Consumer,Rep_10,Apparel,Backpack,2,82.66,10.0,44.7,148.79,89.4
ORD100133,2025-11-23,North,In-Store,Consumer,Rep_05,Home & Kitchen,Air Fryer,5,25.21,0.0,13.53,126.05,67.65
ORD101105,2025-12-21,East,Online,Consumer,Rep_05,Home & Kitchen,Coffee Maker,7,130.26,5.0,75.06,866.23,525.42
ORD100703,2024-11-05,North,In-Store,Consumer,Rep_12,Home & Kitchen,Cookware Set,7,135.09,10.0,76.82,851.07,537.74
ORD100482,2025-01-15,South,Online,Consumer,Rep_10,Apparel,Yoga Pants,2,51.68,5.0,28.19,98.19,56.38
ORD101145,2024-08-09,West,In-Store,Consumer,Rep_05,Electronics,Smartwatch,2,149.74,0.0,89.3,299.48,178.6
ORD102038,2024-04-03,North,Online,Consumer,Rep_08,Apparel,Winter Coat,1,43.82,5.0,23.88,41.63,23.88
ORD100066,2025-01-07,South,In-Store,Consumer,Rep_06,Electronics,Wireless Earbuds,3,185.51,5.0,94.46,528.7,283.38
ORD102352,2024-07-23,South,Online,Consumer,Rep_14,Beauty,Face Serum,4,20.35,0.0,12.21,81.4,48.84
ORD100907,2025-04-01,North,Marketplace,Consumer,Rep_06,Home & Kitchen,Blender,3,145.55,0.0,73.06,436.65,219.18
ORD100031,2025-08-26,North,Online,Small Business,Rep_08,Electronics,Power Bank,2,217.88,5.0,119.78,413.97,239.56
ORD102531,2025-05-30,North,Online,Consumer,Rep_08,Home & Kitchen,Air Fryer,1,51.35,15.0,32.07,43.65,32.07
ORD100010,2025-12-24,North,Online,Enterprise,Rep_03,Electronics,Laptop Stand,5,170.98,15.0,86.42,726.66,432.1
ORD100064,2024-06-26,East,Marketplace,Enterprise,Rep_01,Beauty,Makeup Kit,2,35.47,0.0,22.39,70.94,44.78
ORD100776,2025-03-18,South,Marketplace,Consumer,Rep_13,Electronics,Wireless Earbuds,1,103.67,5.0,68.97,98.49,68.97
ORD100077,2025-07-19,East,Online,Consumer,Rep_15,Apparel,Winter Coat,2,98.45,0.0,54.8,196.9,109.6
ORD100491,2025-07-30,West,Online,Consumer,Rep_07,HOME & KITCHEN,Blender,2,37.67,0.0,25.2,75.34,50.4
ORD102113,2024-07-17,West,Online,Consumer,Rep_05,APPAREL,Yoga Pants,4,20.32,0.0,13.66,81.28,54.64
ORD102465,2025-02-16, South ,In-Store,Consumer,Rep_15,Apparel,Winter Coat,6,54.43,0.0,35.05,326.58,210.3
ORD100591,2024-10-31,East,Online,Enterprise,Rep_06,Apparel,Denim Jacket,3,108.74,5.0,51.16,309.91,153.48
ORD101285,2025-09-29,South,Marketplace,Consumer,Rep_13,Beauty,Perfume,2,19.48,5.0,10.05,37.01,20.1
ORD102241,2025-06-26,South,Online,Consumer,Rep_12,Sports & Outdoors,Camping Tent,6,108.6,0.0,57.92,651.6,347.52
ORD100724,2025-04-09,South,Online,Consumer,Rep_12,Beauty,Skincare Set,7,12.58,10.0,7.35,79.25,51.45
ORD101212,2024-03-01,South,Online,Consumer,Rep_04,Home & Kitchen,Cookware Set,4,59.05,0.0,33.39,236.2,133.56
ORD102296,2024-10-10,East,Marketplace,Consumer,Rep_02,APPAREL,Yoga Pants,4,97.0,0.0,60.94,388.0,243.76
ORD101637,2024-11-25,South,Online,Consumer,Rep_13,Apparel,Running Shoes,7,94.96,0.0,51.42,664.72,359.94
ORD102549,2025-01-05,East,Online,Consumer,Rep_07,Apparel,Backpack,3,67.54,0.0,39.04,202.62,117.12
ORD102622,2024-02-05,East,In-Store,Consumer,Rep_10,Beauty,Hair Dryer,1,52.54,0.0,25.31,52.54,25.31
ORD100982,2025-08-08,West,In-Store,Consumer,Rep_06,Electronics,Laptop Stand,6,208.25,0.0,116.4,1249.5,698.4
ORD100706,2025-08-03,North,Online,Enterprise,Rep_10,Electronics,Power Bank,5,144.44,0.0,91.89,722.2,459.45
ORD101687,2025-08-10,North,Online,Small Business,Rep_08,Electronics,Power Bank,5,182.9,0.0,110.91,914.5,554.55
ORD102335,2025-01-20,West,Marketplace,Consumer,Rep_11,Apparel,Backpack,3,71.02,0.0,39.83,213.06,119.49
ORD100273,2024-11-20,South,In-Store,Consumer,Rep_03,Apparel,Running Shoes,3,72.02,0.0,39.2,216.06,117.6
ORD101709,2025-06-21,East,Online,Consumer,Rep_11,Home & Kitchen,Coffee Maker,8,49.69,0.0,33.08,397.52,264.64
ORD102445,2025-08-11,West,In-Store,Consumer,Rep_08,Home & Kitchen,Vacuum Cleaner,7,118.99,0.0,76.42,832.93,534.94
ORD100963,2025-10-07,North,Marketplace,Consumer,Rep_10,Electronics,Laptop Stand,8,30.03,5.0,18.1,228.23,144.8
ORD102236,2025-11-21,North,Marketplace,Consumer,Rep_14,Home & Kitchen,Cookware Set,1,127.31,0.0,74.68,127.31,74.68
ORD102548,2024-12-22,North,In-Store,Consumer,Rep_13,Home & Kitchen,Air Fryer,7,97.1,0.0,48.66,679.7,340.62
ORD100373,2025-07-08,North,In-Store,Consumer,Rep_15,Beauty,Perfume,2,85.74,10.0,52.21,154.33,104.42
ORD102371,2025-03-15,North,Marketplace,Small Business,Rep_01,Home & Kitchen,Vacuum Cleaner,4,145.72,10.0,82.99,524.59,331.96
ORD102276,2025-12-15,South,Online,Consumer,Rep_10,Apparel,Backpack,9,21.48,0.0,9.88,193.32,88.92
ORD101452,2025-04-10,West,In-Store,Consumer,Rep_09,Beauty,Makeup Kit,1,38.69,15.0,18.35,32.89,18.35
ORD100149,2024-02-26,West,Marketplace,Consumer,Rep_07,ELECTRONICS,Bluetooth Speaker,3,155.14,10.0,99.05,418.88,297.15
ORD101757,2025-10-11,East,In-Store,Consumer,Rep_11,Home & Kitchen,Cookware Set,1,107.24,0.0,56.56,107.24,56.56
ORD100218,2024-01-10,North,Online,Consumer,Rep_02,Home & Kitchen,Coffee Maker,2,144.54,0.0,70.28,289.08,140.56
ORD100239,2025-10-09,West,Online,Consumer,Rep_11,Sports & Outdoors,Cycling Helmet,3,16.31,0.0,8.98,48.93,26.94
ORD101131,2024-06-16,West,Online,Small Business,Rep_03,Apparel,Yoga Pants,4,116.29,0.0,78.58,465.16,314.32
ORD102413,2025-10-04,East,Online,Consumer,Rep_08,Apparel,Running Shoes,4,71.14,0.0,45.41,284.56,181.64
ORD101253,2024-12-06,South,In-Store,Small Business,Rep_10,Home & Kitchen,Coffee Maker,5,83.67,0.0,48.04,418.35,240.2
ORD101053,2024-08-20,East,In-Store,Enterprise,Rep_05,APPAREL,Winter Coat,1,92.83,20.0,57.06,74.26,57.06
ORD101668,2024-10-25,North,Online,Consumer,Rep_08,Sports & Outdoors,Water Bottle,1,33.23,5.0,15.07,31.57,15.07
ORD102265,2024-04-09,North,Online,Enterprise,Rep_10,Electronics,Smartwatch,3,133.36,0.0,66.72,400.08,200.16
ORD100098,2025-03-21,South,In-Store,Consumer,Rep_04,Sports & Outdoors,Water Bottle,2,110.24,0.0,71.54,220.48,143.08
ORD101357,2025-03-01,East,In-Store,Small Business,Rep_07,Home & Kitchen,Blender,1,70.6,15.0,32.49,60.01,32.49
ORD100775,2025-01-07,North,Marketplace,Small Business,Rep_01,Electronics,Laptop Stand,5,177.71,0.0,83.72,888.55,418.6
ORD102338,2024-04-18,West,In-Store,Consumer,Rep_06,Electronics,Power Bank,4,67.15,20.0,38.33,214.88,153.32
ORD100839,2025-10-27,North,Online,Consumer,Rep_10,Beauty,Skincare Set,4,21.33,0.0,13.46,85.32,53.84
ORD100627,2025-03-03,North,Online,Enterprise,Rep_03,Beauty,Face Serum,4,21.73,0.0,12.75,86.92,51.0
ORD100323,2024-01-01,West,Online,Consumer,Rep_10,Electronics,Bluetooth Speaker,2,155.72,5.0,75.67,295.87,151.34
ORD102631,2025-09-20,West,In-Store,Consumer,Rep_09,Electronics,Wireless Earbuds,4,96.6,5.0,44.68,367.08,178.72
ORD101867,2024-10-12,North,In-Store,Small Business,Rep_03,Apparel,Backpack,1,36.16,15.0,17.07,30.74,17.07
ORD101160,2025-02-21,East,Marketplace,Small Business,Rep_01,Beauty,Skincare Set,4,29.59,0.0,19.17,118.36,76.68
ORD101076,2024-05-27,South,Online,Small Business,Rep_01,Apparel,Winter Coat,3,38.88,0.0,22.87,116.64,68.61
ORD100437,2025-07-10,East,In-Store,Enterprise,Rep_07,Electronics,Bluetooth Speaker,2,190.41,0.0,123.8,380.82,247.6
ORD100119,2024-02-07,West,Online,Consumer,Rep_08,Home & Kitchen,Coffee Maker,3,82.69,5.0,46.08,235.67,138.24
ORD102359,2024-12-07,West,Marketplace,Consumer,Rep_03,Home & Kitchen,Air Fryer,5,121.2,5.0,71.85,575.7,359.25
ORD102200,2025-02-07,East,In-Store,Enterprise,Rep_11,Apparel,Denim Jacket,6,68.58,0.0,32.69,411.48,196.14
ORD101814,2025-09-22,East,In-Store,Small Business,Rep_13,Electronics,Laptop Stand,5,167.03,5.0,98.5,793.39,492.5
ORD101839,2024-02-20,East,Online,Consumer,Rep_03,Apparel,Running Shoes,1,87.83,10.0,54.28,79.05,54.28
ORD101026,2024-05-31,West,In-Store,Consumer,Rep_10,ELECTRONICS,Wireless Earbuds,2,93.58,10.0,50.8,168.44,101.6
ORD100076,2025-10-04,East,Online,Consumer,Rep_07,Home & Kitchen,Vacuum Cleaner,4,105.84,10.0,59.36,381.02,237.44
ORD100900,2024-10-19,North,In-Store,Consumer,Rep_02,Beauty,Hair Dryer,3,73.84,15.0,46.4,188.29,139.2
ORD100371,2025-04-11,South,Marketplace,Consumer,Rep_04,Home & Kitchen,Cookware Set,3,132.92,,65.98,319.01,197.94
ORD101204,2025-12-14,West,Online,Consumer,Rep_01,Electronics,Wireless Earbuds,5,173.1,0.0,113.62,865.5,568.1
ORD102271,2025-10-01,West,Online,Consumer,Rep_10,Electronics,Bluetooth Speaker,6,111.54,0.0,69.32,669.24,415.92
ORD100941,2024-11-15,West,Online,Small Business,Rep_07,Electronics,Smartwatch,2,121.47,0.0,69.6,242.94,139.2
ORD100552,2025-10-30,East,In-Store,Consumer,Rep_15,Sports & Outdoors,Camping Tent,5,115.31,15.0,75.36,490.07,376.8
ORD100406,2025-10-12,West,In-Store,Consumer,Rep_11,Home & Kitchen,Coffee Maker,4,145.77,0.0,65.77,583.08,263.08
ORD102117,2025-06-30,North,Online,Small Business,Rep_09,Apparel,Backpack,2,89.33,0.0,47.69,178.66,95.38
ORD101613,2025-09-29,East,Online,Consumer,Rep_15,Beauty,Hair Dryer,4,19.61,10.0,12.7,70.6,50.8
ORD100968,2024-03-05,South,Online,Consumer,Rep_12,Sports & Outdoors,Yoga Mat,3,102.32,0.0,58.78,306.96,176.34
ORD101746,2024-12-01,East,In-Store,Consumer,Rep_11,Apparel,Running Shoes,6,119.94,20.0,54.4,575.71,326.4
ORD100689,2024-06-11,East,Online,Consumer,Rep_10,Electronics,Bluetooth Speaker,7,98.49,5.0,44.58,654.96,312.06
ORD101738,2025-11-09,North,Online,Consumer,Rep_10,Apparel,Running Shoes,11,52.53,0.0,27.55,577.83,303.05
ORD100236,2024-03-18,West,In-Store,Consumer,Rep_03,Apparel,Denim Jacket,2,95.31,0.0,57.94,190.62,115.88
ORD102564,2025-02-02,East,Online,Consumer,Rep_13,Sports & Outdoors,Water Bottle,1,35.82,15.0,16.69,30.45,16.69
ORD101986,2024-05-18,South,Online,Consumer,Rep_06,Electronics,Laptop Stand,2,49.55,0.0,24.24,99.1,48.48
ORD101983,2024-02-21,East,Online,Consumer,Rep_08,Apparel,Yoga Pants,2,16.29,10.0,8.88,29.32,17.76
ORD100499,2024-09-25,South,In-Store,Consumer,Rep_09,Electronics,Smartwatch,2,190.44,10.0,105.69,342.79,211.38
ORD100822,2024-08-06,West,Online,Consumer,,APPAREL,Yoga Pants,4,48.48,5.0,29.85,184.22,119.4
ORD100794,2025-09-25,South,In-Store,Consumer,Rep_02,Apparel,Backpack,3,90.83,0.0,55.25,272.49,165.75
ORD100990,2024-02-06,South,Online,Enterprise,Rep_05,Beauty,Hair Dryer,3,51.23,10.0,31.82,138.32,95.46
ORD100567,2025-03-06,East,Online,Small Business,Rep_01,Home & Kitchen,Vacuum Cleaner,4,32.24,5.0,19.65,122.51,78.6
ORD100390,2024-09-26,South,Online,Small Business,Rep_09,Home & Kitchen,Blender,2,119.68,0.0,58.19,239.36,116.38
ORD100743,2025-06-20,West,Online,Consumer,Rep_10,Electronics,Bluetooth Speaker,8,149.17,0.0,74.22,1193.36,593.76
ORD101217,2025-01-17,West,In-Store,Consumer,,Apparel,Winter Coat,5,98.3,0.0,46.81,491.5,234.05
ORD100235,2025-11-24,East,Marketplace,Consumer,Rep_05,Beauty,Perfume,5,23.99,0.0,14.82,119.95,74.1
ORD102474,2024-02-25,East,Marketplace,Small Business,Rep_15,Home & Kitchen,Vacuum Cleaner,4,32.45,0.0,21.96,129.8,87.84
ORD100480,2024-01-28,North,In-Store,Small Business,Rep_02,Home & Kitchen,Air Fryer,1,142.7,10.0,95.06,128.43,95.06
ORD102042,2025-04-27,West,In-Store,Small Business,Rep_15,Sports & Outdoors,Yoga Mat,4,95.53,0.0,51.83,382.12,207.32
ORD101677,2024-11-30,South,Online,Small Business,Rep_08,Electronics,Smartwatch,5,182.62,0.0,119.31,913.1,596.55
ORD102455,2024-06-29,West,In-Store,Consumer,Rep_09,Sports & Outdoors,Water Bottle,5,91.56,0.0,43.4,457.8,217.0
ORD102591,2025-02-01,North,Online,Small Business,Rep_07,Sports & Outdoors,Yoga Mat,2,47.44,0.0,23.62,94.88,47.24
ORD102312,2024-04-09,West,Online,Consumer,Rep_10,Home & Kitchen,Coffee Maker,1,46.04,10.0,30.75,41.44,30.75
ORD102366,2024-05-23,South,Marketplace,Consumer,Rep_09,Sports & Outdoors,Camping Tent,2,61.63,5.0,41.01,117.1,82.02
ORD100120,2025-04-21,East,Online,Enterprise,Rep_07,Sports & Outdoors,Camping Tent,5,115.1,20.0,60.84,460.4,304.2
ORD101272,2025-02-24,North,In-Store,Consumer,Rep_08,Electronics,Wireless Earbuds,3,105.78,0.0,70.47,317.34,211.41
ORD100926,2024-07-26,North,Online,Consumer,Rep_08,Apparel,Backpack,2,62.82,20.0,28.75,100.51,57.5
ORD101594,2024-03-10,North,Marketplace,Consumer,Rep_14,Home & Kitchen,Cookware Set,1,89.12,5.0,44.08,84.66,44.08
ORD100223,2024-09-07,West,Online,Consumer,Rep_01,Home & Kitchen,Coffee Maker,1,166.34,20.0,107.35,133.07,107.35
ORD100766,2024-01-22,East,Marketplace,Small Business,Rep_07,Home & Kitchen,Coffee Maker,4,152.47,15.0,94.1,518.4,376.4
ORD100613,2025-07-01,South,In-Store,Small Business,Rep_03,Beauty,Hair Dryer,5,47.87,0.0,31.72,239.35,158.6
ORD101245,2025-04-05,West,In-Store,Enterprise,Rep_14,Apparel,Backpack,2,23.14,5.0,14.92,43.97,29.84
ORD101540,2025-09-05,East,In-Store,Consumer,Rep_14,Apparel,Denim Jacket,2,111.74,0.0,73.51,223.48,147.02
ORD100052,2024-08-08,West,Marketplace,Enterprise,Rep_09,Sports & Outdoors,Water Bottle,3,128.72,0.0,83.15,386.16,249.45
ORD100529,2024-09-18,North,Online,Consumer,Rep_06,Apparel,Yoga Pants,2,101.1,0.0,50.67,202.2,101.34
ORD101899,2025-08-09,West,Online,Enterprise,Rep_01,ELECTRONICS,Wireless Earbuds,2,107.02,10.0,60.83,192.64,121.66
ORD102633,2025-12-29,East,In-Store,Consumer,Rep_02,Apparel,Yoga Pants,3,60.84,15.0,29.05,155.14,87.15
ORD100818,2025-12-25,South,In-Store,Consumer,Rep_12,Electronics,Power Bank,8,128.16,0.0,69.56,1025.28,556.48
ORD100155,2025-10-01,North,Online,Small Business,Rep_04,Sports & Outdoors,Yoga Mat,4,88.8,5.0,55.99,337.44,223.96
ORD102580,2025-12-15,North,Online,Enterprise,Rep_09,Sports & Outdoors,Dumbbell Set,2,112.98,0.0,59.8,225.96,119.6
ORD100248,2025-01-13,South,In-Store,Consumer,Rep_05,Home & Kitchen,Vacuum Cleaner,2,134.22,15.0,79.77,228.17,159.54
ORD100761,2025-01-26,North,Online,Consumer,Rep_13,Home & Kitchen,Coffee Maker,5,30.32,15.0,20.16,128.86,100.8
ORD101894,2024-10-27,West,Online,Small Business,Rep_15,Electronics,Laptop Stand,3,55.43,0.0,26.85,166.29,80.55
ORD102029,2025-03-20,East,In-Store,Consumer,Rep_14,Electronics,Power Bank,5,35.82,0.0,16.94,179.1,84.7
ORD101130,2024-03-08,West,Online,Consumer,Rep_10,Home & Kitchen,Coffee Maker,4,131.39,10.0,79.73,473.0,318.92
ORD100542,2025-02-02,South,In-Store,Consumer,Rep_11,Sports & Outdoors,Water Bottle,2,134.39,5.0,69.21,255.34,138.42
ORD100793,2025-06-23,South,Online,Enterprise,Rep_06,Electronics,Wireless Earbuds,10,119.2,0.0,68.73,1192.0,687.3
ORD101725,2024-12-02,South,In-Store,Small Business,Rep_08,Home & Kitchen,Blender,8,118.43,10.0,53.89,852.7,431.12
ORD100628,2024-04-17,East,Online,Consumer,Rep_09,Apparel,Running Shoes,1,76.45,5.0,47.18,72.63,47.18
ORD102198,2025-06-02,North,Online,Small Business,Rep_07,Apparel,Backpack,2,96.04,0.0,55.61,192.08,111.22
ORD102422,2024-07-17,West,In-Store,Consumer,Rep_11,Sports & Outdoors,Yoga Mat,5,72.16,0.0,38.81,360.8,194.05
ORD102554,2024-11-27,East,Online,Small Business,Rep_01,Sports & Outdoors,Yoga Mat,4,77.37,5.0,49.23,294.01,196.92
ORD101367,2025-01-14,South,In-Store,Small Business,Rep_15,Beauty,Makeup Kit,3,64.48,0.0,38.25,193.44,114.75
ORD101620,2025-07-07,West,In-Store,Consumer,Rep_07,Electronics,Bluetooth Speaker,4,100.35,5.0,56.69,381.33,226.76
ORD102500,2025-12-25,North,In-Store,Small Business,Rep_05,Apparel,Yoga Pants,5,69.12,0.0,31.98,345.6,159.9
ORD101071,2025-08-26,South,Online,Small Business,Rep_06,Home & Kitchen,Blender,5,62.86,15.0,36.5,267.16,182.5
ORD100554,2024-04-26,North,In-Store,Consumer,Rep_08,Home & Kitchen,Blender,1,77.69,0.0,36.49,77.69,36.49
ORD101828,2025-12-25,North,Marketplace,Small Business,Rep_15,Home & Kitchen,Cookware Set,5,48.05,0.0,25.38,240.25,126.9
ORD100826,2025-03-08,South,In-Store,Consumer,Rep_02,Electronics,Laptop Stand,1,25.84,15.0,17.27,21.96,17.27
ORD102605,2025-03-06,North,Online,Enterprise,Rep_01,Sports & Outdoors,Camping Tent,4,111.38,0.0,57.49,445.52,229.96
ORD101984,2024-08-10,North,Marketplace,Consumer,Rep_04,Apparel,Yoga Pants,4,21.04,5.0,13.86,79.95,55.44
ORD101837,2025-03-22,North,Marketplace,Consumer,Rep_05,Apparel,Denim Jacket,5,102.88,20.0,53.39,411.52,266.95
ORD100535,2025-03-22,South,In-Store,Consumer,Rep_08,SPORTS & OUTDOORS,Yoga Mat,6,116.0,0.0,59.1,696.0,354.6
ORD102394,2025-03-28,North,Online,Consumer,Rep_02,Electronics,Power Bank,3,40.83,10.0,27.1,110.24,81.3
ORD100154,2025-06-25,East,Marketplace,Consumer,Rep_01,HOME & KITCHEN,Cookware Set,9,159.98,0.0,95.64,1439.82,860.76
ORD102310,2025-12-21,West,Marketplace,Consumer,Rep_14,Sports & Outdoors,Dumbbell Set,6,66.73,0.0,41.46,400.38,248.76
ORD102522,2024-07-24,East,Online,Small Business,Rep_05,Home & Kitchen,Cookware Set,1,52.74,20.0,25.64,42.19,25.64
ORD100322,2024-10-28,South,In-Store,Consumer,Rep_12,Beauty,Skincare Set,5,57.99,0.0,30.77,289.95,153.85
ORD101710,2024-03-21,East,Online,Consumer,Rep_12,Electronics,Power Bank,4,147.31,0.0,97.55,589.24,390.2
ORD100014,2024-07-01,East,In-Store,Small Business,Rep_12,Electronics,Power Bank,2,105.45,5.0,67.26,200.36,134.52
ORD101798,2025-11-15,East,Online,Enterprise,Rep_04,Home & Kitchen,Blender,6,83.49,0.0,51.8,500.94,310.8
ORD102525,2025-08-29, South ,In-Store,Consumer,Rep_01,Electronics,Wireless Earbuds,4,60.31,0.0,37.82,241.24,151.28
ORD100082,2025-06-12,South,Marketplace,Consumer,Rep_02,Beauty,Face Serum,3,27.5,0.0,12.78,82.5,38.34
ORD101943,2025-10-19,East,Online,Enterprise,Rep_09,Electronics,Laptop Stand,1,148.93,0.0,96.8,148.93,96.8
ORD101988,2025-07-19,East,In-Store,Small Business,Rep_14,Apparel,Denim Jacket,5,39.59,5.0,20.8,188.05,104.0
ORD101383,2025-01-11,North,Online,Small Business,Rep_09,Apparel,Yoga Pants,2,69.29,20.0,33.26,110.86,66.52
ORD101574,2025-12-25,West,Online,Consumer,Rep_13,Apparel,Denim Jacket,6,59.63,0.0,27.29,357.78,163.74
ORD102058,2025-11-24,East,Marketplace,Small Business,Rep_01,Sports & Outdoors,Yoga Mat,7,110.61,0.0,62.65,774.27,438.55
ORD101256,2025-02-18,West,In-Store,Consumer,Rep_15,Apparel,Running Shoes,6,44.07,0.0,25.68,264.42,154.08
ORD101494,2025-01-21,East,Online,Consumer,Rep_03,Electronics,Power Bank,4,95.48,0.0,49.72,381.92,198.88
ORD100831,2025-03-29,North,Online,Consumer,Rep_10,Electronics,Wireless Earbuds,3,49.04,0.0,26.45,147.12,79.35
ORD102080,2025-10-09,South,Online,Enterprise,Rep_12,Sports & Outdoors,Dumbbell Set,1,131.24,0.0,61.92,131.24,61.92
ORD101174,2025-09-20,West,Marketplace,Consumer,Rep_13,Home & Kitchen,Cookware Set,2,36.22,0.0,20.32,72.44,40.64
ORD100413,2025-04-06,South,Online,Consumer,Rep_01,Electronics,Power Bank,3,37.15,5.0,21.26,105.88,63.78
ORD101817,2025-05-22,West,Marketplace,Consumer,Rep_13,Electronics,Power Bank,4,207.37,0.0,103.6,829.48,414.4
ORD100165,2025-03-29,East,Online,Consumer,Rep_05,Apparel,Denim Jacket,5,28.32,0.0,15.48,141.6,77.4
ORD102610,2024-12-25,North,Online,Small Business,Rep_11,Sports & Outdoors,Cycling Helmet,8,105.79,0.0,50.06,846.32,400.48
ORD102624,2025-06-15,West,In-Store,Consumer,Rep_10,Beauty,Skincare Set,3,24.74,0.0,13.06,74.22,39.18
ORD100614,2024-05-23,North,In-Store,Enterprise,Rep_04,Sports & Outdoors,Camping Tent,3,83.57,0.0,53.59,250.71,160.77
ORD101014,2025-04-10,East,Online,Consumer,Rep_11,Electronics,Laptop Stand,3,168.41,0.0,93.42,505.23,280.26
ORD102137,2025-06-23,East,Online,Enterprise,Rep_10,Sports & Outdoors,Yoga Mat,7,25.98,15.0,15.84,154.58,110.88
ORD102464,2024-10-26,East,Online,Small Business,Rep_09,Apparel,Backpack,2,20.86,0.0,10.05,41.72,20.1
ORD101237,2024-02-24, East ,Marketplace,Small Business,Rep_08,Home & Kitchen,Vacuum Cleaner,5,123.27,20.0,82.36,493.08,411.8
ORD102181,2025-10-09,South,In-Store,Consumer,Rep_12,Sports & Outdoors,Yoga Mat,7,67.41,0.0,44.2,471.87,309.4
ORD100555,2025-11-12,North,In-Store,Consumer,Rep_08,Apparel,Running Shoes,7,116.04,0.0,68.17,812.28,477.19
ORD101211,2024-05-26,South,Online,Consumer,Rep_15,Home & Kitchen,Vacuum Cleaner,3,109.54,5.0,50.03,312.19,150.09
ORD102499,2025-11-12,North,In-Store,Small Business,Rep_02,Beauty,Makeup Kit,7,12.31,5.0,8.24,81.86,57.68
ORD100634,2025-01-27,South,Online,Consumer,Rep_12,Home & Kitchen,Coffee Maker,7,149.52,0.0,89.74,1046.64,628.18
ORD101055,2025-10-29,West,Online,Consumer,Rep_13,Apparel,Denim Jacket,3,57.87,0.0,27.38,173.61,82.14
ORD101708,2024-01-14,South,In-Store,Consumer,Rep_03,Electronics,Bluetooth Speaker,1,132.02,15.0,70.95,112.22,70.95
ORD100796,2024-09-27,West,Online,Consumer,Rep_13,Apparel,Running Shoes,2,83.11,0.0,41.94,166.22,83.88
ORD102477,2024-11-02,East,Online,Consumer,Rep_09,Home & Kitchen,Vacuum Cleaner,3,164.54,0.0,75.11,493.62,225.33
ORD100174,2024-04-04,North,Online,Small Business,Rep_14,Apparel,Winter Coat,5,61.98,0.0,39.05,309.9,195.25
ORD100245,2024-07-05,East,In-Store,Consumer,Rep_08,Beauty,Face Serum,1,74.02,0.0,47.71,74.02,47.71
ORD101080,2025-12-10,North,In-Store,Consumer,Rep_11,Beauty,Makeup Kit,4,27.89,10.0,17.61,100.4,70.44
ORD101654,2025-04-05,East,Online,Consumer,Rep_04,Beauty,Skincare Set,3,21.92,0.0,12.18,65.76,36.54
ORD100103,2025-09-17,North,Online,Consumer,Rep_11,APPAREL,Yoga Pants,7,61.3,0.0,36.07,429.1,252.49
ORD100144,2025-10-04,North,Online,Consumer,Rep_05,Home & Kitchen,Blender,4,56.27,15.0,37.0,191.32,148.0
ORD100145,2025-09-02,East,In-Store,Small Business,Rep_10,Beauty,Hair Dryer,1,72.52,0.0,41.09,72.52,41.09
ORD100090,2025-02-27,South,In-Store,Consumer,Rep_10,Apparel,Yoga Pants,4,98.27,0.0,65.44,393.08,261.76
ORD100682,2025-12-24,South,In-Store,Small Business,Rep_01,Electronics,Bluetooth Speaker,5,146.23,0.0,97.26,731.15,486.3
ORD100310,2024-07-23,East,Marketplace,Consumer,Rep_14,Beauty,Perfume,6,33.85,5.0,22.27,192.95,133.62
ORD100093,2025-12-05,East,In-Store,Consumer,Rep_04,Electronics,Bluetooth Speaker,9,102.07,5.0,63.65,872.7,572.85
ORD102369,2024-06-01,South,Online,Consumer,Rep_02,Home & Kitchen,Air Fryer,3,166.85,5.0,86.69,475.52,260.07
ORD101956,2025-01-22,North,In-Store,Consumer,Rep_14,Sports & Outdoors,Cycling Helmet,3,84.69,5.0,44.86,241.37,134.58
ORD100924,2024-06-28,West,In-Store,Small Business,Rep_05,Electronics,Bluetooth Speaker,1,103.9,0.0,52.65,103.9,52.65
ORD101909,2025-04-09,North,Online,Consumer,Rep_02,Home & Kitchen,Vacuum Cleaner,6,105.4,5.0,58.15,600.78,348.9
ORD101035,2025-04-04,North,In-Store,Consumer,Rep_02,Sports & Outdoors,Dumbbell Set,3,52.26,10.0,33.33,141.1,99.99
ORD101400,2024-11-20,North,Online,Consumer,Rep_09,Beauty,Perfume,3,37.6,0.0,24.5,112.8,73.5
ORD102291,2024-11-16,North,Online,Consumer,Rep_08,Home & Kitchen,Blender,3,167.36,0.0,88.63,502.08,265.89
ORD101500,2024-02-17,South,In-Store,Small Business,Rep_01,Home & Kitchen,Air Fryer,3,100.46,15.0,46.19,256.17,138.57
ORD102262,2024-02-06,North,Marketplace,Consumer,Rep_04,Electronics,Smartwatch,2,207.49,15.0,130.02,352.73,260.04
ORD101468,2025-08-19,East,Online,Consumer,Rep_08,Apparel,Winter Coat,2,27.82,0.0,16.44,55.64,32.88
ORD100998,2024-02-03,South,In-Store,Consumer,Rep_07,Electronics,Laptop Stand,6,76.2,0.0,46.76,457.2,280.56
ORD100853,2025-04-24,East,In-Store,Consumer,Rep_01,Apparel,Winter Coat,3,38.68,15.0,21.78,98.63,65.34
ORD102204,2024-10-09,East,In-Store,Consumer,Rep_02,Home & Kitchen,Coffee Maker,1,75.38,0.0,43.31,75.38,43.31
ORD101142,2024-06-02,North,Marketplace,Consumer,Rep_05,Home & Kitchen,Cookware Set,6,30.73,5.0,13.86,175.16,83.16
ORD101143,2024-06-03, North ,In-Store,Small Business,Rep_10,Electronics,Power Bank,3,37.42,0.0,18.92,112.26,56.76
ORD102274,2024-05-05,East,In-Store,Small Business,Rep_02,Home & Kitchen,Cookware Set,7,75.79,0.0,41.11,530.53,287.77
ORD102048,2024-12-17,North,Online,Consumer,Rep_04,Apparel,Winter Coat,2,99.17,0.0,65.67,198.34,131.34
ORD100401,2024-02-01,North,In-Store,Consumer,Rep_02,Apparel,Backpack,4,115.49,0.0,56.07,461.96,224.28
ORD101103,2024-12-12,East,Online,Consumer,Rep_09,Apparel,Yoga Pants,5,34.07,0.0,15.44,170.35,77.2
ORD100084,2025-03-29,West,In-Store,Consumer,Rep_10,Home & Kitchen,Vacuum Cleaner,2,127.66,0.0,72.06,255.32,144.12
ORD102210,2024-10-14,South,Online,Consumer,Rep_08,Home & Kitchen,Blender,7,50.71,0.0,23.05,354.97,161.35
ORD102586,2024-02-26,West,Online,Small Business,Rep_06,Home & Kitchen,Air Fryer,2,35.75,20.0,17.5,57.2,35.0
ORD100114,2024-04-12,West,In-Store,Small Business,Rep_01,Home & Kitchen,Coffee Maker,1,124.13,5.0,57.21,117.92,57.21
ORD102339,2025-12-29,West,Marketplace,Consumer,Rep_08,Beauty,Skincare Set,4,86.55,0.0,53.75,346.2,215.0
ORD101585,2025-06-14,North,Online,Consumer,Rep_03,Electronics,Wireless Earbuds,2,38.39,0.0,19.96,76.78,39.92
ORD101567,2024-01-11,West,In-Store,Enterprise,Rep_14,Electronics,Laptop Stand,4,197.08,0.0,127.01,788.32,508.04
ORD101501,2025-11-06,North,Online,Consumer,Rep_10,Sports & Outdoors,Yoga Mat,4,148.5,0.0,89.95,594.0,359.8
ORD101660,2025-02-15,South,Marketplace,Consumer,Rep_04,Home & Kitchen,Blender,6,101.61,0.0,51.48,609.66,308.88
ORD101556,2024-03-29,North,In-Store,Consumer,Rep_05,Apparel,Winter Coat,3,18.73,20.0,9.63,44.95,28.89
ORD102007,2025-03-29,North,Online,Small Business,Rep_06,Electronics,Bluetooth Speaker,4,152.01,0.0,68.59,608.04,274.36
ORD100625,2024-10-03,East,Online,Small Business,Rep_03,Beauty,Makeup Kit,3,24.82,0.0,13.62,74.46,40.86
ORD101885,2024-01-23,East,In-Store,Enterprise,,Sports & Outdoors,Cycling Helmet,3,137.23,0.0,66.23,411.69,198.69
ORD101866,2024-12-18,North,Marketplace,Small Business,Rep_02,Beauty,Hair Dryer,5,20.31,0.0,9.72,101.55,48.6
ORD100952,2024-12-28,South,In-Store,Consumer,Rep_11,APPAREL,Yoga Pants,2,78.91,0.0,35.9,157.82,71.8
ORD102306,2024-12-17,West,Online,Enterprise,Rep_06,Beauty,Perfume,5,18.49,0.0,12.2,92.45,61.0
ORD100624,2025-01-26,South,Online,Small Business,Rep_10,Apparel,Denim Jacket,4,17.9,0.0,9.15,71.6,36.6
ORD100234,2025-01-16,North,Online,Small Business,Rep_07,Home & Kitchen,Coffee Maker,6,107.55,0.0,51.34,645.3,308.04
ORD102183,2025-03-20,West,In-Store,Enterprise,Rep_01,Sports & Outdoors,Camping Tent,2,118.36,0.0,70.89,236.72,141.78
ORD102034,2025-11-25,North,In-Store,Consumer,Rep_09,Electronics,Smartwatch,4,158.83,0.0,99.95,635.32,399.8
ORD101826,2024-11-25,East,Online,Consumer,Rep_02,Beauty,Perfume,5,64.75,0.0,31.63,323.75,158.15
ORD102546,2025-07-28,South,In-Store,Consumer,Rep_10,Beauty,Hair Dryer,8,75.87,10.0,35.81,546.26,286.48
ORD101314,2024-10-08,West,Marketplace,Consumer,Rep_05,Home & Kitchen,Blender,1,100.49,10.0,52.31,90.44,52.31
ORD101525,2024-12-02,North,Online,Consumer,Rep_01,Sports & Outdoors,Yoga Mat,9,141.83,0.0,84.18,1276.47,757.62
ORD101562,2024-06-24,North,Online,Consumer,Rep_15,Home & Kitchen,Air Fryer,6,78.77,0.0,40.79,472.62,244.74
ORD101752,2024-09-13,West,Marketplace,Small Business,Rep_10,Electronics,Wireless Earbuds,4,186.98,5.0,107.02,710.52,428.08
ORD101605,2024-06-10,South,In-Store,Consumer,Rep_05,Beauty,Face Serum,6,58.66,0.0,33.96,351.96,203.76
ORD100343,2024-01-31,North,Marketplace,Consumer,Rep_08,Sports & Outdoors,Dumbbell Set,2,99.69,20.0,47.26,159.5,94.52
ORD102341,2025-05-12,West,Online,Small Business,Rep_12,Electronics,Laptop Stand,3,153.62,5.0,71.6,437.82,214.8
ORD102226,2025-07-14,North,In-Store,Consumer,Rep_01,Apparel,Yoga Pants,5,73.96,5.0,37.57,351.31,187.85
ORD100996,2024-02-08,East,In-Store,Consumer,Rep_11,Electronics,Laptop Stand,1,45.85,10.0,26.64,41.26,26.64
ORD102062,2024-09-11,South,Marketplace,Consumer,Rep_09,Beauty,Makeup Kit,2,65.35,0.0,29.99,130.7,59.98
ORD101110,2024-09-11,North,In-Store,Consumer,Rep_10,Home & Kitchen,Air Fryer,1,104.98,5.0,64.24,99.73,64.24
ORD102213,2025-04-28,East,Online,Small Business,Rep_08,Beauty,Makeup Kit,3,89.3,0.0,52.05,267.9,156.15
ORD101359,2024-04-15,East,Online,Consumer,Rep_06,Home & Kitchen,Blender,2,155.39,0.0,77.62,310.78,155.24
ORD102107,2025-11-02,North,Marketplace,Small Business,Rep_14,Beauty,Skincare Set,8,31.01,0.0,18.09,248.08,144.72
ORD100709,2025-07-02,South,Online,Consumer,Rep_13,Apparel,Backpack,3,87.58,0.0,49.68,262.74,149.04
ORD101878,2024-06-16,West,Online,Consumer,Rep_10,Electronics,Power Bank,2,68.42,0.0,32.56,136.84,65.12
ORD101378,2025-08-27,East,Marketplace,Consumer,Rep_04,Apparel,Denim Jacket,1,77.78,0.0,49.28,77.78,49.28
ORD100424,2024-04-17,West,Online,Consumer,Rep_13,Sports & Outdoors,Water Bottle,3,101.17,0.0,56.14,303.51,168.42
ORD100292,2024-03-21,North,In-Store,Consumer,Rep_04,Sports & Outdoors,Yoga Mat,1,45.22,0.0,22.91,45.22,22.91
ORD101065,2025-08-13,South,Online,Consumer,Rep_09,Beauty,Face Serum,1,19.57,0.0,9.46,19.57,9.46
ORD101638,2024-08-26,South,In-Store,Consumer,Rep_13,Electronics,Laptop Stand,3,173.62,0.0,112.37,520.86,337.11
ORD101012,2025-02-15,East,In-Store,Small Business,Rep_09,Sports & Outdoors,Camping Tent,2,98.3,5.0,49.04,186.77,98.08
ORD102127,2024-12-15,South,In-Store,Consumer,Rep_07,Sports & Outdoors,Cycling Helmet,8,17.34,0.0,7.98,138.72,63.84
ORD101717,2025-09-11,North,Online,Consumer,Rep_04,Apparel,Yoga Pants,3,84.1,5.0,45.17,239.68,135.51
ORD100937,2024-03-07,North,In-Store,Consumer,Rep_03,Sports & Outdoors,Cycling Helmet,3,47.73,0.0,31.53,143.19,94.59
ORD100834,2024-04-30,South,In-Store,Consumer,Rep_12,Sports & Outdoors,Cycling Helmet,1,68.22,5.0,37.31,64.81,37.31
ORD100254,2025-01-27,East,In-Store,Consumer,Rep_09,Beauty,Hair Dryer,1,72.26,0.0,40.3,72.26,40.3
ORD101482,2025-07-21,East,Online,Consumer,Rep_08,Electronics,Wireless Earbuds,1,188.59,0.0,85.18,188.59,85.18
ORD100786,2024-01-06,West,Online,Enterprise,Rep_02,Beauty,Makeup Kit,3,17.73,0.0,11.19,53.19,33.57
ORD101407,2025-12-28,West,Online,Consumer,Rep_02,Sports & Outdoors,Water Bottle,1,132.18,15.0,76.58,112.35,76.58
ORD102606,2024-04-29,East,Online,Consumer,Rep_01,Beauty,Face Serum,3,80.86,0.0,53.8,242.58,161.4
ORD102184,2025-05-23,West,Online,Consumer,Rep_15,Apparel,Running Shoes,1,112.27,0.0,63.75,112.27,63.75
ORD100723,2025-12-12,West,Online,Consumer,Rep_10,Apparel,Yoga Pants,5,89.2,0.0,41.76,446.0,208.8
ORD100969,2025-07-27,South,In-Store,Consumer,Rep_08,Electronics,Laptop Stand,3,54.94,10.0,30.18,148.34,90.54
ORD100496,2024-06-29,North,In-Store,Consumer,Rep_14,Beauty,Perfume,2,18.91,0.0,9.88,37.82,19.76
ORD100950,2025-10-30,South,Online,Consumer,Rep_10,Electronics,Laptop Stand,2,152.0,0.0,88.77,304.0,177.54
ORD100805,2025-10-02,South,Online,Consumer,Rep_13,Home & Kitchen,Air Fryer,5,117.84,0.0,60.39,589.2,301.95
ORD101829,2025-04-14,West,In-Store,Enterprise,Rep_12,Home & Kitchen,Vacuum Cleaner,4,56.4,0.0,38.18,225.6,152.72
ORD102177,2025-05-10,South,Online,Small Business,Rep_09,Home & Kitchen,Cookware Set,7,152.16,10.0,78.51,958.61,549.57
ORD101739,2024-09-05,West,Online,Consumer,Rep_01,Apparel,Backpack,3,74.0,0.0,40.47,222.0,121.41
ORD100337,2025-12-27,West,In-Store,Consumer,Rep_08,Apparel,Winter Coat,6,94.83,5.0,58.3,540.53,349.8
ORD100730,2024-10-07,East,Marketplace,Small Business,Rep_02,Apparel,Backpack,2,59.35,0.0,36.96,118.7,73.92
ORD100608,2024-06-15,South,Marketplace,Small Business,Rep_05,Home & Kitchen,Air Fryer,3,144.84,5.0,73.54,412.79,220.62
ORD101148,2024-10-29,South,Marketplace,Small Business,Rep_09,Home & Kitchen,Air Fryer,2,124.99,0.0,63.08,249.98,126.16
ORD102243,2025-10-09,East,Marketplace,Consumer,Rep_08,HOME & KITCHEN,Blender,3,144.73,0.0,70.91,434.19,212.73
ORD101713,2024-11-25,North,In-Store,Small Business,Rep_14,Beauty,Hair Dryer,7,49.92,0.0,29.55,349.44,206.85
ORD100329,2025-07-26,West,In-Store,Consumer,Rep_04,Home & Kitchen,Vacuum Cleaner,4,86.96,10.0,51.44,313.06,205.76
ORD100909,2025-10-22,West,Online,Small Business,Rep_03,Electronics,Wireless Earbuds,3,167.87,0.0,113.12,503.61,339.36
ORD102151,2024-11-20,South,Online,Consumer,Rep_09,Sports & Outdoors,Dumbbell Set,7,131.72,0.0,65.46,922.04,458.22
ORD102010,2025-12-22,West,Online,Consumer,Rep_02,Home & Kitchen,Air Fryer,6,55.13,0.0,36.8,330.78,220.8
ORD101810,2025-07-23,East,Online,Consumer,Rep_15,Home & Kitchen,Vacuum Cleaner,3,177.0,0.0,84.37,531.0,253.11
ORD101994,2025-05-23,North,Marketplace,Consumer,Rep_06,Apparel,Denim Jacket,3,25.22,0.0,12.86,75.66,38.58
ORD100719,2024-06-20,South,In-Store,Consumer,Rep_12,Home & Kitchen,Air Fryer,4,81.06,0.0,43.49,324.24,173.96
ORD101569,2025-12-12,South,In-Store,Consumer,Rep_13,Beauty,Perfume,9,73.04,5.0,39.5,624.49,355.5
ORD102275,2024-03-05,South,Marketplace,Small Business,Rep_12,Apparel,Winter Coat,3,104.46,0.0,52.93,313.38,158.79
ORD100434,2024-03-16,East,In-Store,Small Business,Rep_13,Sports & Outdoors,Cycling Helmet,1,137.06,0.0,67.36,137.06,67.36
ORD101299,2025-04-11,North,Marketplace,Consumer,Rep_13,Electronics,Smartwatch,4,54.66,0.0,29.63,218.64,118.52
ORD102174,2025-03-18,East,Online,Consumer,Rep_05,Beauty,Makeup Kit,4,82.14,0.0,48.03,328.56,192.12
ORD100405,2024-02-19, East ,Online,Enterprise,Rep_05,Apparel,Denim Jacket,3,75.52,0.0,47.42,226.56,142.26
ORD100821,2025-02-19,East,Marketplace,Consumer,Rep_13,Beauty,Perfume,6,18.16,0.0,9.12,108.96,54.72
ORD101789,2024-11-04,West,Online,Consumer,Rep_04,Sports & Outdoors,Yoga Mat,3,26.49,5.0,13.67,75.5,41.01
ORD102351,2024-09-30,West,Online,Consumer,Rep_10,Sports & Outdoors,Camping Tent,1,130.73,15.0,63.8,111.12,63.8
ORD102315,2024-11-15,North,Online,Small Business,Rep_01,Apparel,Backpack,6,77.55,0.0,47.41,465.3,284.46
ORD101858,2024-11-16,South,In-Store,Enterprise,Rep_14,Apparel,Yoga Pants,6,36.0,5.0,23.42,205.2,140.52
ORD101557,2025-10-10,North,In-Store,Small Business,Rep_11,Home & Kitchen,Air Fryer,2,128.01,,77.03,256.02,154.06
ORD100545,2025-02-25,North,Online,Small Business,Rep_02,Apparel,Winter Coat,4,42.57,20.0,24.77,136.22,99.08
ORD100212,2024-02-15,South,Online,Consumer,Rep_12,Electronics,Power Bank,2,92.86,5.0,50.83,176.43,101.66
ORD100896,2024-12-27,South,In-Store,Consumer,Rep_12,Home & Kitchen,Coffee Maker,2,151.05,0.0,90.74,302.1,181.48
ORD101941,2025-05-31,West,Marketplace,Enterprise,Rep_10,Apparel,Denim Jacket,1,44.12,0.0,25.75,44.12,25.75
ORD101891,2024-12-05,West,Online,Consumer,Rep_04,Sports & Outdoors,Yoga Mat,4,128.25,0.0,64.86,513.0,259.44
ORD100916,2025-06-22,East,Marketplace,Enterprise,Rep_02,Beauty,Makeup Kit,8,67.36,0.0,33.39,538.88,267.12
ORD101289,2025-08-15,West,Online,Small Business,Rep_03,Sports & Outdoors,Yoga Mat,1,52.93,0.0,27.32,52.93,27.32
ORD100814,2024-07-22,East,In-Store,Consumer,Rep_06,Beauty,Makeup Kit,3,64.92,10.0,40.01,175.28,120.03
ORD101265,2024-04-23,North,In-Store,Consumer,Rep_14,Apparel,Yoga Pants,1,73.09,0.0,33.03,73.09,33.03
ORD100342,2024-05-29,West,Marketplace,Consumer,Rep_06,Electronics,Bluetooth Speaker,3,75.81,5.0,36.15,216.06,108.45
ORD101410,2024-08-05,South,In-Store,Enterprise,Rep_04,Home & Kitchen,Cookware Set,5,155.56,0.0,96.32,777.8,481.6
ORD101214,2025-01-24,East,Online,Small Business,Rep_06,Electronics,Smartwatch,7,110.97,0.0,70.49,776.79,493.43
ORD100966,2025-01-12,South,Online,Enterprise,Rep_05,Apparel,Denim Jacket,4,27.08,0.0,15.4,108.32,61.6
ORD101230,2025-12-07,East,Online,Consumer,Rep_05,Apparel,Backpack,4,71.41,0.0,42.44,285.64,169.76
ORD102343,2024-02-17,North,Marketplace,Consumer,Rep_11,Beauty,Face Serum,4,70.07,0.0,41.82,280.28,167.28
ORD100695,2024-08-03,West,Online,Consumer,Rep_04,Apparel,Winter Coat,4,33.77,10.0,18.01,121.57,72.04
ORD102121,2024-02-10,South,Marketplace,Consumer,Rep_10,Sports & Outdoors,Water Bottle,4,103.33,15.0,52.66,351.32,210.64
ORD100605,2025-03-15,North,Online,Consumer,Rep_14,Beauty,Makeup Kit,2,63.75,0.0,36.29,127.5,72.58
ORD100104,2025-12-30,East,Online,Enterprise,Rep_06,Electronics,Power Bank,1,116.32,0.0,72.92,116.32,72.92
ORD100645,2024-11-11,South,Online,Consumer,Rep_10,Home & Kitchen,Coffee Maker,3,127.02,0.0,59.63,381.06,178.89
ORD101404,2025-12-14,West,Marketplace,Consumer,Rep_09,Beauty,Skincare Set,5,29.01,5.0,14.53,137.8,72.65
ORD100494,2025-10-17,East,In-Store,Consumer,Rep_03,Sports & Outdoors,Dumbbell Set,4,34.35,15.0,22.25,116.79,89.0
ORD101019,2025-10-09,East,In-Store,Consumer,Rep_03,Apparel,Running Shoes,3,16.13,0.0,10.96,48.39,32.88
ORD100091,2025-09-02,South,Online,Consumer,Rep_09,Home & Kitchen,Vacuum Cleaner,2,171.89,0.0,113.46,343.78,226.92
ORD101112,2024-08-15,North,In-Store,Consumer,Rep_02,Home & Kitchen,Cookware Set,3,155.4,5.0,75.12,442.89,225.36
ORD100908,2024-05-25, West ,Marketplace,Consumer,Rep_06,Apparel,Winter Coat,3,98.93,0.0,56.7,296.79,170.1
ORD101474,2024-11-20,East,Online,Consumer,Rep_10,Apparel,Winter Coat,2,93.27,0.0,51.22,186.54,102.44
ORD101741,2025-02-20,East,In-Store,Small Business,Rep_11,Electronics,Wireless Earbuds,3,73.67,0.0,49.91,221.01,149.73
ORD102150,2024-09-23,East,In-Store,Consumer,Rep_02,Electronics,Bluetooth Speaker,1,190.3,10.0,105.39,171.27,105.39
ORD100238,2024-09-15,South,Marketplace,Small Business,Rep_09,HOME & KITCHEN,Vacuum Cleaner,6,179.44,0.0,101.51,1076.64,609.06
ORD100942,2025-12-02,West,Online,Small Business,Rep_11,Home & Kitchen,Air Fryer,5,48.38,15.0,24.88,205.62,124.4
ORD101270,2024-08-09,North,Online,Small Business,Rep_14,Apparel,Denim Jacket,1,62.78,0.0,32.1,62.78,32.1
ORD100938,2025-10-25,East,Online,Enterprise,Rep_09,Beauty,Perfume,4,12.26,0.0,8.31,49.04,33.24
ORD101424,2025-08-17,West,Online,Consumer,Rep_08,ELECTRONICS,Power Bank,3,130.28,0.0,68.12,390.84,204.36
ORD101862,2024-11-05,West,In-Store,Small Business,Rep_03,Sports & Outdoors,Dumbbell Set,2,73.35,0.0,38.94,146.7,77.88
ORD101669,2024-11-10,West,In-Store,Small Business,Rep_08,Sports & Outdoors,Yoga Mat,4,93.74,0.0,52.25,374.96,209.0
ORD100005,2024-07-24,East,Online,Small Business,Rep_03,Apparel,Winter Coat,1,46.66,20.0,30.75,37.33,30.75
ORD100247,2025-12-01,East,Online,Consumer,Rep_05,Sports & Outdoors,Water Bottle,4,137.55,0.0,80.56,550.2,322.24
ORD100018,2025-12-06,South,In-Store,Consumer,Rep_01,Apparel,Backpack,7,39.42,0.0,25.43,275.94,178.01
ORD102169,2024-11-14,North,In-Store,Consumer,Rep_13,Beauty,Skincare Set,3,45.13,0.0,29.22,135.39,87.66
ORD101970,2025-11-28,North,Online,Consumer,Rep_06,Electronics,Bluetooth Speaker,6,26.03,20.0,14.2,124.94,85.2
ORD102232,2025-01-04,North,In-Store,Small Business,Rep_12,Apparel,Winter Coat,5,27.55,0.0,18.08,137.75,90.4
ORD102322,2025-06-03,East,Marketplace,Consumer,Rep_15,Home & Kitchen,Blender,4,148.7,0.0,100.26,594.8,401.04
ORD100811,2024-12-19,West,Marketplace,Enterprise,Rep_04,Beauty,Face Serum,4,66.13,5.0,29.77,251.29,119.08
ORD101300,2024-05-04,East,Online,Consumer,Rep_05,Beauty,Perfume,2,28.49,0.0,16.79,56.98,33.58
ORD101335,2025-07-23,North,Marketplace,Consumer,Rep_06,Beauty,Face Serum,3,30.97,5.0,20.49,88.26,61.47
ORD102596,2024-02-20,West,In-Store,Enterprise,Rep_14,Apparel,Running Shoes,3,107.63,0.0,63.91,322.89,191.73
ORD100260,2025-09-25,North,Online,Consumer,Rep_15,Sports & Outdoors,Water Bottle,3,74.79,0.0,36.88,224.37,110.64
ORD101804,2025-04-29,South,In-Store,Consumer,Rep_15,Electronics,Wireless Earbuds,2,154.31,0.0,100.15,308.62,200.3
ORD101570,2024-08-17,North,Online,Small Business,Rep_10,Electronics,Bluetooth Speaker,3,218.82,,106.41,656.46,319.23
ORD102229,2024-06-13,East,Online,Consumer,Rep_11,Electronics,Power Bank,4,53.75,0.0,31.46,215.0,125.84
ORD100184,2024-08-14,East,Marketplace,Consumer,Rep_02,Sports & Outdoors,Water Bottle,4,108.78,0.0,55.97,435.12,223.88
ORD102454,2025-02-19,West,Online,Consumer,Rep_08,Electronics,Wireless Earbuds,6,187.34,0.0,95.66,1124.04,573.96
ORD101743,2025-01-17,North,Online,Consumer,Rep_11,Apparel,Running Shoes,2,99.81,0.0,55.75,199.62,111.5
ORD101630,2025-02-24,West,Marketplace,Small Business,Rep_05,Home & Kitchen,Cookware Set,4,85.28,0.0,50.93,341.12,203.72
ORD101716,2025-01-17,North,Marketplace,Small Business,Rep_14,Beauty,Face Serum,2,83.36,5.0,56.64,158.38,113.28
ORD100520,2025-03-27,West,Online,Consumer,Rep_14,Beauty,Makeup Kit,1,74.76,0.0,49.7,74.76,49.7
ORD102428,2025-11-25,East,In-Store,Small Business,Rep_05,Sports & Outdoors,Cycling Helmet,4,140.5,5.0,65.02,533.9,260.08
ORD102016,2024-12-17,North,Online,Small Business,Rep_05,Electronics,Bluetooth Speaker,2,170.45,0.0,98.26,340.9,196.52
ORD101658,2024-11-09,South,Online,Enterprise,Rep_01,Electronics,Laptop Stand,3,179.8,5.0,108.22,512.43,324.66
ORD101612,2025-11-20,West,Online,Consumer,Rep_14,Apparel,Backpack,8,44.45,10.0,22.67,320.04,181.36
ORD102126,2025-02-22,North,In-Store,Small Business,Rep_08,Apparel,Winter Coat,2,70.62,0.0,39.84,141.24,79.68
ORD100935,2025-01-22,South,Online,,Rep_14,Beauty,Skincare Set,3,25.94,15.0,14.96,66.15,44.88
ORD100607,2025-06-13,South,Online,Consumer,Rep_10,Electronics,Laptop Stand,5,219.27,10.0,102.9,986.72,514.5
ORD100230,2024-09-28,East,Online,Consumer,Rep_04,Home & Kitchen,Air Fryer,1,94.68,0.0,47.78,94.68,47.78
ORD100331,2024-04-30,East,Online,Consumer,Rep_14,Beauty,Face Serum,1,19.91,10.0,9.4,17.92,9.4
ORD101440,2025-10-09,West,In-Store,Consumer,Rep_02,Electronics,Smartwatch,3,32.37,0.0,21.12,97.11,63.36
ORD101927,2025-01-23,North,Online,Consumer,Rep_03,Apparel,Running Shoes,4,23.86,0.0,13.44,95.44,53.76
ORD101091,2024-12-24,East,In-Store,Consumer,Rep_07,Home & Kitchen,Coffee Maker,4,112.36,0.0,71.23,449.44,284.92
ORD101101,2024-12-19,West,Online,Small Business,Rep_03,Electronics,Power Bank,3,106.32,0.0,61.2,318.96,183.6
ORD101129,2024-04-22,South,Marketplace,Small Business,Rep_14,Apparel,Yoga Pants,2,100.61,20.0,61.04,160.98,122.08
ORD100461,2024-03-16,East,Online,Enterprise,Rep_13,APPAREL,Backpack,1,106.7,15.0,58.52,90.7,58.52
ORD100958,2024-06-20,South,Online,Consumer,Rep_13,Electronics,Laptop Stand,3,39.61,10.0,21.47,106.95,64.41
ORD101662,2024-05-31,West,Online,Small Business,Rep_08,Sports & Outdoors,Yoga Mat,3,31.15,5.0,17.56,88.78,52.68
ORD100559,2025-09-15,East,Online,Small Business,Rep_09,Beauty,Makeup Kit,6,50.54,0.0,22.86,303.24,137.16
ORD102513,2025-08-07,West,In-Store,Consumer,Rep_10,Beauty,Skincare Set,7,84.99,15.0,49.18,505.69,344.26
ORD101519,2025-11-06,West,Online,Consumer,Rep_04,Beauty,Skincare Set,6,38.79,0.0,24.89,232.74,149.34
ORD102140,2024-12-07,South,In-Store,Consumer,Rep_14,Electronics,Laptop Stand,4,68.93,0.0,41.15,275.72,164.6
ORD102595,2025-11-04,West,In-Store,Enterprise,Rep_07,Home & Kitchen,Air Fryer,8,64.9,0.0,29.97,519.2,239.76
ORD102032,2024-04-09,North,Marketplace,Enterprise,Rep_07,Beauty,Perfume,4,34.29,0.0,19.2,137.16,76.8
ORD102484,2024-08-09,North,In-Store,Consumer,Rep_15,Beauty,Face Serum,2,44.49,0.0,28.35,88.98,56.7
ORD101157,2024-03-08,South,Marketplace,Small Business,Rep_01,Apparel,Winter Coat,1,119.25,0.0,77.47,119.25,77.47
ORD102097,2025-03-01,North,Online,Enterprise,Rep_07,Electronics,Power Bank,6,117.81,0.0,65.9,706.86,395.4
ORD102541,2024-01-13,North,In-Store,Small Business,Rep_05,Apparel,Yoga Pants,5,42.89,0.0,27.81,214.45,139.05
ORD100069,2025-09-30,South,In-Store,Small Business,Rep_04,Apparel,Winter Coat,2,43.42,0.0,21.66,86.84,43.32
ORD101572,2024-10-21,South,Online,Consumer,Rep_12,Home & Kitchen,Coffee Maker,6,126.68,5.0,69.06,722.08,414.36
ORD100808,2025-11-16,North,In-Store,Consumer,Rep_01,Apparel,Backpack,8,60.13,5.0,32.8,456.99,262.4
ORD100011,2025-10-12,North,Online,Consumer,Rep_13,Electronics,Wireless Earbuds,2,195.54,0.0,93.92,391.08,187.84
ORD102025,2024-12-01,East,Online,Consumer,Rep_12,Apparel,Running Shoes,10,57.54,5.0,38.25,546.63,382.5
ORD102192,2025-05-26,North,Online,Consumer,Rep_12,Beauty,Hair Dryer,5,57.33,0.0,28.27,286.65,141.35
ORD100917,2024-05-18,South,Marketplace,Consumer,Rep_10,Apparel,Running Shoes,4,58.98,0.0,32.43,235.92,129.72
ORD101451,2025-01-30,North,Marketplace,Small Business,Rep_09,Electronics,Laptop Stand,-1,26.72,10.0,17.66,24.05,17.66
ORD100176,2024-08-19,West,In-Store,Small Business,Rep_01,SPORTS & OUTDOORS,Yoga Mat,3,42.63,0.0,21.2,127.89,63.6
ORD100994,2025-08-15, West ,Online,Consumer,Rep_11,Sports & Outdoors,Cycling Helmet,7,149.42,0.0,91.91,1045.94,643.37
ORD102488,2024-06-02,West,In-Store,Consumer,Rep_15,Sports & Outdoors,Yoga Mat,5,92.01,0.0,43.34,460.05,216.7
ORD101255,2025-04-16,South,Online,Consumer,Rep_10,Beauty,Hair Dryer,2,71.82,0.0,46.31,143.64,92.62
ORD101664,2025-07-18,East,In-Store,Consumer,Rep_02,Home & Kitchen,Vacuum Cleaner,5,164.42,0.0,98.07,822.1,490.35
ORD102191,2025-05-12,East,Online,Consumer,Rep_13,Apparel,Yoga Pants,3,99.54,0.0,59.25,298.62,177.75
ORD101749,2024-08-11,North,Online,Consumer,Rep_06,Electronics,Power Bank,2,44.86,0.0,28.33,89.72,56.66
ORD101790,2024-07-31,West,In-Store,Consumer,Rep_07,Electronics,Smartwatch,5,115.94,5.0,52.44,550.72,262.2
ORD102476,2025-07-12,West,Online,Small Business,Rep_02,Home & Kitchen,Coffee Maker,2,24.25,0.0,15.78,48.5,31.56
ORD100156,2024-08-12,West,Online,Consumer,Rep_03,Home & Kitchen,Air Fryer,2,63.53,10.0,31.15,114.35,62.3
ORD101460,2024-09-29, North ,Marketplace,Consumer,Rep_07,Home & Kitchen,Blender,1,42.17,10.0,23.92,37.95,23.92
ORD102046,2025-10-30,East,Online,Consumer,Rep_06,Electronics,Power Bank,4,49.28,5.0,24.62,187.26,98.48
ORD101850,2024-07-26,West,Online,Consumer,Rep_11,Apparel,Denim Jacket,5,68.03,0.0,44.04,340.15,220.2
ORD102509,2025-06-10,West,Online,Small Business,Rep_14,Apparel,Yoga Pants,2,107.86,0.0,63.68,215.72,127.36
ORD102303,2025-12-17,West,Marketplace,Consumer,Rep_03,Apparel,Denim Jacket,5,69.2,15.0,34.91,294.1,174.55
ORD102005,2024-07-01,North,In-Store,Consumer,Rep_13,Apparel,Winter Coat,4,36.76,0.0,19.33,147.04,77.32
ORD101185,2024-08-07,East,Marketplace,Enterprise,Rep_04,Sports & Outdoors,Dumbbell Set,6,119.42,0.0,77.86,716.52,467.16
ORD101006,2024-10-07,East,Marketplace,Consumer,Rep_12,ELECTRONICS,Smartwatch,2,146.41,15.0,66.58,248.9,133.16
ORD100560,2025-05-20,East,Online,Small Business,Rep_06,Apparel,Running Shoes,6,88.57,0.0,51.49,531.42,308.94
ORD102256,2025-09-20,West,Marketplace,Enterprise,Rep_05,Home & Kitchen,Vacuum Cleaner,4,172.44,0.0,104.48,689.76,417.92
ORD100910,2025-05-07,South,In-Store,Small Business,Rep_10,Electronics,Wireless Earbuds,4,215.35,0.0,145.25,861.4,581.0
ORD101311,2024-01-04,South,Online,Consumer,Rep_06,Apparel,Running Shoes,6,56.0,0.0,32.43,336.0,194.58
ORD102049,2024-12-17,West,In-Store,Consumer,Rep_02,Beauty,Perfume,4,61.2,5.0,41.56,232.56,166.24
ORD100269,2024-09-05,South,Online,Small Business,Rep_04,SPORTS & OUTDOORS,Yoga Mat,3,132.07,5.0,87.27,376.4,261.81
ORD101993,2024-10-26,East,Online,Enterprise,Rep_07,Sports & Outdoors,Water Bottle,4,114.34,0.0,70.67,457.36,282.68
ORD100265,2025-12-23,North,Online,Small Business,Rep_14,Home & Kitchen,Air Fryer,13,151.42,0.0,102.2,1968.46,1328.6
ORD100914,2024-07-07,South,Online,Consumer,,Sports & Outdoors,Camping Tent,1,144.29,5.0,68.87,137.08,68.87
ORD102278,2024-08-01,East,Online,Consumer,Rep_06,Sports & Outdoors,Camping Tent,4,94.17,5.0,50.34,357.85,201.36
ORD102231,2025-04-14,East,Online,Small Business,Rep_13,Beauty,Skincare Set,1,12.17,0.0,6.77,12.17,6.77
ORD102283,2025-05-29,West,In-Store,Consumer,Rep_09,Sports & Outdoors,Yoga Mat,4,60.51,0.0,28.38,242.04,113.52
ORD100873,2025-01-08,East,In-Store,Small Business,Rep_03,Apparel,Backpack,4,62.62,5.0,37.2,237.96,148.8
ORD102093,2024-03-25,West,In-Store,Consumer,Rep_07,Beauty,Hair Dryer,3,68.38,5.0,44.55,194.88,133.65
ORD102446,2024-08-20,East,Online,Small Business,Rep_14,Beauty,Hair Dryer,3,28.67,0.0,15.34,86.01,46.02
ORD100475,2025-03-02,North,Online,Consumer,Rep_09,Home & Kitchen,Blender,4,130.1,10.0,77.26,468.36,309.04
ORD101652,2024-08-16,North,Online,Consumer,Rep_13,Apparel,Denim Jacket,1,91.24,5.0,44.83,86.68,44.83
ORD101960,2024-02-16,South,Marketplace,Consumer,Rep_14,Beauty,Face Serum,4,21.64,15.0,10.07,73.58,40.28
ORD100045,2025-09-12,North,Online,Consumer,,Beauty,Face Serum,6,11.52,0.0,7.02,69.12,42.12
ORD100161,2025-03-10,East,Online,Consumer,Rep_01,Electronics,Smartwatch,7,109.75,0.0,61.07,768.25,427.49
ORD100288,2025-02-20,North,Online,Consumer,Rep_09,Electronics,Bluetooth Speaker,3,146.14,10.0,96.48,394.58,289.44
ORD101000,2024-02-13,South,In-Store,Small Business,Rep_08,Home & Kitchen,Blender,3,112.52,0.0,61.95,337.56,185.85
ORD101948,2025-11-09,East,Marketplace,Small Business,Rep_07,Apparel,Winter Coat,6,80.52,15.0,39.82,410.65,238.92
ORD100575,2025-04-24,West,In-Store,Small Business,Rep_04,Home & Kitchen,Coffee Maker,7,166.42,0.0,102.16,1164.94,715.12
ORD100850,2025-04-30,North,Online,Consumer,Rep_15,Apparel,Winter Coat,3,63.3,5.0,30.34,180.4,91.02
ORD100911,2025-07-05,West,Online,Consumer,Rep_01,Home & Kitchen,Coffee Maker,3,116.7,10.0,72.69,315.09,218.07
ORD101254,2025-01-18,South,Online,Consumer,Rep_03,Home & Kitchen,Air Fryer,5,144.24,0.0,69.26,721.2,346.3
ORD101833,2024-06-07,North,Online,Consumer,Rep_06,Home & Kitchen,Blender,5,114.86,20.0,66.81,459.44,334.05
ORD101722,2024-10-25,West,Online,Small Business,Rep_05,Beauty,Makeup Kit,2,44.82,5.0,23.07,85.16,46.14
ORD102133,2024-02-16,West,Marketplace,Enterprise,Rep_05,Beauty,Hair Dryer,1,53.31,10.0,35.53,47.98,35.53
ORD101735,2024-04-14,West,In-Store,Small Business,Rep_05,Electronics,Wireless Earbuds,4,37.28,0.0,22.2,149.12,88.8
ORD100932,2024-06-08,East,Online,Consumer,Rep_13,Home & Kitchen,Blender,4,30.07,0.0,15.54,120.28,62.16
ORD101100,2024-12-16,North,In-Store,Consumer,Rep_09,Electronics,Bluetooth Speaker,2,214.23,0.0,126.29,428.46,252.58
ORD101207,2024-10-13,East,Online,Enterprise,Rep_14,Sports & Outdoors,Water Bottle,3,105.46,20.0,66.85,253.1,200.55
ORD102295,2024-08-24,North,Online,Enterprise,Rep_04,Home & Kitchen,Air Fryer,2,177.55,10.0,94.89,319.59,189.78
ORD101843,2024-07-31,North,Online,Consumer,Rep_15,Apparel,Yoga Pants,4,117.92,15.0,66.8,400.93,267.2
ORD101848,2025-09-21,East,Online,Consumer,Rep_10,Apparel,Backpack,7,79.83,0.0,51.67,558.81,361.69
ORD102524,2024-03-08,West,Online,Consumer,Rep_13,Sports & Outdoors,Camping Tent,6,44.52,0.0,21.49,267.12,128.94
ORD101694,2024-07-17,East,Online,Consumer,Rep_03,Beauty,Hair Dryer,3,15.57,0.0,9.71,46.71,29.13
ORD100085,2024-08-22,South,Marketplace,Consumer,Rep_08,Apparel,Running Shoes,1,22.02,20.0,12.28,17.62,12.28
ORD100469,2024-05-04,East,Online,Consumer,Rep_14,Beauty,Makeup Kit,3,20.2,0.0,11.18,60.6,33.54
ORD102273,2024-01-24,East,Online,Consumer,Rep_04,Apparel,Running Shoes,2,35.56,10.0,22.95,64.01,45.9
ORD102379,2024-12-23,North,Marketplace,Consumer,Rep_03,Home & Kitchen,Air Fryer,6,60.99,10.0,39.06,329.35,234.36
ORD100233,2025-02-04,West,Online,Consumer,Rep_08,Apparel,Winter Coat,5,28.02,15.0,15.71,119.08,78.55
ORD102523,2025-04-21,South,Online,Consumer,Rep_15,Electronics,Laptop Stand,1,27.7,0.0,18.49,27.7,18.49
ORD101675,2025-02-05,North,In-Store,Consumer,Rep_13,Apparel,Yoga Pants,1,91.0,,54.68,91.0,54.68
ORD102469,2024-01-11,West,In-Store,Small Business,Rep_15,Sports & Outdoors,Dumbbell Set,3,75.64,5.0,51.04,215.57,153.12
ORD101711,2024-03-05,South,Marketplace,Consumer,Rep_05,Beauty,Skincare Set,8,56.56,0.0,34.03,452.48,272.24
ORD100182,2025-08-08,East,In-Store,Enterprise,Rep_08,Sports & Outdoors,Cycling Helmet,3,82.0,0.0,38.42,246.0,115.26
ORD100988,2024-10-24,West,Online,Consumer,Rep_01,ELECTRONICS,Laptop Stand,5,79.38,10.0,46.08,357.21,230.4
ORD101000,2024-02-13,South,In-Store,Small Business,Rep_08,Home & Kitchen,Blender,3,112.52,0.0,61.95,337.56,185.85
ORD101641,2025-05-16,West,In-Store,Small Business,Rep_12,Beauty,Makeup Kit,3,30.36,5.0,13.88,86.53,41.64
ORD101356,2024-02-09,West,Online,Small Business,Rep_15,Electronics,Wireless Earbuds,6,124.69,0.0,70.17,748.14,421.02
ORD101462,2025-06-14,East,Online,Consumer,Rep_10,Beauty,Perfume,8,27.47,0.0,14.13,219.76,113.04
ORD100049,2024-04-19,West,In-Store,Consumer,Rep_14,Electronics,Power Bank,4,64.86,0.0,35.29,259.44,141.16
ORD101258,2024-07-05,West,Online,Enterprise,Rep_15,Apparel,Backpack,5,64.38,0.0,35.22,321.9,176.1
ORD100486,2024-10-26,North,In-Store,Small Business,,Beauty,Skincare Set,4,23.74,5.0,12.51,90.21,50.04
ORD101624,2024-07-13,South,In-Store,Small Business,Rep_10,Home & Kitchen,Blender,1,142.22,0.0,88.94,142.22,88.94
ORD102545,2024-07-28,North,Marketplace,Consumer,Rep_12,Apparel,Running Shoes,4,19.93,0.0,11.29,79.72,45.16
ORD101908,2024-12-25,West,Online,Consumer,Rep_10,Apparel,Winter Coat,4,110.92,0.0,64.08,443.68,256.32
ORD100106,2025-04-11,West,In-Store,Small Business,Rep_11,Sports & Outdoors,Dumbbell Set,6,53.84,0.0,31.17,323.04,187.02
ORD100443,2024-04-16,East,Marketplace,Enterprise,Rep_08,Sports & Outdoors,Yoga Mat,5,118.03,5.0,72.83,560.64,364.15
ORD101954,2024-10-08,North,Online,Consumer,Rep_01,Beauty,Skincare Set,2,56.98,0.0,27.24,113.96,54.48
ORD100646,2025-12-08,South,Online,Enterprise,Rep_06,Home & Kitchen,Cookware Set,3,157.88,0.0,95.84,473.64,287.52
ORD101762,2024-03-28,South,Marketplace,Consumer,Rep_14,Beauty,Makeup Kit,3,86.93,15.0,55.01,221.67,165.03
ORD100726,2024-04-21,East,Online,Small Business,Rep_15,SPORTS & OUTDOORS,Camping Tent,4,47.6,0.0,23.64,190.4,94.56
ORD102238,2024-08-11,North,Online,Small Business,Rep_01,Home & Kitchen,Cookware Set,5,74.78,0.0,37.27,373.9,186.35
ORD101856,2025-11-21,West,Online,Consumer,Rep_10,Electronics,Wireless Earbuds,7,125.03,0.0,63.58,875.21,445.06
ORD102330,2025-08-01,West,Online,Consumer,Rep_08,Apparel,Winter Coat,3,27.98,0.0,18.81,83.94,56.43
ORD100029,2024-11-01,West,Marketplace,Consumer,Rep_12,Apparel,Backpack,2,48.02,0.0,24.71,96.04,49.42
ORD100169,2024-01-09,North,Online,Enterprise,Rep_03,Home & Kitchen,Cookware Set,2,175.17,0.0,86.21,350.34,172.42
ORD101001,2024-08-20,East,Marketplace,Consumer,Rep_02,Apparel,Winter Coat,1,21.03,15.0,10.3,17.88,10.3
ORD102148,2025-07-10,East,Online,Consumer,Rep_01,Home & Kitchen,Coffee Maker,6,176.03,0.0,90.39,1056.18,542.34
ORD100197,2025-01-04,South,Online,Consumer,Rep_10,Home & Kitchen,Coffee Maker,3,160.56,0.0,84.39,481.68,253.17
ORD100495,2025-10-29,East,Marketplace,Consumer,Rep_08,Home & Kitchen,Coffee Maker,4,168.59,10.0,107.7,606.92,430.8
ORD102026,2025-01-18,South,In-Store,Small Business,Rep_05,Sports & Outdoors,Water Bottle,5,142.39,0.0,92.24,711.95,461.2
ORD100647,2025-07-24,North,In-Store,Consumer,Rep_01,Electronics,Power Bank,4,53.53,5.0,27.17,203.41,108.68
ORD100044,2024-04-22,North,In-Store,Consumer,Rep_11,APPAREL,Running Shoes,6,80.01,10.0,41.86,432.05,251.16
ORD100373,2025-07-08,North,In-Store,Consumer,Rep_15,Beauty,Perfume,2,85.74,10.0,52.21,154.33,104.42
ORD100678,2024-05-01,South,Online,Consumer,Rep_01,Apparel,Backpack,4,103.37,0.0,53.81,413.48,215.24
ORD100566,2025-05-28,West,Online,Consumer,Rep_10,Home & Kitchen,Coffee Maker,8,48.87,15.0,32.01,332.32,256.08
ORD100460,2024-09-21,East,In-Store,Enterprise,Rep_07,Beauty,Hair Dryer,5,56.73,15.0,27.98,241.1,139.9
ORD101932,2024-07-06,North,Marketplace,Consumer,Rep_11,Home & Kitchen,Air Fryer,6,144.98,10.0,87.76,782.89,526.56
ORD101155,2024-07-30,West,Online,Enterprise,Rep_04,Beauty,Perfume,1,79.81,0.0,47.26,79.81,47.26
ORD100039,2025-12-30,South,In-Store,Consumer,Rep_01,Electronics,Smartwatch,8,106.97,0.0,56.07,855.76,448.56
ORD102482,2024-11-11,South,In-Store,Small Business,Rep_10,Electronics,Power Bank,7,64.35,0.0,33.47,450.45,234.29
ORD100973,2025-11-12,East,In-Store,Consumer,Rep_03,Electronics,Wireless Earbuds,8,30.45,0.0,15.18,243.6,121.44
ORD101786,2024-07-03,North,In-Store,Small Business,Rep_13,Electronics,Smartwatch,3,179.97,0.0,97.13,539.91,291.39
ORD101498,2025-07-18,North,Online,Small Business,Rep_15,Sports & Outdoors,Water Bottle,5,116.64,0.0,66.48,583.2,332.4
ORD102504,2024-06-16,East,Online,Consumer,Rep_03,Home & Kitchen,Blender,1,107.1,5.0,66.82,101.74,66.82
ORD101835,2025-11-05,West,Online,Enterprise,Rep_07,Electronics,Laptop Stand,6,202.69,20.0,94.36,972.91,566.16
ORD102308,2025-04-17,East,Marketplace,Enterprise,Rep_04,Electronics,Power Bank,2,177.47,0.0,119.02,354.94,238.04
ORD101840,2024-11-27,South,Online,Consumer,Rep_01,Electronics,Wireless Earbuds,3,212.07,0.0,135.23,636.21,405.69
ORD102083,2025-10-15,East,Online,Small Business,Rep_10,Beauty,Hair Dryer,5,82.7,0.0,39.94,413.5,199.7
ORD100827,2024-10-26,South,Marketplace,Consumer,Rep_07,Electronics,Laptop Stand,9,144.22,5.0,70.68,1233.08,636.12
ORD101935,2025-02-06,South,Online,Small Business,Rep_01,Beauty,Face Serum,1,20.59,10.0,11.17,18.53,11.17
ORD102044,2024-03-13,West,Online,Consumer,Rep_06,Apparel,Denim Jacket,3,80.72,0.0,39.23,242.16,117.69
ORD100309,2025-04-06,North,In-Store,Small Business,Rep_05,Home & Kitchen,Cookware Set,4,43.24,0.0,23.02,172.96,92.08
ORD100276,2025-01-27,North,In-Store,Small Business,Rep_04,Apparel,Winter Coat,1,15.64,5.0,8.15,14.86,8.15
ORD100636,2025-11-14,East,Marketplace,Consumer,Rep_08,Sports & Outdoors,Camping Tent,11,75.81,0.0,50.91,833.91,560.01
ORD100654,2024-06-12,South,Online,Enterprise,Rep_01,Electronics,Wireless Earbuds,2,37.19,0.0,17.39,74.38,34.78
ORD100622,2024-02-29,South,In-Store,Small Business,Rep_02,Electronics,Power Bank,6,174.03,0.0,85.36,1044.18,512.16
ORD101859,2024-05-06,East,In-Store,Consumer,Rep_11,Electronics,Smartwatch,4,167.92,,104.47,638.1,417.88
ORD100844,2025-08-08,South,In-Store,Consumer,Rep_11,Electronics,Bluetooth Speaker,6,31.14,0.0,21.07,186.84,126.42
ORD100393,2025-01-31, East ,In-Store,Consumer,Rep_02,Electronics,Bluetooth Speaker,2,159.92,10.0,87.18,287.86,174.36
ORD102155,2024-08-26,North,Online,Small Business,Rep_02,Apparel,Yoga Pants,3,21.51,0.0,11.32,64.53,33.96
ORD100349,2024-02-01,South,In-Store,Small Business,Rep_01,Electronics,Smartwatch,2,177.65,0.0,113.58,355.3,227.16
ORD102572,2025-01-16,North,Online,Small Business,Rep_05,Sports & Outdoors,Water Bottle,5,58.58,10.0,27.09,263.61,135.45
ORD100784,2025-11-01,East,Online,Consumer,Rep_03,Home & Kitchen,Vacuum Cleaner,6,145.12,0.0,84.46,870.72,506.76
ORD100047,2025-12-25,North,In-Store,Consumer,Rep_13,Apparel,Backpack,7,79.13,5.0,45.08,526.21,315.56
ORD101978,2025-12-05,East,Online,Enterprise,Rep_02,Electronics,Power Bank,4,132.01,5.0,74.66,501.64,298.64
ORD102251,2025-01-08,North,Online,Consumer,Rep_04,Home & Kitchen,Blender,6,48.88,0.0,27.58,293.28,165.48
ORD101655,2025-02-12,West,In-Store,Consumer,Rep_10,Electronics,Smartwatch,4,71.49,5.0,39.16,271.66,156.64
ORD102069,2024-05-23,North,Online,Enterprise,Rep_08,Beauty,Makeup Kit,3,85.03,10.0,52.09,229.58,156.27
ORD100402,2024-03-15,North,In-Store,Enterprise,Rep_07,Sports & Outdoors,Yoga Mat,7,124.76,5.0,81.56,829.65,570.92
ORD101107,2025-11-12,West,Online,Consumer,Rep_04,Beauty,Hair Dryer,3,77.68,0.0,43.65,233.04,130.95
ORD101154,2025-11-28,East,In-Store,Consumer,Rep_10,Beauty,Perfume,5,26.71,0.0,13.5,133.55,67.5
ORD101439,2025-05-08,East,Online,Small Business,Rep_13,Electronics,Power Bank,1,185.91,0.0,96.13,185.91,96.13
ORD101236,2024-10-01,North,In-Store,Consumer,Rep_11,Home & Kitchen,Cookware Set,7,106.26,10.0,65.45,669.44,458.15
ORD102001,2025-03-24,West,Online,Small Business,Rep_04,Beauty,Skincare Set,4,74.75,20.0,41.15,239.2,164.6
ORD100989,2025-01-07,South,Online,Consumer,Rep_05,Sports & Outdoors,Dumbbell Set,2,50.44,5.0,32.27,95.84,64.54
ORD101865,2024-02-04,North,In-Store,Consumer,Rep_10,Beauty,Skincare Set,1,49.21,0.0,31.85,49.21,31.85
ORD101310,2025-02-20,East,Online,Small Business,Rep_05,Beauty,Hair Dryer,1,85.81,0.0,54.97,85.81,54.97
ORD100033,2024-06-18,South,In-Store,Small Business,Rep_13,Home & Kitchen,Vacuum Cleaner,3,165.53,15.0,98.51,422.1,295.53
ORD100787,2024-03-20,West,Online,Consumer,Rep_15,Electronics,Bluetooth Speaker,5,218.61,0.0,142.17,1093.05,710.85
ORD101043,2024-08-14,East,Online,,Rep_12,Sports & Outdoors,Dumbbell Set,2,40.7,0.0,24.29,81.4,48.58
ORD100481,2025-05-17,West,Online,Small Business,Rep_15,Apparel,Yoga Pants,3,31.48,15.0,16.49,80.27,49.47
ORD101243,2024-02-04,South,In-Store,Consumer,Rep_12,Electronics,Wireless Earbuds,1,182.44,0.0,117.21,182.44,117.21
ORD102627,2024-10-26,East,In-Store,Consumer,Rep_03,Beauty,Hair Dryer,4,64.11,0.0,30.72,256.44,122.88
ORD102529,2025-04-07,West,Online,Consumer,Rep_07,Sports & Outdoors,Camping Tent,4,63.73,0.0,36.85,254.92,147.4
ORD100931,2024-12-24,South,Online,Consumer,Rep_12,Beauty,Makeup Kit,2,85.86,0.0,47.11,171.72,94.22
ORD102404,2025-12-09,North,Online,Small Business,Rep_08,Electronics,Laptop Stand,9,183.19,0.0,97.8,1648.71,880.2
ORD101685,2024-01-28,North,Online,Small Business,Rep_08,Beauty,Perfume,3,53.32,0.0,24.67,159.96,74.01
ORD101248,2025-02-04,South,In-Store,Small Business,Rep_09,Electronics,Bluetooth Speaker,7,212.58,20.0,134.04,1190.45,938.28
ORD100759,2024-09-12,East,Marketplace,Consumer,Rep_12,Apparel,Winter Coat,1,80.64,10.0,51.65,72.58,51.65
ORD100092,2025-07-15,West,Online,Consumer,Rep_06,Apparel,Running Shoes,4,60.41,0.0,41.0,241.64,164.0
ORD101175,2025-08-13,North,Online,Consumer,Rep_05,Sports & Outdoors,Yoga Mat,1,120.68,10.0,73.53,108.61,73.53
ORD101415,2025-02-25,East,Online,Consumer,Rep_09,Home & Kitchen,Cookware Set,3,44.32,5.0,28.03,126.31,84.09
ORD101341,2024-09-10,South,In-Store,Consumer,Rep_13,Sports & Outdoors,Water Bottle,1,32.59,0.0,15.27,32.59,15.27
ORD101472,2025-01-22,East,Marketplace,Consumer,Rep_01,Beauty,Perfume,5,76.35,0.0,44.58,381.75,222.9
ORD102327,2024-05-13,South,Online,Consumer,Rep_14,Electronics,Bluetooth Speaker,2,60.39,10.0,36.26,108.7,72.52
ORD101607,2025-11-23,North,Online,Consumer,Rep_04,Electronics,Power Bank,2,67.56,0.0,36.34,135.12,72.68
ORD100764,2024-10-08,South,In-Store,Consumer,Rep_08,Electronics,Laptop Stand,2,116.05,0.0,61.66,232.1,123.32
ORD100112,2025-11-15,East,Online,Small Business,Rep_11,Home & Kitchen,Cookware Set,7,155.84,0.0,100.94,1090.88,706.58
ORD101373,2024-08-25,West,Online,Consumer,Rep_15,Electronics,Bluetooth Speaker,1,103.28,0.0,66.92,103.28,66.92
ORD101951,2025-07-17,East,In-Store,Small Business,Rep_11,Apparel,Running Shoes,5,37.59,0.0,17.24,187.95,86.2
ORD102448,2024-03-20,West,In-Store,Consumer,Rep_08,Home & Kitchen,Air Fryer,5,168.05,5.0,100.1,798.24,500.5
ORD101728,2024-07-29,West,Online,Consumer,Rep_15,Home & Kitchen,Blender,7,109.41,0.0,56.32,765.87,394.24
ORD100257,2024-10-03,West,Marketplace,Consumer,Rep_05,Electronics,Bluetooth Speaker,6,114.32,0.0,52.63,685.92,315.78
ORD100944,2024-09-26,East,In-Store,Consumer,Rep_05,Apparel,Denim Jacket,3,50.73,20.0,25.44,121.75,76.32
ORD101219,2025-04-29,South,Online,Small Business,Rep_14,Home & Kitchen,Blender,8,66.52,0.0,41.86,532.16,334.88
ORD101161,2024-04-13,North,Online,Consumer,Rep_08,Home & Kitchen,Cookware Set,1,134.34,10.0,70.62,120.91,70.62
ORD102542,2025-09-26,West,Online,Consumer,Rep_12,Home & Kitchen,Cookware Set,4,23.84,0.0,12.15,95.36,48.6
ORD100772,2025-08-06,East,In-Store,Small Business,Rep_08,Electronics,Smartwatch,1,213.43,0.0,124.2,213.43,124.2
ORD102598,2024-10-21,East,Online,Consumer,Rep_07,Apparel,Winter Coat,2,109.03,0.0,67.69,218.06,135.38
ORD101486,2024-09-25, West ,Online,Small Business,Rep_15,Home & Kitchen,Cookware Set,1,70.16,5.0,40.09,66.65,40.09
ORD102249,2024-03-22,North,Marketplace,Consumer,Rep_12,Sports & Outdoors,Water Bottle,6,13.65,0.0,9.28,81.9,55.68
ORD100312,2025-03-07,East,Online,Small Business,Rep_03,Apparel,Yoga Pants,2,88.15,0.0,48.9,176.3,97.8
ORD100290,2024-12-23,North,Online,Consumer,Rep_15,Apparel,Denim Jacket,4,84.61,0.0,42.65,338.44,170.6
ORD100763,2025-04-22,North,Marketplace,Consumer,Rep_07,BEAUTY,Skincare Set,6,72.14,0.0,35.88,432.84,215.28
ORD100183,2025-05-09,North,Online,Consumer,Rep_13,Beauty,Face Serum,2,61.83,15.0,38.65,105.11,77.3
ORD101176,2024-04-16,West,Online,Consumer,Rep_07,Electronics,Laptop Stand,2,163.65,10.0,75.95,294.57,151.9
ORD101349,2024-03-30,West,Online,Small Business,Rep_06,Sports & Outdoors,Camping Tent,6,65.8,10.0,34.38,355.32,206.28
ORD102298,2024-05-30,West,Online,Small Business,Rep_06,Apparel,Backpack,6,34.21,0.0,21.75,205.26,130.5
ORD101099,2025-11-10, North ,Online,Consumer,Rep_06,Sports & Outdoors,Camping Tent,7,86.36,0.0,52.51,604.52,367.57
ORD100391,2025-02-10,South,In-Store,Small Business,Rep_13,Electronics,Power Bank,3,188.64,0.0,101.78,565.92,305.34
ORD101919,2024-02-03,South,Online,Consumer,Rep_08,Sports & Outdoors,Yoga Mat,2,107.31,10.0,51.62,193.16,103.24
ORD101456,2025-08-30,North,In-Store,Enterprise,Rep_08,APPAREL,Denim Jacket,4,72.48,10.0,35.61,260.93,142.44
ORD101092,2024-03-16,West,In-Store,Consumer,Rep_11,Apparel,Denim Jacket,4,86.36,0.0,49.14,345.44,196.56
ORD102022,2024-09-29,South,In-Store,Small Business,Rep_01,Electronics,Smartwatch,4,209.53,5.0,109.98,796.21,439.92
ORD100904,2025-05-02,North,In-Store,Consumer,Rep_11,Apparel,Winter Coat,3,51.68,0.0,28.3,155.04,84.9
ORD102602,2025-09-12,South,Online,Consumer,Rep_03,Apparel,Yoga Pants,7,57.42,0.0,39.02,401.94,273.14
ORD100366,2025-04-28,East,Online,Small Business,Rep_11,Apparel,Denim Jacket,7,103.06,5.0,65.45,685.35,458.15
ORD100345,2025-07-21,West,Online,Consumer,Rep_01,Sports & Outdoors,Camping Tent,5,66.34,0.0,33.88,331.7,169.4
ORD102583,2024-10-06,South,Online,Enterprise,Rep_15,Home & Kitchen,Vacuum Cleaner,2,38.39,0.0,22.16,76.78,44.32
ORD101372,2024-10-05,West,Online,Consumer,Rep_12,Home & Kitchen,Blender,3,85.08,0.0,55.01,255.24,165.03
ORD101639,2024-02-10,South,Online,Consumer,Rep_15,Electronics,Bluetooth Speaker,2,88.78,0.0,47.74,177.56,95.48
ORD100919,2025-11-13,South,Online,Small Business,Rep_15,Sports & Outdoors,Dumbbell Set,8,24.41,0.0,13.2,195.28,105.6
ORD100211,2024-08-13, South ,Online,Consumer,Rep_04,Apparel,Denim Jacket,4,52.79,0.0,24.4,211.16,97.6
ORD101603,2025-12-17,North,In-Store,Consumer,Rep_05,APPAREL,Denim Jacket,4,42.94,0.0,19.35,171.76,77.4
ORD102550,2025-12-29,North,In-Store,Consumer,Rep_06,Electronics,Laptop Stand,6,69.78,0.0,35.58,418.68,213.48
ORD100537,2024-12-30,West,Marketplace,Small Business,Rep_12,Electronics,Power Bank,6,56.63,5.0,33.26,322.79,199.56
ORD101220,2025-10-18,East,In-Store,Consumer,Rep_11,Electronics,Power Bank,3,130.78,0.0,74.84,392.34,224.52
ORD100175,2024-10-04,East,Online,Consumer,Rep_08,Apparel,Backpack,3,61.4,5.0,33.96,174.99,101.88
